model_row,model_name,created_date,model_sha,theta_star,initial_prediction_mean,initial_prediction_mean_error,initial_mae_z,initial_kl_z,initial_brier_z,mae_percentile,kl_percentile,is_selected,selection_order
0,bamec66557__MISCHIEVOUS-12B-Mix_Neo,2024-12-19 21:44:00+00:00,bb49b37a5eba77175206ac9eb261fc4e36493d21,0.4292,0.39171294053918315,-0.037487059460816874,0.24842125048395333,0.5808372047809532,0.1693313040998938,0.28177295341474445,0.2749886928991407,False,
1,bamec66557__MISCHIEVOUS-12B-Mix_0.6v,2024-12-19 23:46:09+00:00,bc7df3f05420024dcd072ddfd5cc77fe20e756c5,0.4488,0.39171294053918315,-0.057087059460816825,0.23716435459593654,0.5303240305249616,0.15807440821187738,0.20759837177747625,0.20081411126187246,False,
2,bamec66557__MISCHIEVOUS-12B,2024-12-19 23:49:46+00:00,d9529514a3b32ba0665d3edd710e72401c5306e7,0.4424,0.39171294053918315,-0.05068705946081686,0.24162218430967372,0.5370064618405589,0.1625322379256147,0.23383084577114427,0.21393034825870647,False,
3,zelk12__MT4-Gen4-gemma-2-9B,2024-12-20 00:16:02+00:00,009ff2d97960a87acbf3462576f8710c6250c788,0.4936,0.39171294053918315,-0.10188705946081683,0.2269246726734446,0.479052299950606,0.14783472628938601,0.13297150610583447,0.10583446404341927,False,
4,CultriX__Qwen2.5-14B-Emerged,2024-12-20 00:16:34+00:00,b7b63d6d62e4675a6a76ae7e506a1becd82f6de3,0.542,0.39171294053918315,-0.15028705946081689,0.3180669863466522,0.8783338079077112,0.23897703996259284,0.6698326549072817,0.6259611035730439,False,
5,CultriX__Qwen2.5-14B-Wernickev3,2024-12-20 00:20:52+00:00,7d1a9cc639c3be5874479657a900bcc3e9d4dbe9,0.5386,0.39171294053918315,-0.14688705946081682,0.31806838268893156,0.8821712348021356,0.2389784363048721,0.6702849389416553,0.6318407960199005,False,
6,mergekit-community__mergekit-della-zgowfmf,2024-12-20 00:21:40+00:00,1ba953a1220180859c9e606560e0d3cb51a920f2,0.5572,0.39171294053918315,-0.16548705946081688,0.30949089052111356,0.8498470196195725,0.23040094413705398,0.6119402985074627,0.5811849841700588,False,
7,mergekit-community__VirtuosoSmall-InstructModelStock,2024-12-20 00:24:22+00:00,25b87135b016d10b9f718fb1aac6e864e7efd838,0.5526,0.39171294053918315,-0.16088705946081683,0.3078146219571162,0.8434895231878383,0.2287246755730569,0.5983717774762551,0.572139303482587,False,
8,maldv__Qwentile2.5-32B-Instruct,2024-12-20 01:25:45+00:00,b6cf788782edc5a496d1edc079e71631f20a46ef,0.6046,0.39171294053918315,-0.21288705946081687,0.32201672398369297,0.9214028608950577,0.24292677759963402,0.6910900045228403,0.6906377204884667,False,
9,sakaltcommunity__novablast-preview,2024-12-20 02:47:35+00:00,1c6b8db24d255fd431098dc57149c2e5390e2c28,0.5968,0.39171294053918315,-0.20508705946081685,0.33055450201878706,0.9835955236386801,0.25146455563472797,0.7376752600633197,0.74400723654455,False,
10,Sakalti__Oxyge1-33B,2024-12-20 02:48:41+00:00,6c20ab557b05789b0e025779f555094c4d3c54c2,0.596,0.39171294053918315,-0.20428705946081682,0.330253157693733,0.9832121495119509,0.25116321130967406,0.736318407960199,0.7435549525101763,False,
11,PJMixers-Dev__LLaMa-3.1-RomboTiesTest-8B,2024-12-20 03:32:26+00:00,4936b59b93beb126b8bd880cbc818c31d60e1ede,0.4486,0.39171294053918315,-0.05688705946081685,0.24330519912706472,0.5553710525354013,0.1642152527430062,0.24559023066485752,0.2397105382180009,False,
12,Sakalti__Saba-Passthrough-2,2024-12-20 04:02:20+00:00,67749016e8b2f0c9cc775255a066bbbf703b9e44,0.2896,0.39171294053918315,0.10211294053918313,0.32497544136850987,0.9722263876346234,0.24588549498445164,0.707824513794663,0.7322478516508367,False,
13,netcat420__MFANN-SFT,2024-12-20 04:20:02+00:00,998d158422e627707c6c8ca28e24ed4696b4b459,0.3988,0.39171294053918315,-0.007087059460816836,0.24611311816075654,0.581397812887862,0.16702317177669723,0.26549072817729535,0.27634554500226144,False,
14,bfuzzy1__Gunny,2024-12-20 04:49:51+00:00,83de66e20ea2b7e1e954df6b18fd9dce2c6ee41f,0.398,0.39171294053918315,-0.006287059460816868,0.28791877019418655,0.7521710071201583,0.20882882381012627,0.48213478064224335,0.459520578923564,False,
15,mergekit-community__mergekit-model_stock-azgztvm,2024-12-20 05:33:05+00:00,d763ce24297830b6ee01f58eb4bbc56ee916aba2,0.5478,0.39171294053918315,-0.1560870594608168,0.30125571975368054,0.8198616158434985,0.22216577336962137,0.5513342379014021,0.5450022614201718,False,
16,INSAIT-Institute__BgGPT-Gemma-2-27B-IT-v1.0,2024-12-20 05:57:01+00:00,b7f5686b2761357fb1c13c6c26875e9ffb1221c6,0.238,0.39171294053918315,0.15371294053918316,0.36148227222266643,1.1661066108360731,0.28239232583860796,0.9009497964721845,0.9271822704658526,False,
17,CarrotAI__Llama-3.2-Rabbit-Ko-3B-Instruct,2024-12-20 07:08:54+00:00,507766bf6a929363ad622b0a8e165156f123adb9,0.3666,0.39171294053918315,0.02511294053918317,0.26043888937690124,0.6324293958867117,0.18134894299284166,0.3378561736770692,0.32926277702397105,False,
18,T145__KRONOS-8B-V5,2024-12-20 07:10:45+00:00,c4bde0684e3afae756b97abc552076f3dec58d99,0.434,0.39171294053918315,-0.042287059460816845,0.23411396637843312,0.5392129451040403,0.1550240199943741,0.1863410221619177,0.21800090456806875,False,
19,bunnycore__FuseCyberMix-Qwen-2.5-7B-Instruct,2024-12-20 09:17:50+00:00,4a7e6a718e9b3c217e8de1f6a5cedbf60d0c5c62,0.4372,0.39171294053918315,-0.045487059460816825,0.24971693497991979,0.5869118074910264,0.17062698859586126,0.28900949796472186,0.28222523744911804,False,
20,bamec66557__mergekit-model_stock-zdaysvi,2024-12-20 10:34:06+00:00,36129b76d9b5649efb021f0721bcfa8bb9ec11b2,0.4298,0.39171294053918315,-0.03808705946081686,0.2524883167740261,0.5909418426497848,0.1733983703899669,0.3007688828584351,0.2881049298959747,False,
21,bamec66557__VICIOUS_MESH-12B-ALPHA,2024-12-20 10:38:37+00:00,f3e6b59f1e5020b9a2b30211fc3320e2871081d1,0.4312,0.39171294053918315,-0.039487059460816876,0.24964428338261263,0.5821484035266591,0.17055433699855307,0.2881049298959747,0.27860696517412936,False,
22,CohereForAI__c4ai-command-r7b-12-2024,2024-12-20 13:37:11+00:00,92625096a1930c0bbd108db993c54e5612efae54,0.4838,0.39171294053918315,-0.09208705946081686,0.26730583020465426,0.6740850655042758,0.18821588382059543,0.3627317955676165,0.36906377204884666,False,
23,bamec66557__VICIOUS_MESH-12B-BETA,2024-12-20 14:06:12+00:00,9c00cdc54fbd18d6750f05e2c399a0a7e617dec7,0.4394,0.39171294053918315,-0.04768705946081686,0.24959552174513605,0.583539331888285,0.17050557536107683,0.2876526458616011,0.2799638172772501,False,
24,DreadPoor__Asymmetric_Linearity-8B-Model_Stock,2024-12-20 14:48:43+00:00,8f4ef7f7f7b7a36bcbc9248c51197782b0f78b54,0.4654,0.39171294053918315,-0.07368705946081683,0.22455202803915011,0.4828173024103629,0.1454620816550916,0.11714156490275893,0.12075983717774763,False,
25,Orion-zhen__phi-4-abliterated,2024-12-20 14:55:58+00:00,f70d4a9331942b1097d7f4f6bec2253eba1db343,0.5342,0.39171294053918315,-0.14248705946081686,0.32022529929815097,0.893931901815504,0.24113535291409158,0.6802351876978743,0.6585255540479421,False,
26,bamec66557__VICIOUS_MESH-12B-GAMMA,2024-12-20 16:52:34+00:00,c32ef4f3a31b8343563b82ef57f58da4cb20d298,0.4394,0.39171294053918315,-0.04768705946081686,0.24943768347980036,0.5813260544032612,0.1703477370957413,0.28493894165535955,0.27589326096788785,False,
27,EpistemeAI__Polypsyche-Llama-3.1-8B-Instruct-Agent-0.003-128K-code-ds-auto-Logic,2024-12-20 17:45:00+00:00,554c4341c550d7239ee538db663d330c31f5bdf3,0.3926,0.39171294053918315,-0.0008870594608168525,0.2507310317624206,0.5818831351593,0.1716410853783618,0.2939846223428313,0.2781546811397558,False,
28,EpistemeAI__Polypsyche-Llama-3.1-8B-Instruct-Agent-0.003-128K-code-ds-auto-divergent,2024-12-20 17:48:25+00:00,11ce78b8cd67a2ffde3856956024510392c9ce2f,0.387,0.39171294053918315,0.004712940539183141,0.25632767171337034,0.6086736692186294,0.17723772532931154,0.3197648123021257,0.3066485753052917,False,
29,zelk12__MT5-Gen4-gemma-2-9B,2024-12-20 18:47:39+00:00,cc40ee9e7bee4c531dd676ca95e77f804bad667f,0.5156,0.39171294053918315,-0.1238870594608168,0.24651818579506904,0.5586312302724553,0.1674282394110104,0.2704658525554048,0.2433288104929896,False,
30,T145__KRONOS-8B-V6,2024-12-20 21:47:00+00:00,f428d610df33b858b4e0a5c54b956429036b0296,0.42,0.39171294053918315,-0.028287059460816832,0.22470915797415558,0.48240616320953594,0.14561921159009647,0.1184984170058797,0.11940298507462686,False,
31,win10__Qwen2.5-2B-Instruct,2024-12-20 23:57:49+00:00,c4ec8696a5b9bae21add3d854d50c24bf4a42be6,0.3002,0.39171294053918315,0.09151294053918313,0.2966010853946211,0.8240928768984844,0.2175111390105616,0.52962460425147,0.5490728177295342,False,
32,MultivexAI__Gladiator-Mini-Exp-1221-3B-Instruct,2024-12-21 00:01:44+00:00,c2c8fa03fd21cf9454733951d2e743524aa15ff3,0.371,0.39171294053918315,0.020712940539183156,0.2911707876872254,0.7757317952003345,0.212080841303166,0.4993215739484396,0.4929895974672094,False,
33,CombinHorizon__zetasepic-abliteratedV2-Qwen2.5-32B-Inst-BaseMerge-TIES,2024-12-21 01:37:16+00:00,6b65fb9f3469660c20369d58af72f841dabfc42f,0.5454,0.39171294053918315,-0.15368705946081684,0.27494487691321096,0.6859599708258761,0.19585493052915226,0.399366802351877,0.38037087290818633,False,
34,sometimesanotion__Qwenvergence-14B-v3-Prose,2024-12-21 04:28:29+00:00,e87fce4e7a78cd7da9a1325c00a5850845d078f6,0.562,0.39171294053918315,-0.1702870594608169,0.3101690722897168,0.8485950840934325,0.2310791259056578,0.6200814111261872,0.5789235639981909,False,
35,PJMixers-Dev__LLaMa-3.1-RomboTiesTest2-8B,2024-12-21 06:01:31+00:00,826d443548a2af242d8261707beb51e5f01fff73,0.4486,0.39171294053918315,-0.05688705946081685,0.24330519912706472,0.5553710525354013,0.1642152527430062,0.24559023066485752,0.2397105382180009,False,
36,FuseAI__FuseChat-Qwen-2.5-7B-Instruct,2024-12-21 06:51:04+00:00,b24b1af51f6ab27a10615e45ea4076b2678038ed,0.4362,0.39171294053918315,-0.044487059460816825,0.2501936691918951,0.5936340796156302,0.17110372280783676,0.29172320217096337,0.29172320217096337,False,
37,sometimesanotion__Qwenvergence-14B-v3-Reason,2024-12-21 06:54:08+00:00,5444894e596d933418fbe545cf2bb0e71409e9b0,0.5608,0.39171294053918315,-0.1690870594608168,0.30727415663587604,0.83074950340259,0.2281842102518162,0.5911352329262777,0.5567616463138851,False,
38,sometimesanotion__Qwenvergence-14B-v3,2024-12-21 06:57:26+00:00,404b9d3422cd4ffc7744528b37a9e8c47eae01e1,0.5618,0.39171294053918315,-0.17008705946081681,0.3121612019260427,0.8556556901892022,0.23307125554198352,0.6322930800542741,0.5906829488919041,False,
39,NyxKrage__Microsoft_Phi-4,2024-12-21 08:09:00+00:00,cc7a03fe93a23a51e5aeefaf8882e93d226acd34,0.5298,0.39171294053918315,-0.1380870594608169,0.31309017352335844,0.8559392548514566,0.23400022713929952,0.6390773405698779,0.5920398009950248,False,
40,Sakalti__Phi3.5-Comets-3.8B,2024-12-21 09:18:25+00:00,8f0761972103e403433a76099fe29aacbfc47849,0.2698,0.39171294053918315,0.12191294053918317,0.3475562389670001,1.0958506030340105,0.26846629258294286,0.8163726820443238,0.8245137946630484,False,
41,bamec66557__mergekit-ties-sinbkow,2024-12-21 11:52:42+00:00,5757289030693882d5de19bcf7186ad955c088bd,0.4276,0.39171294053918315,-0.03588705946081683,0.25014660796715593,0.5884285755964809,0.17105666158309638,0.2908186341022162,0.2840343735866124,False,
42,PJMixers-Dev__Qwen2.5-RomboTiesTest-7B,2024-12-21 12:29:06+00:00,eaeddc756cede80b7ccd3685d3f462fa4e277882,0.4358,0.39171294053918315,-0.04408705946081687,0.2568185854197464,0.6183221049114249,0.17772863903568759,0.3242876526458616,0.31659882406151063,False,
43,DreadPoor__Casuar-9B-Model_Stock,2024-12-21 13:44:20+00:00,b80e7659caf445ae47432347f8e96e7e30022269,0.4884,0.39171294053918315,-0.09668705946081685,0.2236369796222442,0.46722431215397464,0.1445470332381858,0.10900045228403438,0.06693803708729082,False,
44,T145__ZEUS-8B-V9,2024-12-21 14:48:25+00:00,b58a4bd5b7aa3fddca0e1de430420203e184d8bc,0.4398,0.39171294053918315,-0.04808705946081687,0.23318840451268538,0.5303804022301989,0.15409845812862694,0.1786521935775667,0.20126639529624604,False,
45,MultivexAI__Gladiator-Mini-Exp-1221-3B-Instruct-V2,2024-12-21 15:33:34+00:00,1e1ddf8235908ef575edd7371cddd50ac5e20a64,0.3728,0.39171294053918315,0.018912940539183132,0.2923268617166719,0.7794248938151395,0.21323691533261194,0.5052012663952963,0.49886928991406604,False,
46,bamec66557__VICIOUS_MESH-12B-DELTA,2024-12-21 15:38:03+00:00,d46fc816c334f0c59bc2cfc3671caaf2e76c7593,0.4306,0.39171294053918315,-0.03888705946081683,0.2567503415697375,0.6135197319024078,0.17766039518567805,0.32383536861148804,0.3111714156490276,False,
47,NCSOFT__Llama-VARCO-8B-Instruct,2024-12-21 17:40:42+00:00,a869fb66259cad803bf9b29208aa533a3aecec22,0.4124,0.39171294053918315,-0.020687059460816837,0.2317961653687305,0.5061877084481491,0.15270621898467163,0.16824966078697423,0.15965626413387607,False,
48,bamec66557__VICIOUS_MESH-12B-EPSILON,2024-12-21 17:55:34+00:00,fe3d5ce149cf6c9651fe9261c11538efad3f0ba0,0.4262,0.39171294053918315,-0.03448705946081687,0.25358325050262925,0.6006251662981349,0.1744933041185699,0.30574400723654455,0.3012211668928087,False,
49,bamec66557__VICIOUS_MESH-12B-DIGAMMA,2024-12-21 18:20:41+00:00,eff1c62ae4c8a5f470a11ab3caeb3e2b5ac1be65,0.43,0.39171294053918315,-0.03828705946081684,0.2520362999672867,0.594496765123243,0.17294635358322746,0.29760289461781997,0.2944369063772049,False,
50,sometimesanotion__Qwentinuum-14B-v1,2024-12-21 18:45:13+00:00,a639b79cd9e20d05dcaed88c8cced21b6dbd0fc0,0.5578,0.39171294053918315,-0.1660870594608168,0.30775236795179456,0.8420544674216047,0.22866242156773514,0.5974672094075079,0.5703301673450927,False,
51,zelk12__MT-Merge4-gemma-2-9B,2024-12-21 19:08:09+00:00,b3bd8c50758c6b7458c2168c9db808185020539e,0.5128,0.39171294053918315,-0.12108705946081688,0.24507596218821914,0.5551507337816063,0.16598601580416056,0.2573496155585708,0.2392582541836273,False,
52,bamec66557__VICIOUS_MESH-12B-UNION,2024-12-22 01:37:35+00:00,de8feec31f0b0fe50a86e27cb45b807d7185c0d6,0.4338,0.39171294053918315,-0.04208705946081687,0.2501936610374602,0.5911085040071193,0.17110371465340088,0.2912709181365898,0.2885572139303483,False,
53,fluently-sets__reasoning-1-1k-demo,2024-12-22 02:02:29+00:00,fe5f9f0b8d3322e009c4f611d4ff111ad834d772,0.5116,0.39171294053918315,-0.1198870594608169,0.24953641548670671,0.571806450985926,0.17044646910264827,0.2862957937584803,0.2645861601085482,False,
54,CultriX__Qwen2.5-14B-Unity,2024-12-22 02:13:13+00:00,a60805008e4519e7cecef1e5ef97533a4b2f577b,0.508,0.39171294053918315,-0.11628705946081686,0.293967890116562,0.794646237837587,0.2148779437325034,0.5169606512890095,0.5165083672546359,False,
55,CultriX__Qwen2.5-14B-Emergedv3,2024-12-22 02:13:25+00:00,08f161f6f46e65aeaff41ccfed54ccf62e342622,0.5228,0.39171294053918315,-0.1310870594608169,0.3049327358099587,0.8379419083559864,0.2258427894258993,0.572139303482587,0.5658073270013568,False,
56,sometimesanotion__Qwentinuum-14B-v2,2024-12-22 02:16:47+00:00,959fdd281bc5b452b55f1e635d1ed4d52d34db0e,0.5584,0.39171294053918315,-0.16668705946081686,0.3039254044886861,0.8226864167306909,0.22483545810462743,0.5658073270013568,0.5468113975576662,False,
57,sometimesanotion__Qwentinuum-14B-v3,2024-12-22 03:22:32+00:00,1fb367a114abebc075afe1d6fe71710d58e3f944,0.5654,0.39171294053918315,-0.17368705946081686,0.3180743936338423,0.8787133693171106,0.23898444724978357,0.670737222976029,0.6268656716417911,False,
58,bamec66557__VICIOUS_MESH-12B-NEMO,2024-12-22 04:34:22+00:00,5f0f77e667e5357b6cec0777e52b241ff3d27d50,0.4472,0.39171294053918315,-0.055487059460816834,0.24121232601521428,0.5418408585879467,0.1621223796311554,0.23156942559927635,0.22161917684305743,False,
59,mosama__Qwen2.5-1.5B-Instruct-CoT-Reflection,2024-12-22 06:29:07+00:00,905ddf7ccb1362c5d1d2b7542bd48bee25c57bb1,0.3212,0.39171294053918315,0.07051294053918317,0.29438549406866643,0.8036386094712505,0.21529554768460643,0.5192220714608774,0.5264586160108549,False,
60,bamec66557__VICIOUS_MESH-12B-OMEGA,2024-12-22 08:46:26+00:00,38eef3b194be850d99501998d145085bf5c10097,0.4406,0.39171294053918315,-0.04888705946081684,0.2495246636496549,0.5839309620140275,0.17043471726559567,0.2858435097241067,0.2804161013116237,False,
61,djuna__Q2.5-Veltha-14B,2024-12-22 09:10:38+00:00,851b927508dcdda04af078eda876a6f9c73c7971,0.5566,0.39171294053918315,-0.16488705946081683,0.30295057091379435,0.809241356187273,0.22386062452973546,0.5617367706919946,0.5332428765264586,False,
62,bunnycore__FuseQwQen-7B,2024-12-22 09:18:40+00:00,edf1b0715d43e158144e6e253c0d3ab819de7203,0.4596,0.39171294053918315,-0.06788705946081686,0.2607262450776451,0.641804208705764,0.18163629869358663,0.3405698778833107,0.3383084577114428,False,
63,sometimesanotion__Qwentinuum-14B-v5,2024-12-22 09:21:38+00:00,fe05b438355d226ca51647c02042ee8cd93d4f64,0.5658,0.39171294053918315,-0.17408705946081682,0.31288386329146384,0.8608818347001841,0.2337939169074049,0.6368159203980099,0.5997286295793759,False,
64,OpenBuddy__openbuddy-qwq-32b-v24.1-200k,2024-12-22 10:23:59+00:00,0e483789c3e07b8c02248ccae6dc3623c0fd5e07,0.581,0.39171294053918315,-0.1892870594608168,0.300295804682604,0.8153708482939674,0.22120585829854517,0.545906829488919,0.5391225689733152,False,
65,Sakalti__Sailor-japanese,2024-12-22 12:45:39+00:00,f794c32b4d058f6f6cfbca8ea0f47736aa6bcc9b,0.2488,0.39171294053918315,0.14291294053918316,0.3739082763922103,1.2113791148132862,0.29481833000815294,0.9715061058344641,0.9719583898688376,False,
66,zelk12__MT-Gen5-gemma-2-9B,2024-12-22 14:17:22+00:00,74546cc3709bfab757f0e1a200682960c91ee499,0.512,0.39171294053918315,-0.12028705946081686,0.24434098182127303,0.5518072104178289,0.1652510354372144,0.2537313432835821,0.23247399366802352,False,
67,sometimesanotion__Qwentinuum-14B-v6,2024-12-22 14:21:59+00:00,76a106823f0f8abdd997692a3b878ed7042fb12c,0.568,0.39171294053918315,-0.1762870594608168,0.31404288742866343,0.8588049561522015,0.23495294104460462,0.642243328810493,0.5961103573043871,False,
68,djuna__Q2.5-Veltha-14B-0.5,2024-12-22 14:38:39+00:00,b0b238ba0833bda1596763e9f4d76607e9d00cad,0.569,0.39171294053918315,-0.1772870594608168,0.3078773629595476,0.8437378307555681,0.2287874165754889,0.6006331976481231,0.5725915875169606,False,
69,sometimesanotion__Qwentinuum-14B-v7,2024-12-22 18:57:52+00:00,658883f0b92e0eb70baf1a5532ef4aba3d9dcb11,0.5702,0.39171294053918315,-0.1784870594608169,0.31513040549837085,0.864049165871685,0.23604045911431196,0.6503844414292176,0.6051560379918589,False,
70,sometimesanotion__Qwentinuum-14B-v8,2024-12-22 19:01:03+00:00,2d69dba32dfec69f1991600289ecf40243439c9b,0.5642,0.39171294053918315,-0.17248705946081688,0.3146801625348074,0.8691131563833554,0.23559021615074885,0.6476707372229761,0.613749434644957,False,
71,sometimesanotion__Qwentinuum-14B-v9,2024-12-22 19:03:45+00:00,9d1ba47c6e77d67f3876e2ec53a053b30b4c624e,0.5594,0.39171294053918315,-0.16768705946081686,0.30874143484547634,0.8465043046191928,0.2296514884614171,0.6069651741293532,0.5762098597919494,False,
72,oopere__pruned10-llama-3.2-3B,2024-12-22 19:04:23+00:00,00162f9c72657fe05bf6e663fc0cc4ed8785f2b2,0.2778,0.39171294053918315,0.11391294053918316,0.3579727996831911,1.1379189613657463,0.27888285329913165,0.8625056535504296,0.8837630031659882,False,
73,ehristoforu__Falcon3-MoE-2x7B-Insruct,2024-12-22 19:34:06+00:00,b30209ea50c36c0f2777a06dd796f11fc9b9bace,0.5048,0.39171294053918315,-0.11308705946081687,0.27844643081135306,0.7213964165373925,0.19935648442729392,0.417910447761194,0.42152872003618275,False,
74,bamec66557__Mistral-Nemo-VICIOUS_MESH-12B-2407,2024-12-22 19:40:00+00:00,d0a582b13e89f569ab31577423015b1dc7183c3c,0.4398,0.39171294053918315,-0.04808705946081687,0.24956918556965688,0.5846455303918946,0.17047923918559763,0.2872003618272275,0.2808683853459973,False,
75,nisten__tqwendo-36b,2024-12-22 23:45:55+00:00,d18f41fcf27d648fc6b312a1e9b8fdb5f128a38d,0.5596,0.39171294053918315,-0.16788705946081683,0.31500668216818106,0.8780572535461272,0.23591673578412228,0.6494798733604704,0.6250565355042967,False,
76,MultivexAI__Gladiator-Mini-Exp-1222-3B-Instruct,2024-12-23 08:46:22+00:00,b6c8240988f48e48469ca6da9eac7bb3be895d27,0.3734,0.39171294053918315,0.018312940539183142,0.28972697051618485,0.7691953259738786,0.2106370241321249,0.4920850293984622,0.48213478064224335,False,
77,netcat420__Llama3.1-MFANN-8b,2024-12-23 09:55:21+00:00,3d36cea596fffd78d3829bf0156723764cdb4179,0.34,0.39171294053918315,0.05171294053918313,0.2870767133344433,0.7752820125126489,0.2079867669503842,0.4785165083672546,0.49163274536408863,False,
78,T145__Meta-Llama-3.1-8B-Instruct-TIES,2024-12-23 12:02:35+00:00,2255f9443d9b9d47a3763c4bf586f5b80248c538,0.4282,0.39171294053918315,-0.03648705946081687,0.23602676307693515,0.5385399805413276,0.15693681669287676,0.2026232473993668,0.216644052464948,False,
79,hotmailuser__QwenSlerp-7B,2024-12-23 12:45:05+00:00,85c6941b6dda44971ac2335c759c0e4b6aa094dd,0.4858,0.39171294053918315,-0.09408705946081686,0.27365028141734543,0.7177833196294218,0.19456033503328665,0.3894165535956581,0.4147444595205789,False,
80,hotmailuser__Falcon3Slerp2-10B,2024-12-23 13:00:48+00:00,8be0007b2e37db60f4ffded729dfb1f120378e64,0.5094,0.39171294053918315,-0.11768705946081681,0.27859451181876643,0.7060409528560879,0.19950456543470751,0.41971958389868835,0.4016282225237449,False,
81,hotmailuser__Falcon3Slerp1-10B,2024-12-23 13:30:01+00:00,497e6c6f6c6387d69bcdbb4b40690560b5f1011c,0.509,0.39171294053918315,-0.11728705946081686,0.27449719765135167,0.6931358536272447,0.19540725126729264,0.3952962460425147,0.3857982813206694,False,
82,hotmailuser__Falcon3Slerp4-10B,2024-12-23 14:05:41+00:00,472b0e6b6401cbda2a98f0cad5f02c95bce765d2,0.5026,0.39171294053918315,-0.1108870594608169,0.27665159596443606,0.6921466200668293,0.1975616495803778,0.40660334690185435,0.38489371325192223,False,
83,qingy2024__Eyas-17B-Instruct,2024-12-23 14:28:08+00:00,e80b17c38c598e7b268e5cee28597045688d1eaf,0.5094,0.39171294053918315,-0.11768705946081681,0.29791585045319113,0.797713845899378,0.21882590406913185,0.5355042966983266,0.5183175033921302,False,
84,hotmailuser__FalconSlerp3-7B,2024-12-23 14:31:57+00:00,912f7a528f58f72a98eaa6ff4f5363bbc33afadb,0.4828,0.39171294053918315,-0.09108705946081685,0.27167836982445864,0.6957121342335025,0.1925884234404002,0.38263229308005425,0.3885119855269109,False,
85,hotmailuser__FalconSlerp2-7B,2024-12-23 14:32:27+00:00,b50b5b69c8bf520b1beab98c81fa462f6e278b13,0.4796,0.39171294053918315,-0.08788705946081687,0.26798718480119343,0.6833050959631933,0.18889723841713488,0.36635006784260515,0.37720488466757124,False,
86,hotmailuser__FalconSlerp1-7B,2024-12-23 14:49:52+00:00,9162e88fd9289bc3c343165e878affdb8e41f19e,0.4616,0.39171294053918315,-0.06988705946081686,0.2613753063432898,0.6498120183184859,0.1822853599592305,0.34554500226142015,0.34599728629579374,False,
87,hotmailuser__Llama-Hermes-slerp2-8B,2024-12-23 15:00:19+00:00,f2168e4807e6bd22575f4730a2f934dc7343d3d4,0.4178,0.39171294053918315,-0.026087059460816853,0.25625326200231097,0.636759676174358,0.17716331561825208,0.31931252826775214,0.33242876526458615,False,
88,hotmailuser__Llama-Hermes-slerp-8B,2024-12-23 15:03:35+00:00,091aa528f7ebde5c6893db4d46feda2e5eb0f6f0,0.4178,0.39171294053918315,-0.026087059460816853,0.2479197187135846,0.60552339008321,0.16882977232952542,0.27951153324287653,0.3048394391677974,False,
89,hotmailuser__FalconSlerp3-10B,2024-12-23 15:35:35+00:00,946f6f3e2fd51bfd06f940ef91b64144cd13449a,0.5012,0.39171294053918315,-0.10948705946081683,0.2798312636716516,0.7148230806900413,0.20074131728759345,0.42966983265490727,0.41157847127996383,False,
90,bfuzzy1__acheron-c,2024-12-23 16:14:53+00:00,76d624560a2c73b270a4eb9ba7ad81fcbba66a67,0.2458,0.39171294053918315,0.14591294053918316,0.38069947663059023,1.264746026137313,0.30160953024653203,0.9855269109000452,0.9886928991406604,False,
91,appvoid__arco-2,2024-12-23 16:33:23+00:00,1241c4c6174e77eac542b990b39e02403c8e51dd,0.252,0.39171294053918315,0.13971294053918315,0.3658559482489554,1.1812932383300077,0.28676600186489676,0.9348710990502035,0.945273631840796,False,
92,SkyOrbis__SKY-Ko-Llama3.2-1B-lora-epoch3,2024-12-23 16:38:35+00:00,b904fc1061bac33a753c27e5d47b726044d2068c,0.2638,0.39171294053918315,0.12791294053918317,0.3787577124867154,1.239418362008801,0.299667766102657,0.9837177747625508,0.9823609226594301,False,
93,CultriX__Qwen2.5-14B-Broca,2024-12-23 18:32:52+00:00,1e85b613a9d9b508b83a5fc8bbc1aba511964581,0.562,0.39171294053918315,-0.1702870594608169,0.30583066554512656,0.8254857810404981,0.22674071916106742,0.5807327001356852,0.5522388059701493,False,
94,hotmailuser__RombosBeagle-v2beta-MGS-32B,2024-12-23 18:33:27+00:00,d0a6e8b63f91fc9fef58064706c14cf81a8dfaed,0.6032,0.39171294053918315,-0.2114870594608168,0.33184162165580366,0.9830630833447136,0.2527516752717445,0.7453640886476708,0.7431026684758028,False,
95,CultriX__Qwenfinity-2.5-14B,2024-12-23 20:53:56+00:00,29d3792ef9b3e4de9b9893e1d369fe81b0513126,0.4654,0.39171294053918315,-0.07368705946081683,0.286988271479443,0.7771712291302105,0.20789832509538397,0.4762550881953867,0.4943464495703302,False,
96,CultriX__Qwen2.5-14B-Brocav7,2024-12-24 00:39:19+00:00,70452b7058e033d90d405bfe30bb28e5ae93c232,0.5562,0.39171294053918315,-0.16448705946081688,0.3015249107355527,0.8192442903895215,0.2224349643514941,0.55359565807327,0.5445499773857982,False,
97,CultriX__Qwen2.5-14B-Brocav3,2024-12-24 00:40:56+00:00,22a0dcef34a20dc846f602789785b69b60fa9703,0.5594,0.39171294053918315,-0.16768705946081686,0.3063496497789443,0.8426214690258726,0.22725970339488494,0.5834464043419267,0.5707824513794663,False,
98,CultriX__Qwen2.5-14B-Brocav6,2024-12-24 00:45:49+00:00,9281024d3d2c210e59d7fad096ee5507bbefb1ab,0.5522,0.39171294053918315,-0.16048705946081687,0.30338577896017493,0.8230550794174878,0.22429583257611552,0.5635459068294889,0.5472636815920398,False,
99,CultriX__Qwen2.5-14B-FinalMerge,2024-12-24 01:43:27+00:00,4796fd91c70c8a9301500bc4730e03284947d3c2,0.4718,0.39171294053918315,-0.08008705946081685,0.2844346922529438,0.7573600325372586,0.20534474586888463,0.4604251469923112,0.46675712347354137,False,
100,Minami-su__test-7B-00,2024-12-24 02:36:36+00:00,dceb80f38ac418289d1b4aa6c0950f52a1fa5303,0.3804,0.39171294053918315,0.011312940539183136,0.28255112170885666,0.7592957490890879,0.20346117532479707,0.4495703301673451,0.4681139755766621,False,
101,qingy2024__QwQ-14B-Math-v0.2,2024-12-24 02:59:46+00:00,0b708500961fc455dddb44789d9408f704486626,0.4552,0.39171294053918315,-0.06348705946081684,0.2720991410408939,0.700900156882577,0.19300919465683422,0.3835368611488014,0.39620081411126185,False,
102,Sakalti__ultiima-32B,2024-12-24 03:55:39+00:00,5776c3273ad8e550a11b7fa302223f41a654f297,0.6128,0.39171294053918315,-0.22108705946081686,0.335658563171475,0.9974263100090424,0.25656861678741616,0.7670737222976028,0.7562189054726368,False,
103,sometimesanotion__Qwen-14B-ProseStock-v4,2024-12-24 05:39:39+00:00,91c92409a4c919a75c4bebae3e0c52311a67f7b4,0.5604,0.39171294053918315,-0.16868705946081686,0.3080987093946951,0.8446539862460876,0.22900876301063594,0.6019900497512438,0.5739484396200815,False,
104,ContactDoctor__Bio-Medical-Llama-3-8B,2024-12-24 06:22:58+00:00,1e152bded840da79319be8fe746ba10020598699,0.401,0.39171294053918315,-0.009287059460816871,0.2528427896954547,0.588694676166748,0.17375284331139637,0.30303030303030304,0.28493894165535955,False,
105,Minami-su__test-7B-01,2024-12-24 08:24:58+00:00,c2225e0044dd9687184e92ab5ee8961089d1f1ed,0.3798,0.39171294053918315,0.011912940539183126,0.2874272502143807,0.7792728797107198,0.20833730383032126,0.4794210764360018,0.49796472184531887,False,
106,bfuzzy1__acheron,2024-12-24 09:03:45+00:00,cace6273e1d9b4facb1c46df5b29959560093324,0.247,0.39171294053918315,0.14471294053918315,0.3684511159249655,1.1792189077363886,0.28936116954090724,0.9516056083220262,0.942107643600181,False,
107,T145__ZEUS-8B-V10,2024-12-25 18:05:06+00:00,11acf14411784a7bd40919cce63bab48eaa20c42,0.4622,0.39171294053918315,-0.07048705946081685,0.2457056936239043,0.5612267871078253,0.16661574723984582,0.26322930800542743,0.24830393487109906,False,
108,bamec66557__NameLess-12B-prob,2024-12-25 20:02:51+00:00,afbc050dbfc8520c0eec4358f912e8692fd97b5e,0.438,0.39171294053918315,-0.04628705946081685,0.247436909705647,0.577519309417275,0.1683469633215876,0.27589326096788785,0.2704658525554048,False,
109,Daemontatox__AetherDrake-SFT,2024-12-25 20:08:52+00:00,35c68a1d4f80bd67ec0a1a4e3dbde70a4e95c518,0.4172,0.39171294053918315,-0.025487059460816863,0.2411435894074661,0.5538584227319453,0.16205364302340677,0.23066485753052918,0.23518769787426505,False,
110,Minami-su__test-v2-7B-00,2024-12-25 20:09:38+00:00,35b7380afb1da591d1a015e9dfd03c5d2ad9d3cd,0.375,0.39171294053918315,0.016712940539183152,0.27246599338329236,0.6975762249824851,0.19337604699923358,0.38444142921754865,0.3912256897331524,False,
111,Saxo__Linkbricks-Horizon-AI-Korean-Superb-22B,2024-12-25 20:19:26+00:00,f8619784dc951bf017f9a009ac806b02d09ae519,0.483,0.39171294053918315,-0.09128705946081683,0.2871024833600051,0.753893683063104,0.2080125369759475,0.4789687924016282,0.46178199909543194,False,
112,T145__KRONOS-8B-V7,2024-12-25 20:22:10+00:00,d9cb3b98b422101ebe30de91414c3cf417d20433,0.3592,0.39171294053918315,0.03251294053918313,0.2589499251807659,0.6273566729079219,0.17985997879670684,0.33197648123021256,0.3251922207146088,False,
113,sthenno-com__miscii-14b-1225,2024-12-25 20:22:11+00:00,94b07fe1e8592bc49d8d27262577b0c4386783e0,0.568,0.39171294053918315,-0.1762870594608168,0.3078195833401842,0.842827569739594,0.22872963695612547,0.5988240615106287,0.5712347354138398,False,
114,zelk12__MT1-Gen5-gemma-2-9B,2024-12-25 20:34:22+00:00,5a5e73adc4bd23d9d29b95413cbbc6896c379384,0.4866,0.39171294053918315,-0.09488705946081682,0.22664536036329186,0.4765197539964367,0.1475554139792333,0.13071008593396652,0.09859791949344188,False,
115,qingy2024__Falcon3-2x10B-MoE-Instruct,2024-12-25 20:51:46+00:00,16a8c6e5e28bc7f74b0e396edb42fbe3eb2f4821,0.5224,0.39171294053918315,-0.13068705946081682,0.28610461129163217,0.7345244724589911,0.20701466490757353,0.47173224785165085,0.4396200814111262,False,
116,zelk12__MT2-Gen5-gemma-2-9B,2024-12-25 21:16:20+00:00,53d8297b2b9a4fefdf55f8fa4728b92c15a5b74f,0.4934,0.39171294053918315,-0.10168705946081685,0.2259220458361428,0.47541434136267596,0.14683209945208406,0.12663952962460426,0.09407507914970602,False,
117,mergekit-community__mergekit-ties-ykqemwr,2024-12-25 22:00:56+00:00,96095671863d50d484b3fcc88c61dbcbab8a67b6,0.442,0.39171294053918315,-0.05028705946081685,0.23904610951326835,0.5363235494861887,0.1599561631292098,0.21890547263681592,0.21166892808683854,False,
118,Daemontatox__RA_Reasoner,2024-12-25 22:17:45+00:00,f6ffdc92340ddaae78cb569037005b2f383d099b,0.4972,0.39171294053918315,-0.10548705946081682,0.2786077788064193,0.7098076215986425,0.19951783242236046,0.4206241519674355,0.4052464947987336,False,
119,qingy2024__Fusion4-14B-Instruct,2024-12-25 22:38:09+00:00,8a9662f9416b88110f37c95746712b2675627915,0.5606,0.39171294053918315,-0.16888705946081684,0.3052205846513232,0.8337068901933209,0.22613063826726426,0.576662143826323,0.5603799185888738,False,
120,Daemontatox__PathfinderAI,2024-12-25 22:39:31+00:00,44bba442352fbcec1df1cdd8e2ab61e78b09e799,0.5372,0.39171294053918315,-0.14548705946081686,0.29128565715744614,0.7842797973431369,0.21219571077338698,0.5006784260515604,0.5061058344640434,False,
121,Saxo__Linkbricks-Horizon-AI-Superb-27B,2024-12-25 22:42:50+00:00,05358cbc4b97c034b1fc621cdaaeec6747213826,0.5228,0.39171294053918315,-0.1310870594608169,0.27490366532271987,0.6779955141026942,0.19581371893866126,0.3984622342831298,0.3713251922207146,False,
122,iFaz__llama32_3B_en_emo_v2,2024-12-26 04:27:34+00:00,606bcc3a3f8a84b97863aea8f65965531186dfb7,0.3666,0.39171294053918315,0.02511294053918317,0.28301199997750703,0.7525501446880242,0.2039220535934481,0.4522840343735866,0.4599728629579376,False,
123,JayHyeon__Qwen-0.5B-eDPO-5epoch,2024-12-26 05:25:53+00:00,ad0db56b9c456e85b8ef44f348557931fedda0b3,0.2582,0.39171294053918315,0.13351294053918317,0.3577331187462562,1.1386244087035235,0.27864317236219893,0.8602442333785617,0.8860244233378561,False,
124,JayHyeon__Qwen-0.5B-IRPO-5epoch,2024-12-26 05:29:22+00:00,2ba73449dcba6a4a716357c7b503184da42612ed,0.2646,0.39171294053918315,0.12711294053918315,0.3630232124173326,1.1709393120241964,0.28393326603327484,0.9181365897783809,0.9335142469470827,False,
125,JayHyeon__Qwen-0.5B-DPO-5epoch,2024-12-26 05:35:36+00:00,d7cb3febbebde3e410dc53bc3f0dbf0757e1a406,0.2578,0.39171294053918315,0.13391294053918318,0.36410557025825196,1.176150267809683,0.2850156238741949,0.9240162822252375,0.939846223428313,False,
126,sometimesanotion__Qwenvergence-14B-v6-Prose-model_stock,2024-12-26 07:36:12+00:00,ea67dc9556102ca35ee9cbe5f303469ac8cc1d22,0.5588,0.39171294053918315,-0.1670870594608168,0.3103436174889662,0.8502199841441683,0.23125367110490688,0.621438263229308,0.5816372682044324,False,
127,sometimesanotion__Qwenvergence-14B-v6-Prose,2024-12-26 07:55:54+00:00,9d884b3c7504dd8054447f1109111fca318d1564,0.5668,0.39171294053918315,-0.17508705946081682,0.3157102917647518,0.8670855873043163,0.23662034538069315,0.6540027137042063,0.6105834464043419,False,
128,JayHyeon__Qwen-0.5B-eDPO-1epoch,2024-12-26 08:43:23+00:00,37dd7119e4c9dc9f17627d1b674da295d68a07f5,0.2614,0.39171294053918315,0.13031294053918313,0.3543812107268947,1.1177066227702332,0.2752912643428379,0.8376300316598824,0.8421528720036183,False,
129,JayHyeon__Qwen-0.5B-IRPO-1epoch,2024-12-26 08:46:56+00:00,db9f5aab4ef2ef33944c8048c087ca57cfa2ff1c,0.2656,0.39171294053918315,0.12611294053918315,0.36193821787958347,1.163807219619038,0.2828482714955255,0.9077340569877883,0.9240162822252375,False,
130,khulaifi95__Llama-3.1-8B-Reason-Blend-888k,2024-12-26 10:38:04+00:00,ea5f5f18600fd6e7f1d76285a756d22b410c4133,0.4042,0.39171294053918315,-0.012487059460816852,0.23058741865306978,0.5014692157723268,0.1514974722690105,0.15784712799638173,0.15061058344640435,False,
131,sometimesanotion__Qwentinuum-14B-v6-Prose,2024-12-26 11:14:43+00:00,be25def7ff100e55d890565962a759e91133004f,0.5674,0.39171294053918315,-0.17568705946081686,0.3193160723706305,0.887080775041793,0.24022612598657142,0.6757123473541384,0.6431478968792401,False,
132,newsbang__Homer-v1.0-Qwen2.5-72B,2024-12-26 12:15:07+00:00,b8faf456cc03839edcf0a722cf22911bcd1e60e9,0.6424,0.39171294053918315,-0.2506870594608168,0.33501711393883565,0.9851163218219666,0.2559271675547771,0.762550881953867,0.7453640886476708,False,
133,sometimesanotion__Qwen2.5-14B-Vimarckoso-v2,2024-12-26 12:16:23+00:00,c94766b25c3c85ba973627c29506734e8eae39bf,0.5606,0.39171294053918315,-0.16888705946081684,0.31203941878438285,0.8634250108954602,0.23294947240032415,0.6304839439167798,0.6024423337856174,False,
134,zelk12__MT3-Gen5-gemma-2-9B,2024-12-26 15:15:02+00:00,5c95026f5e4e54998fa6428c8320e311446fd4aa,0.4982,0.39171294053918315,-0.10648705946081682,0.23172647276835773,0.496818565932583,0.1526365263842993,0.16734509271822703,0.1415649027589326,False,
135,bunnycore__QwQen-3B-LCoT,2024-12-26 15:28:23+00:00,08a2ccdc861811319de92dcdb684322b5080d435,0.3966,0.39171294053918315,-0.004887059460816856,0.2594063834205609,0.6376158426079378,0.1803164370365019,0.3342379014020805,0.3333333333333333,False,
136,T145__ZEUS-8B-V11,2024-12-26 15:41:09+00:00,5753b08c2308ec11442a638eb18ceafc8379773d,0.4542,0.39171294053918315,-0.06248705946081684,0.2462117199643709,0.563621661291397,0.1671217735803122,0.2677521483491633,0.25282677521483493,False,
137,Sicarius-Prototyping__Micropenis_1B,2024-12-26 20:15:12+00:00,1481b89c199b3c1e072f2c83e6b6751f5b3cff21,0.2888,0.39171294053918315,0.10291294053918315,0.3276402871763444,0.9559015850497191,0.248550340792287,0.7182270465852555,0.7213930348258707,False,
138,JayHyeon__Qwen2.5-0.5B-Instruct-SFT,2024-12-26 20:24:01+00:00,13464514f8f258efdaccb99e5d1f74594e1ae2f5,0.2774,0.39171294053918315,0.11431294053918317,0.34370592622682866,1.060530409791171,0.26461597984276936,0.7978290366350068,0.804161013116237,False,
139,JayHyeon__Qwen2.5-0.5B-Instruct-SFT-MDPO-1epoch_v1,2024-12-26 20:27:03+00:00,797102dc4d878aa4e80d37a7357d923f7712ee6c,0.2738,0.39171294053918315,0.11791294053918316,0.34525287863020565,1.0637872087528821,0.2661629322461471,0.8028041610131162,0.8050655811849842,False,
140,JayHyeon__Qwen2.5-0.5B-Instruct-SFT-DPO-1epoch_v1,2024-12-26 20:30:30+00:00,0b21b4a25cf9953c464b83853f91b50422c4aa51,0.2724,0.39171294053918315,0.11931294053918318,0.3459923973285947,1.0724869122796132,0.26690245094453596,0.8082315694255993,0.8123021257349615,False,
141,JayHyeon__Qwen2.5-0.5B-Instruct-SFT-IRPO-1epoch_v1,2024-12-26 20:33:43+00:00,20e2115703a0e9d0ac82f5e308a1e12585b39181,0.2718,0.39171294053918315,0.11991294053918317,0.3367670012587864,1.026457178962267,0.25767705487472786,0.772501130710086,0.7797376752600633,False,
142,Xkev__Llama-3.2V-11B-cot,2024-12-27 00:04:47+00:00,4b800fd2695db3d84bebdc68cd8986a273201989,0.4142,0.39171294053918315,-0.02248705946081686,0.240594115706655,0.5616882725350298,0.1615041693225962,0.22568973315241972,0.24875621890547264,False,
143,jaspionjader__Kosmos-VENN-8B,2024-12-27 02:55:46+00:00,fa51290b40a8be15d2305a1a44913a806b14e548,0.4346,0.39171294053918315,-0.042887059460816834,0.21322914518414715,0.4464251478579192,0.13413919880008804,0.015377657168701944,0.02532790592492085,False,
144,JayHyeon__Qwen2.5-0.5B-SFT,2024-12-27 02:58:16+00:00,09bb47cae3834fe1133a03d4ef8c8c5e470ae6d7,0.2592,0.39171294053918315,0.13251294053918317,0.34256840941941186,1.052770315129308,0.26347846303535377,0.793306196291271,0.7991858887381276,False,
145,jaspionjader__Kosmos-Elusive-VENN-8B,2024-12-27 03:34:04+00:00,90f0c6bf8d811b8d8f883762443d9e5764548267,0.4352,0.39171294053918315,-0.043487059460816824,0.2150891652363726,0.45034208608836435,0.13599921885231345,0.024875621890547265,0.030303030303030304,False,
146,jaspionjader__Kosmos-Elusive-8b,2024-12-27 03:36:25+00:00,e939422fbb5d49f2beeae87e617330ec95ba4f25,0.432,0.39171294053918315,-0.04028705946081684,0.21864927721516675,0.4709090081423041,0.13955933083110766,0.04839439167797377,0.07960199004975124,False,
147,Krystalan__DRT-o1-14B,2024-12-27 04:43:46+00:00,ef6297c80edb66ae84f24b5cef658da7698a72f3,0.5444,0.39171294053918315,-0.15268705946081684,0.3067857359975254,0.8638370016874715,0.2276957896134663,0.587516960651289,0.6042514699231117,False,
148,jaspionjader__Kosmos-Aurora_faustus-8B,2024-12-27 04:47:21+00:00,266fc73f8df9ccc4c5d8ab8bc59945f9e3ef8496,0.429,0.39171294053918315,-0.03728705946081684,0.21648122731074268,0.4514630567043705,0.1373912809266839,0.033016734509271825,0.031207598371777476,False,
149,jaspionjader__Kosmos-Elusive-VENN-Aurora_faustus-8B,2024-12-27 05:14:41+00:00,d3ebdd4832d2c0a4af381063bf112cba5811e0f1,0.4302,0.39171294053918315,-0.038487059460816875,0.2120057336658047,0.43597700363130415,0.1329157872817457,0.012211668928086838,0.011759384893713252,False,
150,jaspionjader__Kosmos-Elusive-VENN-Asymmetric-8B,2024-12-27 05:35:00+00:00,6526d8861dbf486767bb32fd335f82be2916eec2,0.4346,0.39171294053918315,-0.042887059460816834,0.21658289462305397,0.4547668926896382,0.1374929482389948,0.03346901854364541,0.037991858887381276,False,
151,jaspionjader__Kosmos-EVAA-8B,2024-12-27 05:41:17+00:00,8c52c089b1c3208d0ba8b62fcdef526465526388,0.4336,0.39171294053918315,-0.04188705946081683,0.21626181320531546,0.44771039380350375,0.1371718668212563,0.031659882406151064,0.02668475802804161,False,
152,jaspionjader__Kosmos-EVAA-v2-8B,2024-12-27 06:04:53+00:00,524bd76314c41e94f88ec3e6c05469aa76cf504e,0.4348,0.39171294053918315,-0.04308705946081687,0.21342088406308718,0.4398743163617529,0.1343309376790281,0.015829941203075532,0.015829941203075532,False,
153,JayHyeon__Qwen2.5-0.5B-SFT-MDPO-1epoch_v1,2024-12-27 06:16:37+00:00,6e395b6fc4bd5c978fd068a642d0d0424130272a,0.2676,0.39171294053918315,0.12411294053918315,0.34575937783754296,1.0847533671755465,0.2666694314534842,0.8073270013568521,0.8190863862505654,False,
154,jaspionjader__Auro-Kosmos-EVAA-v2-8B,2024-12-27 06:44:56+00:00,0e8dd2091b7b08057f6962d35e7f05599daf6eb4,0.4476,0.39171294053918315,-0.055887059460816846,0.22796567607094453,0.504566508475328,0.14887572968688542,0.13749434644957034,0.1555857078245138,False,
155,sometimesanotion__Qwen2.5-14B-Vimarckoso-v3-model_stock,2024-12-27 07:00:22+00:00,1c688f619c8a664da29fac2df27a2fbd6ac8678e,0.5598,0.39171294053918315,-0.1680870594608168,0.31462538437423376,0.8739309585714307,0.23553543799017515,0.6472184531886025,0.6205336951605608,False,
156,jaspionjader__Auro-Kosmos-EVAA-v2.1-8B,2024-12-27 07:10:56+00:00,21aa21f30aa2fbbebc4f94398014dc3287198231,0.4478,0.39171294053918315,-0.056087059460816824,0.22919552381308025,0.5171129224749339,0.15010557742902106,0.15061058344640435,0.18000904568068749,False,
157,jaspionjader__Auro-Kosmos-EVAA-v2.2-8B,2024-12-27 07:29:10+00:00,8a5b50caa9b378e09014d9bf429d60eb7a84b3d7,0.4448,0.39171294053918315,-0.05308705946081682,0.23279533116482268,0.5343890038669545,0.15370538478076348,0.1754862053369516,0.20805065581184984,False,
158,DavieLion__Lllma-3.2-1B,2024-12-27 07:42:36+00:00,4fd35e2cf12b34731e4a07007bb8548cdc8c166b,0.2442,0.39171294053918315,0.14751294053918315,0.35249646107280036,1.1119404569357119,0.2734065146887422,0.830393487109905,0.8362731795567616,False,
159,jaspionjader__Kosmos-EVAA-v3-8B,2024-12-27 08:04:27+00:00,73a1d7ccd74a2e469b605ff4a217b48a79aef044,0.4352,0.39171294053918315,-0.043487059460816824,0.2143774439292974,0.44819270084813534,0.13528749754523842,0.022161917684305744,0.027137042062415198,False,
160,jaspionjader__Auro-Kosmos-EVAA-v2.3-8B,2024-12-27 08:48:56+00:00,61f2f030cc3690e4ce2f31f637502642f5309c5c,0.4474,0.39171294053918315,-0.05568705946081687,0.23601490689356228,0.5472372796629811,0.15692496050950291,0.20171867933061963,0.2261420171867933,False,
161,jaspionjader__Kosmos-EVAA-v4-8B,2024-12-27 08:50:32+00:00,cee679a87ae3795be608e984780b42a8a0536a7c,0.4336,0.39171294053918315,-0.04188705946081683,0.21206328539654237,0.4372122190481397,0.13297333901248332,0.012663952962460425,0.012663952962460425,False,
162,jaspionjader__Kosmos-EVAA-v5-8B,2024-12-27 09:12:40+00:00,6b75e2ef4812e6dbbf7841a5641e547823eb49ec,0.436,0.39171294053918315,-0.04428705946081685,0.2152288897888951,0.449123384120996,0.1361389434048359,0.02532790592492085,0.02939846223428313,False,
163,jaspionjader__Kosmos-EVAA-v6-8B,2024-12-27 09:27:05+00:00,d2db1e7d73e0801af1c36787c8d169a21a972b33,0.4368,0.39171294053918315,-0.04508705946081687,0.2159927124183309,0.448299712113003,0.13690276603427193,0.02939846223428313,0.027589326096788783,False,
164,jaspionjader__Kosmos-EVAA-v7-8B,2024-12-27 09:38:02+00:00,ec5f672620f0c9bef8d90cd6630616b81812028c,0.4332,0.39171294053918315,-0.04148705946081682,0.21366813756179423,0.4430851377346402,0.13457819117773515,0.01854364540931705,0.0203527815468114,False,
165,jaspionjader__Kosmos-EVAA-v8-8B,2024-12-27 09:47:05+00:00,fc05ecd124c2ba7a46db8f98e2ea2e910cc4d48e,0.436,0.39171294053918315,-0.04428705946081685,0.21361885965930347,0.4420652300172533,0.13452891327524433,0.018091361374943465,0.018091361374943465,False,
166,jaspionjader__Kosmos-EVAA-v9-8B,2024-12-27 10:07:24+00:00,6e45467ee5795ac5481d1297a4670b6a19940621,0.4342,0.39171294053918315,-0.04248705946081682,0.2139933304364668,0.443013686240296,0.1349033840524078,0.01990049751243781,0.01990049751243781,False,
167,sometimesanotion__Qwen2.5-14B-Vimarckoso-v3,2024-12-27 12:07:59+00:00,1fb10dc64ed24518e1da56d51f1f4aa3de003f8a,0.564,0.39171294053918315,-0.1722870594608168,0.31902544666331845,0.89301213078239,0.23993550027926017,0.6743554952510177,0.6540027137042063,False,
168,Khetterman__Kosmos-8B-v1,2024-12-27 12:08:50+00:00,b8dc5737c4fe89f12dd8ee09518a9de3641e17b9,0.422,0.39171294053918315,-0.030287059460816834,0.2122476765136825,0.44366072682524,0.13315773012962392,0.014473089099954772,0.02125734961555857,False,
169,DreadPoor__UNTESTED-VENN_1.2-8B-Model_Stock,2024-12-27 12:12:32+00:00,9c327042dd77b49e8c55abb0676050de00483b6c,0.45,0.39171294053918315,-0.05828705946081686,0.21946474480006442,0.4699397418475832,0.1403747984160058,0.06105834464043419,0.07643600180913614,False,
170,SkyOrbis__SKY-Ko-Llama3.2-1B-lora-v2-epoch3,2024-12-27 14:47:04+00:00,2c858cc49feecea6df5b052a86eacd9da33f68cb,0.2984,0.39171294053918315,0.09331294053918315,0.3430594031167557,1.0369355220220635,0.26396945673269845,0.7955676164631389,0.7892356399819086,False,
171,SkyOrbis__SKY-Ko-Llama3.2-3B-lora-epoch1,2024-12-27 19:38:24+00:00,a1298f01a64372765fdb3a7041c775d3bd7c25b3,0.3812,0.39171294053918315,0.010512940539183169,0.27377805138398237,0.7060246408906987,0.1946881049999234,0.39032112166440525,0.40027137042062416,False,
172,jaspionjader__Kosmos-EVAA-v12-8B,2024-12-27 19:39:26+00:00,88acfb9426647a9a8bf2ef80afc0721cebc0bb53,0.4382,0.39171294053918315,-0.046487059460816826,0.21465961134060976,0.4485459612101638,0.13556966495655087,0.023518769787426504,0.028493894165535955,False,
173,jaspionjader__Kosmos-EVAA-Fusion-8B,2024-12-27 19:39:40+00:00,4735b8cba65e1a2ad088c013da5492e3e93fbe24,0.4424,0.39171294053918315,-0.05068705946081686,0.2173517930467962,0.4537970024675412,0.13826184666273703,0.03980099502487562,0.03482587064676617,False,
174,bunnycore__Llama-3.2-3B-RP-DeepThink,2024-12-27 19:39:44+00:00,03c14d3517b80be04f0a4835b07f1ecdf2fe58ec,0.3936,0.39171294053918315,-0.0018870594608168534,0.2778746537462909,0.7145734612626029,0.1987847073622309,0.4156490275893261,0.41067390321121666,False,
175,appvoid__arco-2-instruct,2024-12-27 23:14:28+00:00,0d83e4f84c0685d11f6036d1f74b2a5aa2e76a08,0.251,0.39171294053918315,0.14071294053918315,0.36653918561051335,1.1891077392404923,0.28744923922645493,0.9389416553595658,0.9556761646313885,False,
176,SkyOrbis__SKY-Ko-Llama3.2-1B-lora-epoch5,2024-12-27 23:22:02+00:00,f44165cd660367346c0021fe2c9b2ac9494536a7,0.2984,0.39171294053918315,0.09331294053918315,0.3430594031167557,1.0369355220220635,0.26396945673269845,0.7955676164631389,0.7892356399819086,False,
177,jaspionjader__Kosmos-EVAA-v11-8B,2024-12-27 23:32:58+00:00,18ff5b478710ee53a193c5266ff3b0ed90bcc1d8,0.4402,0.39171294053918315,-0.04848705946081683,0.21698372712723227,0.4526140079292205,0.1378937807431734,0.03618272274988693,0.033921302578018994,False,
178,agentlans__Llama3.1-8B-drill,2024-12-27 23:35:03+00:00,ee9ace5c62158742ca6685c6ce2868fbc46db2c4,0.4378,0.39171294053918315,-0.04608705946081687,0.23947445353597135,0.5362542154745944,0.16038450715191288,0.22161917684305743,0.21076436001809137,False,
179,jaspionjader__Kosmos-EVAA-v10-8B,2024-12-27 23:35:28+00:00,43e7d04512245aa7e81fea2c8448c8ed40e4ec24,0.4356,0.39171294053918315,-0.043887059460816835,0.21350173913892145,0.4410756497046274,0.13441179275486242,0.016734509271822705,0.017186793306196293,False,
180,jaspionjader__Kosmos-EVAA-v9-TitanFusion-Mix-8B,2024-12-27 23:37:52+00:00,95419916ccbd3226c4c2861c0823822bd32b0561,0.4442,0.39171294053918315,-0.05248705946081683,0.21794811736198094,0.46218449800983674,0.13885817097792189,0.0438715513342379,0.05201266395296246,False,
181,jaspionjader__Kosmos-EVAA-gamma-light-8B,2024-12-27 23:41:54+00:00,3b3afe38f27398085439eac6a75b0479c3fcf948,0.439,0.39171294053918315,-0.04728705946081685,0.22398184075590902,0.48117599054348914,0.14489189437184963,0.1117141564902759,0.11442786069651742,False,
182,jaspionjader__Kosmos-EVAA-gamma-8B,2024-12-27 23:44:38+00:00,da5ae8736151b5b61dec9a89fce73298b1090c28,0.436,0.39171294053918315,-0.04428705946081685,0.2309497330626225,0.5116729287911318,0.151859786678563,0.1614654002713704,0.16644052464947987,False,
183,jaspionjader__Kosmos-EVAA-gamma-alt-8B,2024-12-27 23:51:13+00:00,3ca78a46734e8cbb98f64bab1a1b72e08cc4efad,0.4358,0.39171294053918315,-0.04408705946081687,0.22969379844477658,0.5077401159029008,0.1506038520607172,0.1524197195838987,0.16191768430574402,False,
184,jaspionjader__Kosmos-EVAA-gamma-light-alt-8B,2024-12-28 00:03:45+00:00,4ea6458101ab69bb4651f8b05e407c7f77c8ae7a,0.4368,0.39171294053918315,-0.04508705946081687,0.22532165778351376,0.48625510720337034,0.14623171139945454,0.12302125734961555,0.1248303934871099,False,
185,jaspionjader__Kosmos-EVAA-gamma-v13-8B,2024-12-28 00:04:17+00:00,290f1e6706d4d7c678822348aa9c9265f464750c,0.4362,0.39171294053918315,-0.044487059460816825,0.2232721405571506,0.4777364413657747,0.14418219417309147,0.10628674807779286,0.10312075983717775,False,
186,T145__ZEUS-8B-V12,2024-12-28 00:05:05+00:00,a2d6033f77ca54f90f5c56a78a7205e3a2442450,0.461,0.39171294053918315,-0.06928705946081687,0.2449113291960835,0.5603075900993274,0.16582138281202496,0.2568973315241972,0.24559023066485752,False,
187,mergekit-community__sexeh_time_testing,2024-12-28 00:09:30+00:00,eb332ad87304ec82552474372b45a4240ef34ebc,0.4342,0.39171294053918315,-0.04248705946081682,0.2155381087138841,0.43766600485691215,0.13644816232982504,0.027589326096788783,0.014020805065581185,False,
188,zelk12__MT3-Gen5-gemma-2-9B_v1,2024-12-28 00:24:10+00:00,da96a85c6795eb3ed9a2c3002dfb7c68d68b151b,0.5062,0.39171294053918315,-0.11448705946081683,0.23561149643791646,0.5132012487428741,0.1565215500538578,0.19538670284938942,0.1718679330619629,False,
189,DreadPoor__VENN_1.2-8B-Model_Stock,2024-12-28 01:33:20+00:00,45823dbe10e27942020d1de7f7ba9ba2f9b9aaf5,0.464,0.39171294053918315,-0.07228705946081687,0.21996959027408305,0.4728231306275563,0.14087964389002455,0.06467661691542288,0.08593396653098145,False,
190,jaspionjader__Kosmos-EVAA-gamma-v14-8B,2024-12-28 01:45:14+00:00,feb542134c95ceecaaf79e1e11d380a56a2c3466,0.436,0.39171294053918315,-0.04428705946081685,0.2216508452088287,0.4739296858968545,0.1425608988247693,0.0845771144278607,0.09045680687471733,False,
191,jaspionjader__Kosmos-EVAA-gamma-v15-8B,2024-12-28 01:58:44+00:00,5248674122dbc966a8ab0754f895e2f69aa2df48,0.4348,0.39171294053918315,-0.04308705946081687,0.22312509020627216,0.4756119530944733,0.14403514382221286,0.1044776119402985,0.0945273631840796,False,
192,Skywork__Skywork-Reward-Gemma-2-27B-v0.2,2024-12-28 02:03:29+00:00,f850f67950e92f97d2e94128355e30dcdb6183ec,0.5058,0.39171294053918315,-0.11408705946081688,0.24366010651793718,0.551740742050179,0.1645701601338779,0.24830393487109906,0.23202170963364993,False,
193,jaspionjader__Kosmos-EVAA-gamma-v16-8B,2024-12-28 02:16:56+00:00,e51555ef3bfad0c0eef4c06c15c3a8482b7e6e9a,0.4342,0.39171294053918315,-0.04248705946081682,0.21867521161983672,0.45953589907508385,0.13958526523577755,0.048846675712347354,0.04432383536861149,False,
194,jaspionjader__Kosmos-EVAA-gamma-v17-8B,2024-12-28 03:23:11+00:00,da757aafa31aff565c7301c15a5780e890e02821,0.4352,0.39171294053918315,-0.043487059460816824,0.2208586552706583,0.4683760324833042,0.14176870888659884,0.0741745816372682,0.07191316146540028,False,
195,jaspionjader__gamma-Kosmos-EVAA-8B,2024-12-28 03:56:30+00:00,e55812a1b18bb1a423d50815dc62fa713a48ace6,0.4266,0.39171294053918315,-0.03488705946081683,0.21553335558919376,0.44531921719059675,0.13644340920513437,0.027137042062415198,0.023518769787426504,False,
196,jaspionjader__gamma-Kosmos-EVAA-v2-8B,2024-12-28 04:32:14+00:00,12c96a4c51a5870709fdb90982bd16bfdcea83eb,0.4298,0.39171294053918315,-0.03808705946081686,0.21390793164591373,0.43990553590700754,0.134817985261855,0.019448213478064226,0.016282225237449117,False,
197,jaspionjader__gamma-Kosmos-EVAA-v3-8B,2024-12-28 07:05:51+00:00,c905d19847f5f5c23f32e7036b4600ffc0fd2848,0.4314,0.39171294053918315,-0.039687059460816854,0.21912269116439642,0.4608710878841496,0.14003274478033761,0.056535504296698326,0.04613297150610583,False,
198,jaspionjader__Kosmos-EVAA-gamma-v18-8B,2024-12-28 07:06:33+00:00,e102171020f57bdd3d3045c4e34c365dc5792c39,0.4354,0.39171294053918315,-0.04368705946081686,0.2204022064040881,0.468052114789461,0.14131226002002864,0.06919945725915876,0.07146087743102668,False,
199,JayHyeon__Qwen2.5-0.5B-SFT-1e-5,2024-12-28 09:04:09+00:00,029591c1fb1ea7c9b14e10a063b8031ffe560cf3,0.2624,0.39171294053918315,0.12931294053918313,0.343608837701629,1.0541530385466766,0.2645188913175706,0.7973767526006332,0.8005427408412483,False,
200,JayHyeon__Qwen2.5-0.5B-SFT-5e-5,2024-12-28 09:10:05+00:00,dfda6daa63a9015d9a6fd218010f6c2dbd3f194d,0.255,0.39171294053918315,0.13671294053918315,0.33902291059347894,1.0261712595132602,0.259932964209421,0.7819990954319312,0.7792853912256897,False,
201,JayHyeon__Qwen2.5-0.5B-SFT-7e-5,2024-12-28 09:20:36+00:00,15f18c4d54654ab22e14e079683214796b4dd3ec,0.2588,0.39171294053918315,0.13291294053918318,0.3350615534619439,1.0192548373456378,0.25597160707788597,0.7634554500226142,0.7747625508819539,False,
202,JayHyeon__Qwen2.5-0.5B-SFT-1e-4,2024-12-28 09:28:09+00:00,c608569dc2976fe15e1bd1da1d01854b020a4f20,0.2446,0.39171294053918315,0.14711294053918314,0.3472884699872027,1.0722918087402864,0.2681985236031444,0.8136589778380823,0.8118498417005879,False,
203,JayHyeon__Qwen2.5-0.5B-SFT-2e-4,2024-12-28 09:34:00+00:00,1652f1b782831f9fa837333e73a1c54245152027,0.2464,0.39171294053918315,0.14531294053918314,0.3482735868098825,1.0716028830435587,0.26918364042582466,0.8190863862505654,0.8109452736318408,False,
204,sometimesanotion__Qwen2.5-14B-Vimarckoso-v3-IF-Variant,2024-12-28 09:42:13+00:00,4a351bc848c3785d969bd9ea9c1a5b91fa022805,0.487,0.39171294053918315,-0.09528705946081684,0.30445528924137966,0.829423791999383,0.22536534285732027,0.5689733152419719,0.5549525101763908,False,
205,SkyOrbis__SKY-Ko-Llama3.2-1B-lora-v2-epoch5,2024-12-28 15:44:13+00:00,13f928d0fee99e796ae71a1e4c1db12be6543006,0.293,0.39171294053918315,0.09871294053918317,0.3388893472897555,1.020053509124473,0.2597994009056985,0.7806422433288105,0.7756671189507011,False,
206,JayHyeon__Qwen2.5-0.5B-SFT-2e-5,2024-12-28 15:50:23+00:00,6ee74446311622ab1469327e73d984887bb340c1,0.2648,0.39171294053918315,0.12691294053918317,0.34239746760635414,1.044893824339037,0.26330752122229667,0.7928539122568974,0.7951153324287653,False,
207,Daemontatox__AetherTOT,2024-12-28 17:49:11+00:00,fa2f7eb4e5f481aab3f69b61a999e9278cc9cea8,0.4212,0.39171294053918315,-0.029487059460816867,0.22834718984398555,0.5050090077630671,0.1492572434599264,0.14111261872455902,0.1560379918588874,False,
208,Invalid-Null__PeiYangMe-0.7,2024-12-28 18:10:38+00:00,77bd6009ce4261e2b1a5e3ddacb70a3433efab40,0.2478,0.39171294053918315,0.14391294053918316,0.37398711168242776,1.2071107779546235,0.294897165298369,0.9719583898688376,0.9669832654907282,False,
209,Invalid-Null__PeiYangMe-0.5,2024-12-28 18:11:02+00:00,55315e0b5929bdf1e3907b62229ee9d7f86a076e,0.2274,0.39171294053918315,0.16431294053918316,0.3782173001147276,1.243628713863678,0.2991273537306692,0.9810040705563093,0.9837177747625508,False,
210,grimjim__Magnolia-v3-12B,2024-12-28 20:40:34+00:00,6b1b610e43cb200802f5a6514ca64b50618911e0,0.4408,0.39171294053918315,-0.04908705946081687,0.24540444757244936,0.5642642338639494,0.16631450118839058,0.2591587516960651,0.2541836273179557,False,
211,grimjim__Gigantes-v1-gemma2-9b-it,2024-12-28 20:57:21+00:00,93ce7b4566bc48e4e368834db9fe85a4ea78ffb5,0.4882,0.39171294053918315,-0.09648705946081687,0.23658592161884648,0.5279267891665577,0.1574959752347878,0.20533695160560833,0.19810040705563092,False,
212,jaspionjader__TSN-Kosmos-EVAA-8B,2024-12-28 21:05:53+00:00,7e3d5411739daf1eab698fdd02c2d1d0d0bcf01c,0.4432,0.39171294053918315,-0.05148705946081683,0.2462242216840163,0.5720508571431137,0.16713427529995753,0.26820443238353686,0.26549072817729535,False,
213,jaspionjader__TSN-Kosmos-EVAA-v2-8B,2024-12-28 21:30:29+00:00,c0da292db566a04e1258f5fe4551009e45742607,0.4372,0.39171294053918315,-0.045487059460816825,0.24911926058978864,0.5981198252495263,0.1700293142057299,0.2840343735866124,0.2989597467209408,False,
214,jaspionjader__Kosmos-EVAA-TSN-8B,2024-12-28 21:35:27+00:00,e232a1532370544659e364747c9c6edc8e40533c,0.4322,0.39171294053918315,-0.04048705946081682,0.22221968643870246,0.4789023339049847,0.1431297400546435,0.09181365897783808,0.10538218000904569,False,
215,jaspionjader__Kosmos-EVAA-TSN-light-8B,2024-12-28 21:40:52+00:00,84ecc862803b3c18b5adedddc8dd0496329345cc,0.4342,0.39171294053918315,-0.04248705946081682,0.21787214395305995,0.45605271490873694,0.13878219756900081,0.04251469923111714,0.03980099502487562,False,
216,jaspionjader__Kosmos-EVAA-TSN-v19-8B,2024-12-28 21:55:28+00:00,f2290d41c8a419902aefcdd19a66ff5371d61127,0.436,0.39171294053918315,-0.04428705946081685,0.21857587906030498,0.45710806570376505,0.13948593267624587,0.04794210764360018,0.041610131162369966,False,
217,zelk12__MT4-Gen5-gemma-2-9B,2024-12-28 22:03:37+00:00,b7a3c2818aad3f6bd04c7b7674a480abb73c65ae,0.5096,0.39171294053918315,-0.1178870594608169,0.24079523892548435,0.5394427090201531,0.161705292541426,0.22749886928991406,0.21890547263681592,False,
218,jaspionjader__Kosmos-EVAA-TSN-v20-8B,2024-12-28 22:17:57+00:00,af173989e833ba9571305432aa8eff53c31d6be0,0.4286,0.39171294053918315,-0.03688705946081683,0.22300140408222074,0.48075356081683573,0.1439114576981618,0.10312075983717775,0.1117141564902759,False,
219,jaspionjader__Kosmos-EVAA-TSN-v21-8B,2024-12-28 22:31:29+00:00,379e4cfda4265d9d17c24f4716dc91f7195adab1,0.4326,0.39171294053918315,-0.04088705946081683,0.21889650093936958,0.4608406924828899,0.13980655455531044,0.05201266395296246,0.04568068747173225,False,
220,jaspionjader__Kosmos-EVAA-TSN-v22-8B,2024-12-28 22:56:33+00:00,df4f6696e2c844ea8d14be552315623d4a841ef0,0.4318,0.39171294053918315,-0.040087059460816865,0.21706783543185643,0.4515833293327293,0.13797788904779756,0.0370872908186341,0.031659882406151064,False,
221,pankajmathur__orca_mini_v9_1_1B-Instruct,2024-12-29 00:44:50+00:00,b59553a044c5153d29a7f197b173a1f25e6962ea,0.2768,0.39171294053918315,0.11491294053918316,0.3333671388331278,0.986219762978325,0.2542771924490692,0.7539574853007689,0.746268656716418,False,
222,pankajmathur__orca_mini_v9_0_3B-Instruct,2024-12-29 01:00:38+00:00,87597a041b770b0deebb5267402ef67aa53e6b8a,0.3828,0.39171294053918315,0.008912940539183178,0.26176983791673597,0.6418555508719259,0.1826798915326767,0.3464495703301673,0.3387607417458164,False,
223,allura-org__TQ2.5-14B-Aletheia-v1,2024-12-29 02:00:29+00:00,50832cbfd8b8877b9155538b19fc41ab10d18ec4,0.5636,0.39171294053918315,-0.17188705946081684,0.3024082753902156,0.8141902553275154,0.22331832900615656,0.5599276345545002,0.5373134328358209,False,
224,DavieLion__Llama-3.2-1B-SPIN-iter0,2024-12-29 02:42:16+00:00,818bcbbd872d71576a8481809a4c11137082dbef,0.2408,0.39171294053918315,0.15091294053918317,0.3551079449442601,1.126680247664075,0.2760179985602022,0.8403437358661239,0.856625961103573,False,
225,Daemontatox__PixelParse_AI,2024-12-29 04:32:00+00:00,b2250c89c344135cffeb157801a9911d227534c7,0.4212,0.39171294053918315,-0.029487059460816867,0.22834718984398555,0.5050090077630671,0.1492572434599264,0.14111261872455902,0.1560379918588874,False,
226,BlackBeenie__Llama-3.1-8B-OpenO1-SFT-v0.1,2024-12-29 05:50:37+00:00,d5ffd7652518defd277c9f442bddb062ed87766c,0.3936,0.39171294053918315,-0.0018870594608168534,0.23785045342613043,0.5355110769518048,0.15876050704207145,0.21347806422433288,0.20850293984622342,False,
227,DavieLion__Llama-3.2-1B-SPIN-iter3,2024-12-29 06:27:52+00:00,b1f1c614f98370f3c3302dae89986f8281a5ac23,0.2454,0.39171294053918315,0.14631294053918315,0.3520144761019457,1.1212747047615197,0.2729245297178887,0.8281320669380371,0.8462234283129806,False,
228,DavieLion__Llama-3.2-1B-SPIN-iter1,2024-12-29 07:27:14+00:00,670acaa89a69accb88ebe8e190769da15fc00059,0.2464,0.39171294053918315,0.14531294053918314,0.35524169923446003,1.1286462537476112,0.2761517528504023,0.841248303934871,0.8606965174129353,False,
229,DavieLion__Llama-3.2-1B-SPIN-iter2,2024-12-29 09:28:10+00:00,36d7220920c0b0c48fa2d63c4b480d47dba76d14,0.245,0.39171294053918315,0.14671294053918316,0.3537394109011854,1.12767075042036,0.274649464517128,0.8344640434192673,0.8584350972410674,False,
230,godlikehhd__qwen_ins_ans_2500,2024-12-29 09:37:03+00:00,0bf2560d039368c3d1febcf8d4326edfcf57f2da,0.3352,0.39171294053918315,0.056512940539183154,0.31530443490904886,0.904336872931349,0.23621448852499025,0.6517412935323383,0.6716417910447762,False,
231,JayHyeon__Qwen2.5-0.5B-SFT-7e-5-3ep,2024-12-29 15:05:42+00:00,03e05abf9c5cc28642c099e8adc9cdd270f0742f,0.264,0.39171294053918315,0.12771294053918314,0.34077077547962903,1.0403080969103038,0.2616808290955715,0.7865219357756671,0.7924016282225237,False,
232,JayHyeon__Qwen2.5-0.5B-SFT-5e-5-3ep,2024-12-29 15:05:42+00:00,fe8d431644f58ba55af01b68af636e8a04a9cf7e,0.2726,0.39171294053918315,0.11911294053918314,0.32837326266709477,0.9865486403279254,0.2492833162830365,0.7222976028946179,0.7471732247851651,False,
233,JayHyeon__Qwen2.5-0.5B-SFT-2e-5-3ep,2024-12-29 15:06:56+00:00,a61c17c534577d768d0493f43742a76b6190ca6b,0.2648,0.39171294053918315,0.12691294053918317,0.3349014424240643,1.009387698176608,0.25581149604000664,0.7620985979194934,0.7684305744007237,False,
234,JayHyeon__Qwen2.5-0.5B-SFT-1e-5-3ep,2024-12-29 15:09:59+00:00,a49c0d3d3ed7df05e8c87f97177ba5abbafee5eb,0.2672,0.39171294053918315,0.12451294053918316,0.34019894425297187,1.0348579860921299,0.26110899786891406,0.7860696517412935,0.7865219357756671,False,
235,godlikehhd__qwen-2.5-1.5b-cherry,2024-12-29 15:12:24+00:00,f544f1527f44335290cce220fc02c3e0b3c6e095,0.335,0.39171294053918315,0.05671294053918313,0.3169126295524642,0.8955490309009799,0.23782268316840546,0.6612392582541836,0.6616915422885572,False,
236,JayHyeon__Qwen2.5-0.5B-SFT-1e-4-3ep,2024-12-29 15:29:48+00:00,855062474122ae775ed6065b8d971268fcabde66,0.254,0.39171294053918315,0.13771294053918315,0.34771981492690235,1.0787099693078934,0.26862986854284426,0.8172772501130711,0.815015829941203,False,
237,JayHyeon__Qwen2.5-0.5B-SFT-2e-4-3ep,2024-12-29 15:33:01+00:00,8d39e9d5e4ba2c3155529847fda8a37d37d15596,0.253,0.39171294053918315,0.13871294053918315,0.3510954126143181,1.1061680024250296,0.2720054662302599,0.8258706467661692,0.830393487109905,False,
238,godlikehhd__qwen_2.5-1.5b-cherry_new,2024-12-29 15:52:02+00:00,055045a1d824da6364a331f58445b1c49e7adc71,0.3432,0.39171294053918315,0.04851294053918315,0.3066983338773842,0.8576632218142825,0.2276083874933257,0.5870646766169154,0.5938489371325192,False,
239,someon98__qwen-CoMa-0.5b,2024-12-29 16:17:59+00:00,d852078d6d3e04abd291c4bf18327ce40d49f7ec,0.248,0.39171294053918315,0.14371294053918315,0.36190920791820613,1.1542952308620356,0.282819261534148,0.9072817729534147,0.9109000452284034,False,
240,godlikehhd__qwen_full_data_alpaca,2024-12-29 16:30:27+00:00,10cefad2a69dde0d71f87e1cdafbce4d2773850c,0.3454,0.39171294053918315,0.04631294053918317,0.2998662382404363,0.8303024718813414,0.2207762918563775,0.5440976933514247,0.555857078245138,False,
241,grimjim__Gigantes-v2-gemma2-9b-it,2024-12-29 16:40:55+00:00,665870bdee059a2168e4271606487947fa54709d,0.4874,0.39171294053918315,-0.09568705946081685,0.23319746236093947,0.5143191081293312,0.1541075159768807,0.17955676164631387,0.17503392130257803,False,
242,MrRobotoAI__MrRoboto-ProLong-8b-v4i,2024-12-29 17:59:58+00:00,9bcb26b440cfb35fac0364772f4124722ee9158e,0.3714,0.39171294053918315,0.020312940539183144,0.2428081512997152,0.5709753586890731,0.16371820491565675,0.2433288104929896,0.263681592039801,False,
243,MrRobotoAI__MrRoboto-ProLongBASE-pt8-unaligned-8b,2024-12-29 18:05:47+00:00,5ca4f579959b05a0dfaf71c561cc26c87dfa08f0,0.3638,0.39171294053918315,0.02791294053918314,0.2490561399614972,0.6060689698683084,0.16996619357743895,0.2835820895522388,0.30529172320217096,False,
244,Daemontatox__RA_Reasoner2.0,2024-12-29 18:48:20+00:00,154d45ebbf451293f02e3a15dd14c8501a412906,0.4992,0.39171294053918315,-0.10748705946081683,0.2794182672984281,0.7135371341075228,0.20032832091436975,0.4265038444142922,0.4088647670737223,False,
245,DreadPoor__BaeZel-8B-Model_Stock,2024-12-29 19:00:31+00:00,1a5cbda2aa0f53d0162c1f6e5368d71c706168ce,0.4628,0.39171294053918315,-0.07108705946081684,0.22576573157295637,0.484267697063982,0.14667578518889807,0.1257349615558571,0.12256897331524197,False,
246,Saxo__Linkbricks-Horizon-AI-Korean-Avengers-V3-27B,2024-12-29 19:04:08+00:00,d859163c55cf71752e0e5029f266b0403ca862a9,0.5304,0.39171294053918315,-0.13868705946081683,0.2713726651077837,0.6623992083357071,0.1922827187237246,0.3812754409769335,0.35866123925825416,False,
247,jeffmeloy__Qwen2.5-7B-olm-v1.1,2024-12-29 19:16:50+00:00,6e317c60d4aea7ec69c169f93b43760bb8772d83,0.4742,0.39171294053918315,-0.08248705946081686,0.2582877759292118,0.6557651676315497,0.17919782954515265,0.3301673450927182,0.35278154681139756,False,
248,fluently-sets__FalconThink3-10B-IT,2024-12-29 19:40:49+00:00,162929ecdd5abc46a6a7f4fc0f3c98a27cf2d288,0.5206,0.39171294053918315,-0.1288870594608168,0.2813681929408614,0.7186803948493863,0.20227824655680318,0.438715513342379,0.41655359565807326,False,
249,OEvortex__Emotional-llama-8B,2024-12-29 20:30:25+00:00,8dad0344047fb8374a2217bdf840eab6757f0cbc,0.3952,0.39171294053918315,-0.0034870594608168437,0.22629741404153042,0.48176387126707315,0.14720746765747167,0.12754409769335143,0.11533242876526459,False,
250,zelk12__MT5-Gen5-gemma-2-9B,2024-12-29 20:40:19+00:00,423f7f408290604d708a1d7b1971925abffe9a71,0.4978,0.39171294053918315,-0.10608705946081687,0.23176188984775387,0.4945287146400039,0.1526719434636954,0.16779737675260065,0.13704206241519673,False,
251,bunnycore__Smol-Llama-3.2-3B,2024-12-29 21:03:56+00:00,78cc902ab640a7ffc9657203eb10363f6e697d0b,0.3992,0.39171294053918315,-0.007487059460816847,0.2680672386473695,0.6634345018847414,0.18897729226331061,0.36680235187697874,0.3613749434644957,False,
252,jaspionjader__PRP-Kosmos-EVAA-8B,2024-12-29 21:04:15+00:00,d57d0dfa69a73bf544be12937be00c36e1597ee0,0.4248,0.39171294053918315,-0.03308705946081686,0.21019063979125963,0.43607728874635804,0.1311006934072008,0.008141112618724558,0.012211668928086838,False,
253,jaspionjader__PRP-Kosmos-EVAA-light-8B,2024-12-29 21:10:17+00:00,0ab05d1ceca131058c3ee586dff36aedf6dc6d64,0.4326,0.39171294053918315,-0.04088705946081683,0.21073608823181134,0.4323633226962338,0.13164614184775272,0.010402532790592492,0.009497964721845319,False,
254,Saxo__Linkbricks-Horizon-AI-Korean-Avengers-V2-27B,2024-12-29 21:27:49+00:00,5db2474eb1da491b994a803c5e65e315e80aabe4,0.5124,0.39171294053918315,-0.12068705946081681,0.2519276018295915,0.5826343650880783,0.1728376554455326,0.2966983265490728,0.27905924920850295,False,
255,jaspionjader__Kosmos-EVAA-PRP-8B,2024-12-29 21:28:16+00:00,01ddbece71f3829f242a2fd1ddfa93659f7bb9b6,0.4164,0.39171294053918315,-0.02468705946081684,0.2214046470727942,0.4825265840872207,0.14231470068873503,0.08186341022161918,0.12030755314337403,False,
256,jaspionjader__Kosmos-EVAA-PRP-light-8B,2024-12-29 21:29:18+00:00,f9e0b8d15e516cce821cc4baafec876046fa9320,0.425,0.39171294053918315,-0.03328705946081684,0.2173032635638419,0.46112035576625865,0.1382133171797828,0.03889642695612845,0.04929895974672094,False,
257,jaspionjader__Kosmos-EVAA-PRP-v23-8B,2024-12-29 21:34:37+00:00,7476d111772987712d3ce2dd23e21118c1806083,0.4344,0.39171294053918315,-0.042687059460816856,0.21734692423159063,0.4566877883021356,0.13825697784753174,0.03934871099050204,0.0407055630936228,False,
258,jaspionjader__Kosmos-EVAA-PRP-v24-8B,2024-12-29 22:00:32+00:00,382147f1e06b078480b038ca02ef02163d212d92,0.432,0.39171294053918315,-0.04028705946081684,0.21565978702019023,0.452040275292573,0.13656984063613076,0.028493894165535955,0.03211216644052465,False,
259,grimjim__Gigantes-v3-gemma2-9b-it,2024-12-29 22:04:52+00:00,b2d13ac4ca6e388459f94a7f3cc8d9cabd1833f3,0.4916,0.39171294053918315,-0.09988705946081683,0.2379917646579715,0.533416726790698,0.15890181827391286,0.21438263229308005,0.20714608774310267,False,
260,grimjim__Magnolia-v2-Gemma2-8k-9B,2024-12-29 22:10:43+00:00,0fb831183427069866e426bb4b7b5e9f186cc251,0.508,0.39171294053918315,-0.11628705946081686,0.2474531880956931,0.5716702983717199,0.16836324171163428,0.27634554500226144,0.2641338760741746,False,
261,jaspionjader__Kosmos-EVAA-PRP-v25-8B,2024-12-29 22:16:21+00:00,b2d72e5f875789c5eb89d7ac608c619989c4276f,0.4364,0.39171294053918315,-0.04468705946081686,0.21543194434186158,0.4485539976855808,0.13634199795780247,0.02668475802804161,0.028946178199909543,False,
262,jaspionjader__Kosmos-EVAA-PRP-v26-8B,2024-12-29 23:10:08+00:00,065c537286299d1b83476adc4f3df8935e93efa9,0.431,0.39171294053918315,-0.03928705946081684,0.21277058211482977,0.43736896957870275,0.13368063573077046,0.014925373134328358,0.013568521031207599,False,
263,jaspionjader__Kosmos-EVAA-PRP-v27-8B,2024-12-29 23:14:57+00:00,b3a7cf49d0a9ffd2b96cb349bce4e0d594f10a84,0.4358,0.39171294053918315,-0.04408705946081687,0.21615477356410406,0.45235585874215556,0.1370648271800448,0.031207598371777476,0.033016734509271825,False,
264,jaspionjader__Kosmos-EVAA-PRP-v28-8B,2024-12-30 00:29:01+00:00,881d63fa76c6837ed4fa59d42c74790b014c8344,0.434,0.39171294053918315,-0.042287059460816845,0.21714676176347117,0.4546749402943031,0.13805681537941206,0.037991858887381276,0.0370872908186341,False,
265,sometimesanotion__IF-reasoning-experiment-80,2024-12-30 00:33:37+00:00,e955c8b8d7828632cc92ff5d00ec5300951b2f31,0.3688,0.39171294053918315,0.022912940539183135,0.32363057745886603,0.9352992919498165,0.24454063107480692,0.7001356852103121,0.7055630936227951,False,
266,JayHyeon__Qwen2.5-0.5B-SFT-7e-5-2ep,2024-12-30 00:36:04+00:00,ca3dc004ef12592a77e3025b428edcb7523da9fa,0.251,0.39171294053918315,0.14071294053918315,0.33695243077641046,1.0286260899138333,0.2578624843923532,0.7734056987788331,0.7819990954319312,False,
267,JayHyeon__Qwen2.5-0.5B-SFT-1e-5-2ep,2024-12-30 00:38:43+00:00,0468b2535d9c236289216db27645dbc8b9ac17ec,0.2652,0.39171294053918315,0.12651294053918316,0.34081300632298656,1.0367109278501472,0.2617230599389288,0.7869742198100407,0.788783355947535,False,
268,JayHyeon__Qwen2.5-0.5B-SFT-5e-5-2ep,2024-12-30 00:39:06+00:00,7f0dd36ba90015a731d95e4258901f050f59af8a,0.2648,0.39171294053918315,0.12691294053918317,0.33800545203701116,1.028587628451195,0.2589155056529531,0.777928539122569,0.7815468113975577,False,
269,JayHyeon__Qwen2.5-0.5B-SFT-2e-5-2ep,2024-12-30 00:39:37+00:00,e0a558b234a8f4e625f9e7fc15bb3b03f0fd0d5f,0.2702,0.39171294053918315,0.12151294053918316,0.34161542522337135,1.0350912566133152,0.26252547883931326,0.788783355947535,0.7869742198100407,False,
270,sometimesanotion__IF-reasoning-experiment-40,2024-12-30 01:20:42+00:00,d9d16ce84ab89f95e716242c6899883c6a4929eb,0.5322,0.39171294053918315,-0.14048705946081685,0.3100309785921581,0.8460583046430913,0.2309410322080988,0.61917684305744,0.5757575757575758,False,
271,JayHyeon__Qwen2.5-0.5B-SFT-2e-4-5ep,2024-12-30 05:17:09+00:00,ec89e38c4191f98acdbfed795da735ee9efd6cec,0.2534,0.39171294053918315,0.13831294053918314,0.3553488050067092,1.117859779983754,0.27625885862265165,0.8426051560379919,0.8426051560379919,False,
272,jaspionjader__Kosmos-EVAA-PRP-v29-8B,2024-12-30 05:47:25+00:00,405025bc4263fe345a1e319e652cb61d02be387f,0.431,0.39171294053918315,-0.03928705946081684,0.21471962664259214,0.4448793813988012,0.1356296802585329,0.02397105382180009,0.022614201718679332,False,
273,jaspionjader__Kosmos-EVAA-PRP-v30-8B,2024-12-30 06:37:24+00:00,8edbf7b5c7059ecbab555e9fd2a4a47e3483c5a5,0.4334,0.39171294053918315,-0.041687059460816855,0.21919348987005038,0.4663131504618868,0.14010354348599108,0.05698778833107191,0.06467661691542288,False,
274,jaspionjader__Kosmos-EVAA-PRP-v31-8B,2024-12-30 06:41:22+00:00,6bf58413dd4e40c2ff33ca8a9832afec8924d00c,0.4306,0.39171294053918315,-0.03888705946081683,0.2201658718198965,0.4691500439967448,0.141075925435837,0.06603346901854365,0.07553143374038897,False,
275,jaspionjader__Kosmos-EVAA-PRP-v32-8B,2024-12-30 06:45:06+00:00,ad9249fef46742b3d8d6de2e10bbd79f2c9da82a,0.4346,0.39171294053918315,-0.042887059460816834,0.21345417017544446,0.44538074582868714,0.13436422379138527,0.016282225237449117,0.02397105382180009,False,
276,jaspionjader__Kosmos-EVAA-PRP-v33-8B,2024-12-30 07:07:30+00:00,78bd54273a780442a0bf512faf51d5eb773fcdf7,0.4336,0.39171294053918315,-0.04188705946081683,0.22119113201277063,0.4737362687873245,0.14210118562871124,0.07869742198100407,0.08909995477159656,False,
277,JayHyeon__Qwen2.5-0.5B-SFT-2e-5-5ep,2024-12-30 07:10:55+00:00,1211e9c6a78c9de4d0d517c6182cbc804f9c6161,0.2738,0.39171294053918315,0.11791294053918316,0.33175864622357765,0.9912591099898593,0.2526686998395195,0.7449118046132972,0.751696065128901,False,
278,jaspionjader__Kosmos-EVAA-PRP-v34-8B,2024-12-30 07:12:45+00:00,af17d8bf7517a18519c786ad0f1805f42cf3c302,0.4336,0.39171294053918315,-0.04188705946081683,0.22243233117696132,0.4764870406223352,0.1433423847929017,0.09543193125282677,0.09814563545906829,False,
279,JayHyeon__Qwen2.5-0.5B-SFT-5e-5-5ep,2024-12-30 07:35:08+00:00,db37497abb653bd2bcf4f92bb3b58495aaedf0bc,0.2658,0.39171294053918315,0.12591294053918317,0.32991433487575356,0.9991865760646081,0.2508243884916956,0.7336047037539575,0.7575757575757576,False,
280,JayHyeon__Qwen2.5-0.5B-SFT-7e-5-5ep,2024-12-30 07:40:11+00:00,c070941df59f34f795e3afacc7a0ba98ee6a9702,0.2638,0.39171294053918315,0.12791294053918317,0.34194653759791566,1.0492091625657343,0.262856591213857,0.7905924920850294,0.7973767526006332,False,
281,JayHyeon__Qwen2.5-0.5B-SFT-1e-4-2ep,2024-12-30 07:50:00+00:00,cabf60734f24de87046524123f4398a528faf311,0.2574,0.39171294053918315,0.13431294053918313,0.347912783712233,1.0811833601576863,0.26882283732817425,0.8177295341474446,0.8181818181818182,False,
282,grimjim__Magnolia-v2-12B,2024-12-30 07:51:03+00:00,f614577a7a2367eacc8449118a7b6fbaed87860b,0.433,0.39171294053918315,-0.041287059460816844,0.24379956501273722,0.5550880869202819,0.16470961862867847,0.2496607869742198,0.23880597014925373,False,
283,JayHyeon__Qwen2.5-0.5B-SFT-2e-4-2ep,2024-12-30 07:52:36+00:00,f07d10aa35c5408ec66e0850222bc25fd13bcd21,0.2432,0.39171294053918315,0.14851294053918315,0.348618587972908,1.0810269617828485,0.26952864158884965,0.819538670284939,0.8177295341474446,False,
284,JayHyeon__Qwen2.5-0.5B-SFT-1e-4-5ep,2024-12-30 08:05:00+00:00,e166012be87d48141a197e219533e5672744a5ee,0.2532,0.39171294053918315,0.13851294053918317,0.3572763768957269,1.1150523969318753,0.2781864305116684,0.8548168249660787,0.8389868837630031,False,
285,SkyOrbis__SKY-Ko-Llama3.2-3B-lora-epoch2,2024-12-30 08:14:07+00:00,57f9016473e5bffeb66cb0f277e4596ad5ed4d17,0.3812,0.39171294053918315,0.010512940539183169,0.27377805138398237,0.7060246408906987,0.1946881049999234,0.39032112166440525,0.40027137042062416,False,
286,JayHyeon__Qwen2.5-0.5B-SFT-1e-5-5ep,2024-12-30 08:50:26+00:00,c640826d29aaea7a75ecb9934847c7751712de76,0.2674,0.39171294053918315,0.12431294053918313,0.3345579867248786,1.0024493481735621,0.2554680403408195,0.7607417458163727,0.7607417458163727,False,
287,T145__ZEUS-8B-V13,2024-12-30 09:11:51+00:00,5099ec4048aa4247d60c897ac151107deb3e8b33,0.4634,0.39171294053918315,-0.07168705946081683,0.24292703090731224,0.5539003038628068,0.16383708452325366,0.24423337856173677,0.23563998190863863,False,
288,Saxo__Linkbricks-Horizon-AI-Avengers-V2-32B,2024-12-30 09:32:59+00:00,dfc2432e6ea2e0d8801487827827e6b28934e228,0.534,0.39171294053918315,-0.14228705946081688,0.27904036878027116,0.6995173012277363,0.19995042239621205,0.42469470827679784,0.3943916779737675,False,
289,grimjim__Magnolia-v1-Gemma2-8k-9B,2024-12-30 10:04:46+00:00,7fa81183e61bf682cb66347eb0fb2208b7d4fb06,0.4574,0.39171294053918315,-0.06568705946081682,0.253256141291779,0.5904828865385613,0.17416619490772073,0.3039348710990502,0.28674807779285394,False,
290,qingy2024__OwO-14B-Instruct,2024-12-30 10:35:39+00:00,504cb1fb9ab129fabc6dad7162128d420619d926,0.4984,0.39171294053918315,-0.10668705946081686,0.28399472650400726,0.7457030953066899,0.2049047801199477,0.45816372682044326,0.451831750339213,False,
291,Saxo__Linkbricks-Horizon-AI-Avengers-V1-32B,2024-12-30 11:54:11+00:00,e724eff5f1148702e7305bb81a50e0948544a2e2,0.5526,0.39171294053918315,-0.16088705946081683,0.27627061035784056,0.6967144129385495,0.19718066397378184,0.40388964269561284,0.38986883763003166,False,
292,sometimesanotion__Qwen2.5-14B-Vimarckoso-v3-Prose01,2024-12-30 12:35:02+00:00,6da733fef5d063f0d755a9fae5cce0ed8aaf978a,0.558,0.39171294053918315,-0.1662870594608169,0.32022795761382755,0.8906960363659159,0.24113801122976883,0.6806874717322479,0.6512890094979648,False,
293,grimjim__Magot-v2-Gemma2-8k-9B,2024-12-30 14:09:04+00:00,4ea47368cb46c650c53da1b14d702285e64062ad,0.4826,0.39171294053918315,-0.09088705946081682,0.23252194520236338,0.5144648519135416,0.15343199881830444,0.1723202170963365,0.1754862053369516,False,
294,Daemontatox__AetherSett,2024-12-30 14:23:43+00:00,b8ee9e20de6e12bd39c686cd4455190c02d3ccee,0.4818,0.39171294053918315,-0.09008705946081685,0.29434110684324294,0.8126253103476084,0.21525116045918463,0.5187697874265038,0.5359565807327001,False,
295,Daemontatox__Sphinx2.0,2024-12-30 15:58:07+00:00,e1af266bba5e466066e9eb72d8688dde375ddf13,0.5088,0.39171294053918315,-0.11708705946081688,0.26088746107739674,0.6204202039922415,0.18179751469333782,0.3414744459520579,0.31840796019900497,False,
296,zelk12__MT-Merge5-gemma-2-9B,2024-12-30 17:09:02+00:00,5aa994f7b20f3c3ba0bed3e59efaf17fe98730d3,0.5118,0.39171294053918315,-0.12008705946081688,0.24258059268469045,0.5416560180582258,0.16349064630063218,0.24151967435549526,0.22116689280868385,False,
297,T145__ZEUS-8B-V2-abliterated,2024-12-30 17:25:26+00:00,0b4187ea3ffe451c532e23efc2088422a05a9a72,0.4554,0.39171294053918315,-0.06368705946081687,0.24411218654453118,0.5620138443398213,0.1650222401604727,0.25282677521483493,0.24920850293984623,False,
298,pankajmathur__orca_mini_v9_5_1B-Instruct_preview,2024-12-30 17:51:18+00:00,1f2fe014c87455fe688aaca142f0fec457976a63,0.275,0.39171294053918315,0.11671294053918313,0.36388406717599686,1.153648989099574,0.28479412079193916,0.9226594301221167,0.9104477611940298,False,
299,OpenBuddy__openbuddy-qwq-32b-v24.2-200k,2024-12-30 20:36:19+00:00,89d4abf37eab9650fd5b3728d883978b221b86a4,0.577,0.39171294053918315,-0.1852870594608168,0.30083755562915016,0.8188570417291122,0.22174760924509082,0.5495251017639078,0.5436454093170511,False,
300,Daemontatox__PathFinderAI2.0,2024-12-30 20:53:07+00:00,63035875b57f5b9ae6197fab532b9f92f6c4258f,0.5332,0.39171294053918315,-0.14148705946081686,0.28959942095043256,0.7808402332364542,0.21050947456637353,0.49072817729534146,0.4993215739484396,False,
301,grimjim__Magnolia-v3-Gemma2-8k-9B,2024-12-30 22:54:13+00:00,f459facdd37121345db79f84a86cd426ff3dddc2,0.5072,0.39171294053918315,-0.11548705946081683,0.24677894636645764,0.5651632765893274,0.16768899998239858,0.27182270465852554,0.25554047942107644,False,
302,T145__ZEUS-8B-V14,2024-12-31 00:02:35+00:00,ad42baaec6202067e745b6cc9845b11d551623bb,0.463,0.39171294053918315,-0.07128705946081687,0.2417625949841588,0.5533821318909002,0.16267264860010017,0.23518769787426505,0.23383084577114427,False,
303,SkyOrbis__SKY-Ko-Llama3.2-3B-lora-epoch3,2024-12-31 00:34:52+00:00,4ccc9834b6a2493c7f735c4f4a9c11abc2167e2e,0.3812,0.39171294053918315,0.010512940539183169,0.27377805138398237,0.7060246408906987,0.1946881049999234,0.39032112166440525,0.40027137042062416,False,
304,JayHyeon__Qwen2.5-0.5B-SFT-2e-5-5ep-MDPO_5e-7_3ep_0alp_0lam_2ep,2024-12-31 01:54:55+00:00,fa85092f19bda13b8de313bf8e5e585d7f8bd824,0.2678,0.39171294053918315,0.12391294053918317,0.35770063825550547,1.1209304376904814,0.27861069187144744,0.8597919493441881,0.8453188602442334,False,
305,JayHyeon__Qwen2.5-0.5B-SFT-2e-5-5ep-MDPO_5e-7_3ep_0alp_0lam,2024-12-31 02:00:45+00:00,48812da416b129b24e9f72e389e7b2748c5eee1d,0.2728,0.39171294053918315,0.11891294053918317,0.35876750572412025,1.1279276015063624,0.2796775593400616,0.872003618272275,0.858887381275441,False,
306,JayHyeon__Qwen2.5-0.5B-SFT-2e-5-5ep-MDPO_7e-7_3ep_0alp_0lam,2024-12-31 02:01:57+00:00,61844c3854ed289ad26b6a56c0dbf82f3f7bf2f6,0.2672,0.39171294053918315,0.12451294053918316,0.36126440834960233,1.1410200420391345,0.28217446196554424,0.8986883763003166,0.89280868385346,False,
307,JayHyeon__Qwen2.5-0.5B-SFT-2e-5-5ep-MDPO_5e-7_3ep_0alp_0lam_1ep,2024-12-31 02:18:07+00:00,9b8bd0aeef2af22daf86b0c884b5debdb376ef56,0.2658,0.39171294053918315,0.12591294053918317,0.36138898211616155,1.1386103362010005,0.28229903573210297,0.8995929443690638,0.8855721393034826,False,
308,JayHyeon__Qwen2.5-0.5B-SFT-2e-5-5ep-MDPO_7e-7_3ep_0alp_0lam_2ep,2024-12-31 02:23:15+00:00,ae02428f06f75236a5ff9fe1b89c2036a49065d6,0.2704,0.39171294053918315,0.12131294053918318,0.3576678276705878,1.1218953863383379,0.27857788128652944,0.8593396653098145,0.8480325644504749,False,
309,JayHyeon__Qwen2.5-0.5B-SFT-2e-5-5ep-MDPO_7e-7_3ep_0alp_0lam_1ep,2024-12-31 02:24:10+00:00,628de9830bff0d58984f34b1e65575efe8c47b7a,0.2682,0.39171294053918315,0.12351294053918316,0.3584294750552416,1.125238968492751,0.2793395286711832,0.8688376300316599,0.8552691090004523,False,
310,godlikehhd__ifd_2500_qwen,2024-12-31 04:03:45+00:00,f9ce55e2f0eb247c6777c7ee6573528613423d03,0.3488,0.39171294053918315,0.04291294053918315,0.30324815580262127,0.8515654084904206,0.224158209418562,0.5630936227951153,0.5838986883763003,False,
311,godlikehhd__ifd_new_qwen_2500,2024-12-31 04:09:11+00:00,c23e33005c1bf0350a4b408d3b3d6f21319bb89f,0.3456,0.39171294053918315,0.046112940539183134,0.3053267788106093,0.8532474857300065,0.22623683242655002,0.5775667118950701,0.5870646766169154,False,
312,Saxo__Linkbricks-Horizon-AI-Avengers-V3-32B,2024-12-31 04:43:31+00:00,b493ce5307faf3fb24e30a877f754cc18b325199,0.5402,0.39171294053918315,-0.14848705946081686,0.2737107969968191,0.6817738214154199,0.19462085061276052,0.38986883763003166,0.3758480325644505,False,
313,Saxo__Linkbricks-Horizon-AI-Avengers-V4-32B,2024-12-31 05:59:35+00:00,25f7f19f9a856feeb442fd960c3485a524e55427,0.5918,0.39171294053918315,-0.20008705946081684,0.3093560348710817,0.863439297755686,0.23026608848702299,0.6105834464043419,0.602894617819991,False,
314,SkyOrbis__SKY-Ko-Llama3.1-8B-lora,2024-12-31 06:02:35+00:00,9ae27c70d351aa1aa13ce101d52ca61563f39da7,0.434,0.39171294053918315,-0.042287059460816845,0.24626055248386852,0.5816418546679997,0.1671706060998092,0.26865671641791045,0.276797829036635,False,
315,cloudyu__Mixtral_7Bx2_MoE,2024-12-31 06:38:27+00:00,bc869096dfc89c9c1d93bf4093285748fb5dcd2d,0.4216,0.39171294053918315,-0.029887059460816823,0.20643324064799967,0.41699543711419584,0.12734329426394053,0.0013568521031207597,0.0009045680687471732,False,
316,T145__ZEUS-8B-V15,2024-12-31 06:42:58+00:00,d3cf27ad10159d40125ac76fe06083d2e963d7ea,0.445,0.39171294053918315,-0.053287059460816855,0.2155853937591361,0.44215889358278626,0.13649544737507716,0.02804161013116237,0.018995929443690638,False,
317,T145__ZEUS-8B-V2-ORPO,2024-12-31 06:43:29+00:00,cf5e5499c395efa07354d910a24576fcce842b47,0.4406,0.39171294053918315,-0.04888705946081684,0.23389468245757175,0.5094905728799143,0.1548047360735129,0.18498417005879692,0.16327453640886477,False,
318,TheDrunkenSnail__Son-of-Rhodia,2024-12-31 07:43:51+00:00,1aa39387ec04e45bee6655a5f11a73cc79dd8f8a,0.4356,0.39171294053918315,-0.043887059460816835,0.25167152017649935,0.5919178235855251,0.17258157379244024,0.29534147444595205,0.28991406603346903,False,
319,JayHyeon__Qwen2.5-0.5B-SFT-2e-5-2ep-MDPO_5e-7_2ep_0alp_0lam,2024-12-31 08:20:06+00:00,4f656bc45eb6fc44ff74eb52eb7d9a5a32a4abb4,0.2614,0.39171294053918315,0.13031294053918313,0.36100933780880473,1.1421479943324466,0.2819193914247461,0.8946178199909544,0.8955223880597015,False,
320,JayHyeon__Qwen2.5-0.5B-SFT-2e-5-2ep-MDPO_5e-7_1ep_0alp_0lam,2024-12-31 08:23:06+00:00,0cc383091f730b87c820292bdefc3df5aa905007,0.2646,0.39171294053918315,0.12711294053918315,0.36120742055495536,1.1412348823352694,0.2821174741708965,0.8973315241971959,0.8932609678878336,False,
321,godlikehhd__ifd_new_correct_sample_2500_qwen,2024-12-31 08:43:42+00:00,6cc020427158b5238731a6b356078e05c014f9a3,0.344,0.39171294053918315,0.04771294053918318,0.305766154827156,0.8589554169223357,0.22667620844309655,0.5798281320669381,0.5965626413387607,False,
322,godlikehhd__ifd_new_correct_all_sample_2500_qwen,2024-12-31 09:00:42+00:00,288e493ffbd154c0d139b363d2fef5b06e01df94,0.3364,0.39171294053918315,0.055312940539183175,0.2958240588847651,0.7991770039500762,0.21673411250070618,0.5246494798733605,0.5214834916327453,False,
323,bunnycore__Qwen2.5-3B-RP-Thinker,2024-12-31 09:34:23+00:00,e00e7283ddf55510af973da9c8405313b94ef0b2,0.3472,0.39171294053918315,0.04451294053918314,0.27975010235871073,0.7309787050671899,0.200660155974651,0.4283129805517865,0.43419267299864317,False,
324,JayHyeon__Qwen2.5-0.5B-SFT-2e-5-2ep-MDPO_5e-7-3ep_0alp_0lam,2024-12-31 09:57:54+00:00,3dba41d758c5d963b0803598033fdfd156602b7e,0.2612,0.39171294053918315,0.13051294053918316,0.35734219148942636,1.1211320980826869,0.2782522451053676,0.8561736770691994,0.845771144278607,False,
325,bunnycore__Qwen2.5-3B-RP-Thinker-V2,2024-12-31 12:54:49+00:00,836ea3d70ee9a53a6cd928f73102e45bc5917e18,0.3852,0.39171294053918315,0.006512940539183165,0.2577508291767205,0.6404907435521711,0.17866088279266143,0.32700135685210313,0.33649932157394846,False,
326,DreadPoor__Happy_New_Year-8B-Model_Stock,2024-12-31 13:47:21+00:00,1450e9d8aba100d6e95ed27c0ffb4245f9c13f4f,0.4606,0.39171294053918315,-0.06888705946081686,0.2217254237231356,0.4670783944998408,0.1426354773390769,0.08638625056535504,0.06648575305291723,False,
327,Saxo__Linkbricks-Horizon-AI-Avengers-V5-32B,2024-12-31 15:45:06+00:00,97ada5d9f93e0c14d607be95b7a3076e7f73a4df,0.5918,0.39171294053918315,-0.20008705946081684,0.31153104024015216,0.8759545556379659,0.2324410938560935,0.6273179556761647,0.6227951153324288,False,
328,zelk12__MT1-Gen5-IF-gemma-2-S2DMv1-9B,2024-12-31 16:58:18+00:00,27a40de2324fbf1923ba0cb4401fca4b8b8d9952,0.4882,0.39171294053918315,-0.09648705946081687,0.22660403210116742,0.4719394785828549,0.1475140857171091,0.13025780189959293,0.08231569425599276,False,
329,zelk12__Rv0.4DMv1t0.25-gemma-2-9B,2024-12-31 17:18:52+00:00,b597aab88932ba3555cbb170d293213c38daff78,0.5104,0.39171294053918315,-0.11868705946081681,0.2472464582406485,0.5686464822586207,0.16815651185659009,0.27408412483039346,0.2600633197648123,False,
330,zelk12__Rv0.4DMv1t0.25Tt0.25-gemma-2-9B,2024-12-31 17:30:46+00:00,5de5f861ebd7036b64202389b9d64679b504ad9f,0.5036,0.39171294053918315,-0.1118870594608169,0.2357193191474646,0.5170283310575625,0.15662937276340597,0.19719583898688375,0.17955676164631387,False,
331,zelk12__T31122024203920-gemma-2-9B,2024-12-31 18:24:39+00:00,cccd82b98226d96aeacf88581c698cb4a0a899bf,0.5078,0.39171294053918315,-0.11608705946081688,0.23595526283865262,0.5253840051940019,0.15686531645459406,0.20126639529624604,0.19222071460877432,False,
332,Daemontatox__TinySphinx2.0,2024-12-31 19:44:35+00:00,dd48f1c065349095c2ae2a5f928eead581e92810,0.2654,0.39171294053918315,0.12631294053918313,0.3344160504634811,1.0097004399101246,0.2553261040794225,0.7602894617819991,0.7688828584350973,False,
333,Daemontatox__TinySphinx,2024-12-31 19:47:39+00:00,25634a58e004209dbf68b589cb170724fd18d6ae,0.272,0.39171294053918315,0.11971294053918313,0.338023750848069,1.036196482442549,0.25893380446401076,0.7788331071913162,0.7878787878787878,False,
334,Daemontatox__ReasonTest,2024-12-31 20:06:33+00:00,211c4ed5312a5fcb95946e57a881bc08fd5c0ea8,0.4532,0.39171294053918315,-0.06148705946081684,0.2538498978185606,0.6201828271098265,0.17475995143450176,0.3075531433740389,0.3179556761646314,False,
335,Daemontatox__SphinX,2024-12-31 20:16:03+00:00,ec4ccbbe123445085f504fdc90794199240766cb,0.469,0.39171294053918315,-0.07728705946081682,0.28829613486067385,0.7643619816175892,0.20920618847661562,0.48484848484848486,0.47535052012663953,False,
336,DreadPoor__Here_We_Go_Again-8B-SLERP,2024-12-31 20:17:34+00:00,00be7c1019612933eccfa004b0f4f21715b128c9,0.47,0.39171294053918315,-0.07828705946081682,0.22778636557986306,0.49136019953697113,0.14869641919580473,0.13613749434644956,0.13251922207146088,False,
337,Daemontatox__PathFinderAi3.0,2024-12-31 20:18:45+00:00,04bef7f5a96ea7cc49d091322f0affe432a073a3,0.596,0.39171294053918315,-0.20428705946081682,0.3302326568691986,0.9731926118518479,0.25114271048513986,0.7354138398914518,0.7331524197195839,False,
338,Daemontatox__NemoR,2024-12-31 20:41:26+00:00,0cbc3b1e6a2e48e1976e189974e4c219bfbb248c,0.4176,0.39171294053918315,-0.025887059460816875,0.2782160547274001,0.7184008347153792,0.19912610834334055,0.41655359565807326,0.4156490275893261,False,
339,T145__ZEUS-8B-V16,2024-12-31 23:17:29+00:00,2fce971e5dda12ab0920e44009783b8a6b52cc8e,0.46,0.39171294053918315,-0.06828705946081687,0.24759573703699758,0.568673830205882,0.16850579065293908,0.276797829036635,0.26051560379918587,False,
340,sometimesanotion__Lamarck-14B-v0.6-model_stock,2024-12-31 23:59:46+00:00,a29252861faa6e05602174b3e0e25fe3168111b4,0.553,0.39171294053918315,-0.1612870594608169,0.3173580515913299,0.8862009268493457,0.2382681052072714,0.6625961103573044,0.6372682044323835,False,
341,jaspionjader__test-10,2025-01-01 00:06:20+00:00,8106a95514a523b37e8a6b0185bef90a3e4512b1,0.434,0.39171294053918315,-0.042287059460816845,0.2229053688480127,0.4742497722009113,0.14381542246395335,0.10221619176843058,0.09226594301221167,False,
342,jaspionjader__test-11,2025-01-01 00:34:17+00:00,a344363696ac15d357288084464860e848d6dc8a,0.4366,0.39171294053918315,-0.044887059460816836,0.22422666666396557,0.47958575198817754,0.14513672027990618,0.11352329262777024,0.10764360018091361,False,
343,JayHyeon__Qwen2.5-0.5B-SFT-2e-5-2ep-DPO_5e-7_3ep_0alp_0lam,2025-01-01 01:10:39+00:00,4d1b995ce8881b8357db3cbb98330e0d60a984fc,0.2618,0.39171294053918315,0.12991294053918317,0.35878877183595376,1.1294679376467336,0.2796988254518951,0.8729081863410222,0.8625056535504296,False,
344,JayHyeon__Qwen2.5-0.5B-SFT-2e-5-2ep-DPO_5e-7_2ep_0alp_0lam,2025-01-01 01:15:17+00:00,960455144e64bd51e821e9c38e1c9af67cbe005a,0.2602,0.39171294053918315,0.13151294053918317,0.35919666893712326,1.1314328512741587,0.2801067225530643,0.8765264586160109,0.8697421981004071,False,
345,JayHyeon__Qwen2.5-0.5B-SFT-2e-5-2ep-DPO_7e-7_2ep_0alp_0lam,2025-01-01 02:36:55+00:00,b264a2f71febc178bb1ceaa7024165235be05d43,0.2604,0.39171294053918315,0.13131294053918313,0.3608865250107529,1.13632683376229,0.28179657862669377,0.89280868385346,0.8787878787878788,False,
346,JayHyeon__Qwen2.5-0.5B-SFT-2e-5-2ep-DPO_7e-7_3ep_0alp_0lam,2025-01-01 02:37:23+00:00,112136e18041e5e5d1b328ca48812020ba47adad,0.2608,0.39171294053918315,0.13091294053918318,0.3616863350851472,1.1423644533999937,0.2825963887010883,0.9054726368159204,0.8959746720940751,False,
347,JayHyeon__Qwen2.5-0.5B-SFT-2e-5-2ep-DPO_7e-7_1ep_0alp_0lam,2025-01-01 02:41:25+00:00,0a88be4990827db8947c9a62f5bec09377835740,0.2638,0.39171294053918315,0.12791294053918317,0.36321192562005594,1.1449021721266677,0.284121979235997,0.9194934418815016,0.898236092265943,False,
348,jaspionjader__test-20,2025-01-01 02:45:03+00:00,7f370a59af4d62a1953985bdb257b1dbfbde8501,0.4368,0.39171294053918315,-0.04508705946081687,0.22412822365483157,0.4810665213926043,0.1450382772707722,0.11307100859339665,0.11352329262777024,False,
349,JayHyeon__Qwen2.5-0.5B-SFT-2e-5-2ep-DPO_5e-7_1ep_0alp_0lam,2025-01-01 02:46:00+00:00,7418382c57edc6642d26c8f9d8c7197a43655099,0.2624,0.39171294053918315,0.12931294053918313,0.3616448343635799,1.142041863022267,0.2825548879795211,0.9041157847127996,0.8950701040253279,False,
350,JayHyeon__Qwen2.5-0.5B-SFT-2e-5-2ep-MDPO_7e-7-3ep_0alp_0lam,2025-01-01 02:50:52+00:00,5e9e69fa31bf69a93d97b71342b6646b2bbc277c,0.2586,0.39171294053918315,0.13311294053918316,0.3595986346215508,1.133220146288282,0.28050868823749187,0.8801447308909995,0.8733604703753958,False,
351,jaspionjader__test-12,2025-01-01 02:50:57+00:00,106a8ddcdeccc20b25ccee7e1325d90d0c2397c3,0.4346,0.39171294053918315,-0.042887059460816834,0.22207771409472238,0.4752113434457042,0.14298776771066293,0.09045680687471733,0.09317051108095885,False,
352,JayHyeon__Qwen2.5-0.5B-SFT-2e-5-2ep-MDPO_7e-7_1ep_0alp_0lam,2025-01-01 03:01:18+00:00,4697ea3211055f2c1dd3404c83148cbfaa4d9da1,0.2604,0.39171294053918315,0.13131294053918313,0.3625300395140267,1.1474447502722294,0.28344009312996743,0.911352329262777,0.9009497964721845,False,
353,jaspionjader__test-13,2025-01-01 03:07:17+00:00,a751ee0fb78d938e20b88e546800507469fa7428,0.4356,0.39171294053918315,-0.043887059460816835,0.2235548300920585,0.47697355693668,0.14446488370799884,0.1080958842152872,0.09995477159656264,False,
354,JayHyeon__Qwen2.5-0.5B-SFT-2e-5-2ep-MDPO_7e-7_2ep_0alp_0lam,2025-01-01 03:08:28+00:00,6a6a37e55bee00f36f671913ef7a5996ad334e73,0.26,0.39171294053918315,0.13171294053918314,0.36048952881107604,1.1351368825415655,0.28139958242701696,0.8887381275440976,0.8760741745816373,False,
355,jaspionjader__test-14,2025-01-01 03:16:07+00:00,a37327ca8a157af69931a87d9cdac9f122570cf5,0.4366,0.39171294053918315,-0.044887059460816836,0.22254129580403081,0.47601347176962355,0.1434513494199715,0.09678878335594754,0.09543193125282677,False,
356,jaspionjader__test-16,2025-01-01 03:16:56+00:00,530977ca45db78161cb2dce897c880c9980e7279,0.437,0.39171294053918315,-0.04528705946081685,0.22365166045302007,0.4819961749437997,0.14456171406896048,0.10945273631840796,0.11668928086838534,False,
357,jaspionjader__test-15,2025-01-01 03:18:45+00:00,27cd5fce3d82252c5742e6a75476760aa496b3fb,0.4338,0.39171294053918315,-0.04208705946081687,0.22181184943057827,0.4729229499022437,0.14272190304651888,0.0877431026684758,0.08683853459972862,False,
358,jaspionjader__test-18,2025-01-01 03:19:14+00:00,2c20ea1407cc3728f841ba2bdc6b212dc2050805,0.4324,0.39171294053918315,-0.040687059460816855,0.22217327121663225,0.4727702454002927,0.14308332483257283,0.0913613749434645,0.08548168249660787,False,
359,jaspionjader__test-17,2025-01-01 03:20:38+00:00,4a81c7431a54d1c15a15d689874308819632d8d6,0.432,0.39171294053918315,-0.04028705946081684,0.22195916346023165,0.47408667647706076,0.14286921707617226,0.08955223880597014,0.09090909090909091,False,
360,jaspionjader__test-19,2025-01-01 03:23:10+00:00,2800b72c514b99659ef8c609a84a040afb9d5c61,0.43,0.39171294053918315,-0.03828705946081684,0.2212068048550393,0.4707755865228414,0.1421168584709798,0.07960199004975124,0.07824513794663049,False,
361,T145__ZEUS-8B-V13-abliterated,2025-01-01 03:29:39+00:00,df984ab62c5335a014483d30d208fb3ff113d803,0.452,0.39171294053918315,-0.06028705946081686,0.23632717073177834,0.5310349158014314,0.15723722434771964,0.20352781546811397,0.2026232473993668,False,
362,Ahdoot__StructuredThinker-v0.3-MoreStructure,2025-01-01 03:42:12+00:00,9dc2ce9251b6b4050a43b3b4d53fcd72e50bceb6,0.4146,0.39171294053918315,-0.022887059460816872,0.28230445836657797,0.7506063385209556,0.20321451198251844,0.4468566259611036,0.45725915875169604,False,
363,JayHyeon__Qwen2.5-0.5B-SFT-2e-5-2ep-MDPO_1e-6_2ep_0alp_0lam,2025-01-01 04:32:34+00:00,1643d438e52f8d36f48ba74f2f0a1c972cf5ea1e,0.2606,0.39171294053918315,0.13111294053918315,0.36061193331945773,1.1402005991897404,0.2815219869353991,0.8900949796472184,0.8905472636815921,False,
364,T145__ZEUS-8B-V17,2025-01-01 04:33:29+00:00,0bb42e3eb57c40b3f042b2cdff65110db30893a6,0.464,0.39171294053918315,-0.07228705946081687,0.24954969415462389,0.5795154455955871,0.1704597477705657,0.28674807779285394,0.2722749886928991,False,
365,JayHyeon__Qwen2.5-0.5B-SFT-2e-5-2ep-MDPO_1e-6_1ep_0alp_0lam,2025-01-01 04:36:33+00:00,82a75c4649480eb4423f80a7a05460f6620f68ad,0.2646,0.39171294053918315,0.12711294053918315,0.35861185259696937,1.1283708533524224,0.2795219062129101,0.8697421981004071,0.8597919493441881,False,
366,JayHyeon__Qwen2.5-0.5B-SFT-2e-5-2ep-MDPO_2e-6_1ep_0alp_0lam,2025-01-01 04:42:40+00:00,0f8f8eb2f95a9b6bf879c1bfc9194b9469f2e9aa,0.2662,0.39171294053918315,0.12551294053918316,0.3593585591411377,1.1311280249872233,0.28026861275707887,0.8778833107191316,0.8683853459972863,False,
367,JayHyeon__Qwen2.5-0.5B-SFT-2e-5-2ep-MDPO_2e-6_2ep_0alp_0lam,2025-01-01 04:47:04+00:00,0005d85c565e39ec24d2e62a200c04ff3afd3408,0.2608,0.39171294053918315,0.13091294053918318,0.3549646971023459,1.116615225259374,0.27587475071828726,0.8398914518317503,0.8398914518317503,False,
368,JayHyeon__Qwen2.5-0.5B-SFT-2e-5-2ep-MDPO_1e-6-3ep_0alp_0lam,2025-01-01 04:51:17+00:00,0b9dcc7912cf22045f32f0477a907b8ffb311c4e,0.2608,0.39171294053918315,0.13091294053918318,0.35806911951187287,1.1314191300961112,0.27897917312781445,0.864314789687924,0.8692899140660335,False,
369,JayHyeon__Qwen2.5-0.5B-SFT-2e-5-2ep-MDPO_2e-6-3ep_0alp_0lam,2025-01-01 04:56:12+00:00,8735e746a80fcd8bc44757d3923673c4ed94f012,0.2644,0.39171294053918315,0.12731294053918313,0.355934367817161,1.1216657150088127,0.27684442143310223,0.8462234283129806,0.8475802804161013,False,
370,netcat420__Qwen2.5-Coder-Scholar-7B-Abliterated-MFANN,2025-01-01 06:39:22+00:00,251e11d3466910c513a31c3ded5aca1883a0a80c,0.4184,0.39171294053918315,-0.026687059460816842,0.27918625959392007,0.7336103310639164,0.20009631320986102,0.425599276345545,0.43735866123925826,False,
371,agentlans__Qwen2.5-0.5B-Instruct-CrashCourse-dropout,2025-01-01 06:48:51+00:00,a920c12a8164af2cde0dddb9662f3f09be76349c,0.2714,0.39171294053918315,0.12031294053918318,0.34276947820225484,1.047879597719551,0.2636795318181956,0.7946630483943917,0.7969244685662596,False,
372,Skywork__Skywork-o1-Open-Llama-3.1-8B,2025-01-01 07:16:21+00:00,f152cf7adafb1cac65e4293fc69e605f49344057,0.345,0.39171294053918315,0.04671294053918318,0.2641709274328005,0.6600040665071337,0.18508098104874113,0.35368611488014473,0.35549525101763907,False,
373,Saxo__Linkbricks-Horizon-AI-Avengers-V6-32B,2025-01-01 07:27:07+00:00,ecff7c07f3fab7abc2fc9f33415de9b4b562cdad,0.5378,0.39171294053918315,-0.1460870594608168,0.27363994054611407,0.6836806925314021,0.19454999416205557,0.3885119855269109,0.3776571687019448,False,
374,sometimesanotion__Lamarck-14B-v0.6-002-model_stock,2025-01-01 09:01:59+00:00,8287d875f872b09da29eb7226884c7034dc1e8bf,0.54,0.39171294053918315,-0.14828705946081688,0.3115505314473361,0.8555525122705864,0.232460585063277,0.6277702397105382,0.5897783808231569,False,
375,zelk12__Test01012025155054,2025-01-01 16:20:21+00:00,c6a5664eeeb8e3e3f3806d8175b8ea26ff0f975c,0.237,0.39171294053918315,0.15471294053918316,0.3687985775317899,1.188160127110342,0.28970863114773265,0.9547715965626413,0.952962460425147,False,
376,bunnycore__Llama-3.2-3B-Deep-Test,2025-01-01 18:12:29+00:00,799dc5d3a31c9917347969778d7b7d66272d81f3,0.3728,0.39171294053918315,0.018912940539183132,0.26155541077069316,0.6381997106110734,0.18246546438663408,0.34599728629579374,0.3342379014020805,False,
377,Daemontatox__RA2.0,2025-01-01 18:18:03+00:00,9e48c4bcd0684dd0f7b6c3495165bc086a494904,0.4298,0.39171294053918315,-0.03808705946081686,0.30455215980174904,0.8519344973816511,0.22546221341768882,0.5694255992763455,0.5843509724106739,False,
378,zelk12__MTM-Merge-gemma-2-9B,2025-01-01 19:29:03+00:00,4d8354fd59bed9ea7c1bb6a21ceacaffd88b09d9,0.5126,0.39171294053918315,-0.12088705946081679,0.24450809172684154,0.5523403157429821,0.1654181453427832,0.25554047942107644,0.2329262777023971,False,
379,jeffmeloy__Qwen2.5-7B-olm-v1.2,2025-01-01 22:43:58+00:00,480970b0a59e36280a3eb7043644b528febe7dcc,0.4788,0.39171294053918315,-0.08708705946081685,0.262260973301809,0.6696328750199938,0.1831710269177503,0.3491632745364089,0.3677069199457259,False,
380,jaspionjader__f-1-8b,2025-01-01 22:51:22+00:00,a7f1a08ff33f2788b9c0f789ca908e35c95576d7,0.4248,0.39171294053918315,-0.03308705946081686,0.23847809133009856,0.5405136343845521,0.1593881449460397,0.21709633649932158,0.2193577566711895,False,
381,pankajmathur__orca_mini_v9_5_3B-Instruct,2025-01-02 01:04:25+00:00,a94a6466b2ea9e81890532372d2c60e903921d44,0.3882,0.39171294053918315,0.0035129405391831625,0.267408087853209,0.6527661802065499,0.1883181414691508,0.36363636363636365,0.34961555857078247,False,
382,jaspionjader__f-2-8b,2025-01-02 01:06:51+00:00,9ba080ca0b6afb905e10fd72bf8bf19aed53809d,0.43,0.39171294053918315,-0.03828705946081684,0.2341157095345077,0.5228297183560416,0.15502576315044925,0.18679330619629128,0.18724559023066487,False,
383,JayHyeon__Qwen2.5-0.5B-SFT-2e-5-2ep-MDPO_3e-6-2ep_0alp_0lam,2025-01-02 01:07:13+00:00,69a75fc95e108b5b63ef759282c2475c14a9f277,0.265,0.39171294053918315,0.12671294053918314,0.3561566905831761,1.1219696849476812,0.277066744199118,0.8493894165535957,0.8484848484848485,False,
384,jaspionjader__f-3-8b,2025-01-02 01:07:35+00:00,47542af5ebbf3bd428a58bb3e6f3a2b1631a99bd,0.4308,0.39171294053918315,-0.039087059460816864,0.2311055725898563,0.5130685725271684,0.1520156262057978,0.1623699683401176,0.17141564902758932,False,
385,T145__ZEUS-8B-V17-abliterated,2025-01-02 01:08:47+00:00,6b97d7fb4ae42b9f54fc3f29b2246516076a05b7,0.4338,0.39171294053918315,-0.04208705946081687,0.22495316807199037,0.48062569592702586,0.14586322168793198,0.12075983717774763,0.11080958842152872,False,
386,JayHyeon__Qwen2.5-0.5B-SFT-2e-5-2ep-MDPO_3e-6-1ep_0alp_0lam,2025-01-02 01:10:02+00:00,ffc19b295d121f02b9f9e1bebb5607adebf0697d,0.2646,0.39171294053918315,0.12711294053918315,0.361626783158281,1.1536487944583256,0.28253683677422303,0.9032112166440525,0.9099954771596562,False,
387,jaspionjader__f-4-8b,2025-01-02 01:10:16+00:00,4374278412111cd338fdb052956535e53fff0dca,0.4322,0.39171294053918315,-0.04048705946081682,0.2313187360910351,0.5136146031427403,0.1522287897069765,0.1655359565807327,0.17322478516508366,False,
388,jaspionjader__f-6-8b,2025-01-02 01:10:36+00:00,4e49f0ddaa3e7890f81f1c08b12eead6137e6462,0.432,0.39171294053918315,-0.04028705946081684,0.2333700260758284,0.5195378212984765,0.15428007969176974,0.18091361374943465,0.18181818181818182,False,
389,jaspionjader__f-5-8b,2025-01-02 01:11:08+00:00,f6201624fa0784b2f4297e073989feb1322cb8e5,0.4356,0.39171294053918315,-0.043887059460816835,0.2347419117976043,0.5270179406737565,0.15565196541354584,0.1917684305744007,0.195838986883763,False,
390,jaspionjader__f-7-8b,2025-01-02 01:11:17+00:00,ab2f4ee2353ebcba03d26f43321cadd0a3e975e6,0.4344,0.39171294053918315,-0.042687059460816856,0.2299136041462269,0.5052905996662457,0.15082365776216833,0.15377657168701944,0.15694255992763456,False,
391,zelk12__Test01012025155054t0.5_gemma-2,2025-01-02 01:12:04+00:00,b525f167f5be081763f19d558a6e7e201588d4b6,0.237,0.39171294053918315,0.15471294053918316,0.3687985775317899,1.188160127110342,0.28970863114773265,0.9547715965626413,0.952962460425147,False,
392,T145__ZEUS-8B-V18,2025-01-02 01:12:11+00:00,ac84a116d1608413f082aab2eae15bc8b6c537bd,0.463,0.39171294053918315,-0.07128705946081687,0.24543288325917578,0.5607170979740356,0.16634293687511711,0.2596110357304387,0.2464947987336047,False,
393,JayHyeon__Qwen2.5-0.5B-SFT-2e-5-2ep-MDPO_5e-6-2ep_0alp_0lam,2025-01-02 01:13:16+00:00,c82b9e1c9b72601dd70c5e6974511ececc6d0294,0.2658,0.39171294053918315,0.12591294053918317,0.3559609852852253,1.1215367147014774,0.2768710389011667,0.8471279963817278,0.8466757123473542,False,
394,JayHyeon__Qwen2.5-0.5B-SFT-2e-5-2ep-MDPO_5e-6-1ep_0alp_0lam,2025-01-02 01:15:45+00:00,bee8cdc4772a7004fe53a2b38855694fa9da9a1f,0.2668,0.39171294053918315,0.12491294053918317,0.36106157215566514,1.1523129935973073,0.28197162577160645,0.8959746720940751,0.9081863410221619,False,
395,JayHyeon__Qwen2.5-0.5B-SFT-2e-5-2ep-DPO_1e-6-1ep_0alp_0lam,2025-01-02 01:24:22+00:00,c73279d62535fc26b890fb66ad97e6df7b6a8f33,0.2602,0.39171294053918315,0.13151294053918317,0.3586253306065856,1.129694998803714,0.2795353842225268,0.8701944821347807,0.864314789687924,False,
396,allura-org__Teleut-7b,2025-01-02 01:24:45+00:00,779d07fe2efde471aa2f4a26ee26e9e300b0a507,0.453,0.39171294053918315,-0.06128705946081686,0.2621690086896584,0.6384607153657731,0.18307906230559964,0.3482587064676617,0.33514246947082765,False,
397,JayHyeon__Qwen2.5-0.5B-SFT-2e-5-2ep-DPO_1e-6-2ep_0alp_0lam,2025-01-02 01:28:18+00:00,eebf70651330707ec9dfaec619449fa6ebf61662,0.2618,0.39171294053918315,0.12991294053918317,0.35828197312354665,1.1228197073327222,0.2791920267394881,0.866576209859792,0.8493894165535957,False,
398,JayHyeon__Qwen2.5-0.5B-SFT-2e-5-2ep-MDPO_3e-6-3ep_0alp_0lam,2025-01-02 01:32:07+00:00,553dae82c920c4fc23fad2ea9c2cdd6c0c19c80a,0.2672,0.39171294053918315,0.12451294053918316,0.3529479831387036,1.105617112130075,0.2738580367546449,0.8312980551786522,0.8294889190411578,False,
399,JayHyeon__Qwen2.5-0.5B-SFT-2e-5-2ep-DPO_2e-6-1ep_0alp_0lam,2025-01-02 01:33:31+00:00,40e052ecae09b30890b4e3e8ddd6462ebd6799d8,0.264,0.39171294053918315,0.12771294053918314,0.3586542930349784,1.1294330688129173,0.2795643466509199,0.8706467661691543,0.862053369516056,False,
400,JayHyeon__Qwen2.5-0.5B-SFT-2e-5-2ep-MDPO_5e-6-3ep_0alp_0lam,2025-01-02 01:34:58+00:00,7057774e67aa2754bc5a29f2870dc19a18bb2945,0.2684,0.39171294053918315,0.12331294053918312,0.355352111092505,1.1244392206193476,0.2762621647084469,0.8430574400723655,0.8530076888285844,False,
401,JayHyeon__Qwen2.5-0.5B-SFT-2e-5-2ep-DPO_2e-6-2ep_0alp_0lam,2025-01-02 01:36:47+00:00,1b7f0081c542ca3a019e080153a75053d1a367dc,0.2628,0.39171294053918315,0.12891294053918317,0.3573967485369656,1.1303479504010705,0.2783068021529073,0.8570782451379466,0.8661239258254184,False,
402,JayHyeon__Qwen2.5-0.5B-SFT-2e-5-2ep-DPO_3e-6-1ep_0alp_0lam,2025-01-02 01:42:48+00:00,0b29b6d2f57f9abb9384ed20ea3be8387e76d938,0.2682,0.39171294053918315,0.12351294053918316,0.36223092361891973,1.1562281582549623,0.2831409772348613,0.9081863410221619,0.9136137494346449,False,
403,JayHyeon__Qwen2.5-0.5B-SFT-2e-5-2ep-DPO_1e-6-3ep_0alp_0lam,2025-01-02 01:43:17+00:00,145dd292758a3218f108c8162e0c752d6053f526,0.2608,0.39171294053918315,0.13091294053918318,0.3581680823064362,1.1254096985290425,0.27907813592237746,0.8652193577566711,0.8557213930348259,False,
404,JayHyeon__Qwen2.5-0.5B-SFT-2e-5-2ep-DPO_3e-6-2ep_0alp_0lam,2025-01-02 01:46:30+00:00,de04c9a891a091303555dec910a3c615647eaf05,0.2616,0.39171294053918315,0.13011294053918315,0.3564805351851009,1.1242561417704666,0.27739058880104234,0.8507462686567164,0.8525554047942108,False,
405,JayHyeon__Qwen2.5-0.5B-SFT-2e-5-2ep-DPO_5e-6-1ep_0alp_0lam,2025-01-02 01:51:22+00:00,0d39e1dc4a960f5249bd2d7fbff8001291c0cf01,0.2674,0.39171294053918315,0.12431294053918313,0.3632212638369559,1.1642512241239897,0.2841313174528973,0.9199457259158752,0.924468566259611,False,
406,JayHyeon__Qwen2.5-0.5B-SFT-2e-5-2ep-DPO_2e-6-3ep_0alp_0lam,2025-01-02 01:52:59+00:00,91457ebefa032f2eb26ce07abc6828386b0a30b5,0.2648,0.39171294053918315,0.12691294053918317,0.3572583790773458,1.1247462776420842,0.2781684326932872,0.8539122568973315,0.8543645409317051,False,
407,JayHyeon__Qwen2.5-0.5B-SFT-2e-5-2ep-DPO_5e-6-2ep_0alp_0lam,2025-01-02 01:55:02+00:00,ca2680a8f082ab0810d66f33c39c3e610c24b80c,0.2668,0.39171294053918315,0.12491294053918317,0.35603217169145424,1.1234185739936482,0.2769422253073955,0.8484848484848485,0.8507462686567164,False,
408,jaspionjader__f-8-8b,2025-01-02 20:48:12+00:00,b2350c73d31f96b0cd37f948ee6636607f4861e0,0.4348,0.39171294053918315,-0.04308705946081687,0.23349900788172567,0.522168834716049,0.15440906149766714,0.182722749886929,0.18679330619629128,False,
409,jaspionjader__f-9-8b,2025-01-02 21:00:36+00:00,2da90b38c84a3fe1527d5ca64cb44b68078fd3e4,0.435,0.39171294053918315,-0.043287059460816846,0.23585754454877927,0.5314647434487829,0.1567675981647208,0.1999095431931253,0.20398009950248755,False,
410,pankajmathur__orca_mini_v9_5_1B-Instruct,2025-01-02 21:03:35+00:00,9d40fc6b7d75af157e8bde3677bc49b15c9ee675,0.2814,0.39171294053918315,0.11031294053918317,0.36285601379175025,1.1378268036177237,0.2837660674076923,0.9158751696065129,0.882858435097241,False,
411,OpenBuddy__openbuddy-falcon3-10b-v24.2-131k,2025-01-02 21:40:27+00:00,1ddacaffb7d6cd71642660f9b32fcab56192d5b5,0.4914,0.39171294053918315,-0.09968705946081685,0.2536213972368154,0.6089390796727474,0.17453145085275681,0.3066485753052917,0.3071008593396653,False,
412,grimjim__Llama-Nephilim-Metamorphosis-v2-8B,2025-01-02 22:56:27+00:00,8c23b33bbe9f0eee60beaea13822095070fb3544,0.4224,0.39171294053918315,-0.030687059460816846,0.23807777069264727,0.538181606382022,0.1589878243085885,0.21483491632745363,0.2161917684305744,False,
413,JayHyeon__Qwen2.5-0.5B-SFT-2e-5-2ep-IRPO_5e-7-2ep_1alp_0lam,2025-01-02 22:57:38+00:00,b27dfc286610d53ab5ab2f102f447ebd14cf3bd0,0.2646,0.39171294053918315,0.12711294053918315,0.36081175085875544,1.1386903028568252,0.2817218044746965,0.8914518317503393,0.8869289914066033,False,
414,JayHyeon__Qwen2.5-0.5B-SFT-2e-5-2ep-IRPO_5e-7-3ep_1alp_0lam,2025-01-02 23:09:52+00:00,cc0abe9de0e4cbd4defa27c18d6d09efbb61a98e,0.2656,0.39171294053918315,0.12611294053918315,0.35833466422710897,1.1298665760935642,0.2792447178430501,0.8683853459972863,0.8647670737222976,False,
415,JayHyeon__Qwen2.5-0.5B-SFT-2e-5-2ep-IRPO_5e-7-1ep_1alp_0lam,2025-01-02 23:19:18+00:00,92f9d1beb8ed51a33b6f585eb40ca00b89764663,0.2632,0.39171294053918315,0.12851294053918316,0.3600445642688715,1.1363420384350156,0.280954617884813,0.885119855269109,0.8792401628222524,False,
416,SkyOrbis__SKY-Ko-Llama3.1-8B-lora-epoch1,2025-01-02 23:29:05+00:00,64b02f7d8a755134cb4aee52a2817b9ea730a479,0.434,0.39171294053918315,-0.042287059460816845,0.24626055248386852,0.5816418546679997,0.1671706060998092,0.26865671641791045,0.276797829036635,False,
417,DebateLabKIT__Llama-3.1-Argunaut-1-8B-SFT,2025-01-02 23:42:33+00:00,b488af4d398d58fbb9444f772b606b3babfee34a,0.4056,0.39171294053918315,-0.013887059460816864,0.25004867824219706,0.5944255249521788,0.17095873185813829,0.28991406603346903,0.2935323383084577,False,
418,jaspionjader__dp-6-8b,2025-01-02 23:49:35+00:00,05580f84fa937c96a7cb90a75f06a31f667fdfc8,0.437,0.39171294053918315,-0.04528705946081685,0.2333824733793587,0.5247376604036819,0.1542925269953,0.18136589778380824,0.19131614654002713,False,
419,JayHyeon__Qwen2.5-0.5B-SFT-2e-5-2ep-DPOP_5e-7-2ep_0alp_5lam,2025-01-03 00:17:31+00:00,503f2b68f3978c27da008e4a3d81f1c6698673b8,0.2592,0.39171294053918315,0.13251294053918317,0.3595647298109478,1.1352235846938579,0.2804747834268888,0.879692446856626,0.877431026684758,False,
420,JayHyeon__Qwen2.5-0.5B-SFT-2e-5-2ep-DPOP_5e-7-1ep_0alp_5lam,2025-01-03 00:30:33+00:00,e86e7400b8324c50fd22e2e919ed6ac8617e0af2,0.2612,0.39171294053918315,0.13051294053918316,0.3616738410129789,1.139605444386055,0.2825838946289203,0.9050203527815468,0.8896426956128448,False,
421,jaspionjader__dp-7-8b,2025-01-03 01:37:37+00:00,8c8012b1e55848f55a9ceba4ac9bc778a499f427,0.433,0.39171294053918315,-0.041287059460816844,0.23441061630931903,0.5297746900474747,0.15532066992526003,0.1890547263681592,0.1994572591587517,False,
422,JayHyeon__Qwen2.5-0.5B-SFT-2e-5-2ep-DPO_3e-6-3ep_0alp_0lam,2025-01-03 06:59:13+00:00,96b7eb17421ebe946f12eccb7139b9b3a0385fcb,0.2654,0.39171294053918315,0.12631294053918313,0.35326680131424903,1.105856353985952,0.2741768549301908,0.8317503392130258,0.8299412030755314,False,
423,JayHyeon__Qwen2.5-0.5B-SFT-2e-5-2ep-DPOP_5e-7-3ep_0alp_5lam,2025-01-03 07:01:34+00:00,6e443eb05648095bfa8600a8624c6ac2a79d4932,0.2626,0.39171294053918315,0.12911294053918315,0.35724707898066693,1.1238756064374142,0.27815713259660846,0.8534599728629579,0.8521031207598372,False,
424,sometimesanotion__Qwenvergence-14B-v0.6-004-model_stock,2025-01-03 08:49:31+00:00,ced9184cf5cf059ab33b4f7add5b411a3362a6d4,0.5462,0.39171294053918315,-0.15448705946081687,0.31057434625981256,0.8535934902006773,0.2314843998757534,0.6223428312980552,0.587516960651289,False,
425,sometimesanotion__Qwenvergence-14B-qv256,2025-01-03 16:28:35+00:00,8be1d94d78a7476a7741c7f4dd03d08e5c7fe9f8,0.5558,0.39171294053918315,-0.1640870594608168,0.3149811431279554,0.8610686319175321,0.2358911967438953,0.6490275893260968,0.6006331976481231,False,
426,cognitivecomputations__Dolphin3.0-Llama3.1-8B,2025-01-06 10:22:27+00:00,eb9bde61644d853117c11f0684074bdd477e015d,0.4156,0.39171294053918315,-0.023887059460816873,0.24430300582319156,0.5584164299828901,0.1652130594391327,0.2532790592492085,0.24197195838986885,False,
427,Sharathhebbar24__chat_gpt2_dpo,2025-01-06 10:22:30+00:00,61d3be86969257d2807ea2515e201e46e2cb15ed,0.2394,0.39171294053918315,0.15231294053918315,0.3579011521903519,1.1390442548168034,0.2788112058062936,0.862053369516056,0.8882858435097241,False,
428,bfuzzy1__llambses-1,2025-01-06 10:26:36+00:00,35cb5bf2ded8b75048ae5dd03413efdbd368a5fe,0.4084,0.39171294053918315,-0.016687059460816833,0.2140390853865731,0.445803674368855,0.13494913900251446,0.0203527815468114,0.024875621890547265,False,
429,Daemontatox__MawaredT1,2025-01-06 10:36:22+00:00,04d12738655b9f02cf08dcd7091a1c06b29cbf5c,0.4374,0.39171294053918315,-0.04568705946081686,0.2784892469774602,0.7302881114833787,0.19939930059340152,0.4183627317955676,0.43283582089552236,False,
430,ehristoforu__falcon3-ultraset,2025-01-06 10:38:36+00:00,276feea39b81b854b9f3131715f747cc596013f8,0.4828,0.39171294053918315,-0.09108705946081685,0.2664514799411742,0.6528040903060273,0.18736153355711543,0.36092265943012214,0.35006784260515605,False,
431,ehristoforu__rufalcon3-3b-it,2025-01-06 10:46:26+00:00,848d01afc4ee90e0e377ef7d31e667d7d912df1e,0.3682,0.39171294053918315,0.023512940539183125,0.328806464140626,0.9597381286277746,0.24971651775656772,0.7241067390321122,0.7236544549977386,False,
432,ehristoforu__ruphi-4b,2025-01-06 10:48:52+00:00,af8ce186ab302f3081412ee6a1e05766bb76319c,0.245,0.39171294053918315,0.14671294053918316,0.3736954423882998,1.219093372909086,0.29460549600424113,0.9687924016282226,0.9755766621438263,False,
433,netcat420__Qwen2.5-7B-nerd-uncensored-v0.9-MFANN,2025-01-06 10:58:37+00:00,fa5991b8be8776f241e26ea05a70b56fb56bbb8b,0.4194,0.39171294053918315,-0.027687059460816843,0.26332404697065565,0.6632002753621771,0.18423410058659725,0.352329262777024,0.36092265943012214,False,
434,JayHyeon__Qwen2.5-0.5B-SFT-2e-5-2ep-DPOP_5e-6-1ep_0alp_5lam,2025-01-06 11:15:19+00:00,70ad76dd376fc756432070c30f781eab8de2a4ba,0.2724,0.39171294053918315,0.11931294053918318,0.3529141560843451,1.11727533629311,0.27382420970028687,0.8308457711442786,0.8417005879692447,False,
435,JayHyeon__Qwen2.5-0.5B-SFT-2e-5-2ep-DPOP_5e-6-2ep_0alp_5lam,2025-01-06 11:17:27+00:00,b52edd254005d5cf966cbe8d07ebd18b4567595c,0.2706,0.39171294053918315,0.12111294053918314,0.3489295382548799,1.0849183929632058,0.2698395918708213,0.8199909543193126,0.8199909543193126,False,
436,ehristoforu__coolqwen-3b-it,2025-01-06 11:19:51+00:00,360e99d0b0596085268ce6e59ee80cb7bb445932,0.3954,0.39171294053918315,-0.0036870594608168217,0.24556881856408266,0.5798950262594579,0.16647887218002366,0.2618724559023066,0.2727272727272727,False,
437,JayHyeon__Qwen2.5-0.5B-SFT-2e-5-2ep-DPOP_5e-6-3ep_0alp_5lam,2025-01-06 11:36:35+00:00,744d11c0f5b8cf4ce33d267446dc59b179bded50,0.2648,0.39171294053918315,0.12691294053918317,0.35341308002865574,1.1109164051542932,0.2743231336445976,0.8331071913161465,0.8340117593848937,False,
438,JayHyeon__Qwen2.5-0.5B-SFT-2e-5-2ep-IRPO_5e-6-1ep_1alp_0lam,2025-01-06 11:39:25+00:00,83e857c59cc4d7630a95233deaa9df1828fcfecb,0.2628,0.39171294053918315,0.12891294053918317,0.36702738812301355,1.188829931555092,0.2879374417389552,0.9416553595658074,0.9552238805970149,False,
439,JayHyeon__Qwen2.5-0.5B-SFT-2e-5-2ep-IRPO_5e-6-2ep_1alp_0lam,2025-01-06 11:41:32+00:00,37f8dde00c4e6d34292055b1f81983d490bec1d0,0.2696,0.39171294053918315,0.12211294053918315,0.3665288361445684,1.1799552213955755,0.28743888976050985,0.9384893713251922,0.9430122116689281,False,
440,zelk12__MT-Max-Merge_02012025163610-gemma-2-9B,2025-01-06 11:56:25+00:00,88c3365e6e2834f8b327ae4ea699dd7a6cdfeb69,0.5138,0.39171294053918315,-0.12208705946081688,0.24620374015819785,0.5639746352276475,0.16711379377413932,0.2672998643147897,0.2537313432835821,False,
441,JayHyeon__Qwen2.5-0.5B-SFT-2e-5-2ep-IRPO_5e-6-3ep_1alp_0lam,2025-01-06 12:01:04+00:00,1c1bac47f7838bb2cdff2de199cc43d26695a78b,0.27,0.39171294053918315,0.12171294053918313,0.3628985216485594,1.165595454981543,0.2838085752645014,0.9167797376752601,0.926729986431479,False,
442,grimjim__HuatuoSkywork-o1-Llama-3.1-8B,2025-01-06 12:09:55+00:00,06a929d892170a5286389071e2a105989faa6f15,0.4354,0.39171294053918315,-0.04368705946081686,0.2702356500922532,0.7091011283012686,0.19114570370819417,0.3758480325644505,0.40479421076436,False,
443,JayHyeon__Qwen2.5-0.5B-SFT-2e-5-2ep-DPO_5e-6-3ep_0alp_0lam,2025-01-06 12:13:22+00:00,752de081f8fd810fd3025b2c8f5aefcfe74c778f,0.2662,0.39171294053918315,0.12551294053918316,0.35718036684847126,1.1327252872473603,0.2780904204644131,0.8525554047942108,0.8724559023066486,False,
444,T145__ZEUS-8B-V19,2025-01-06 12:14:12+00:00,59086be4db8d6e56a8f057eb4d56c27d2001f6be,0.465,0.39171294053918315,-0.07328705946081687,0.24822123433522478,0.5751439310486851,0.16913128795116625,0.2808683853459973,0.2695612844866576,False,
445,DreadPoor__Derivative-8B-Model_Stock,2025-01-06 12:39:48+00:00,ec383d257232416590a3f04d3d164d339ede6bc0,0.4658,0.39171294053918315,-0.07408705946081684,0.22405740846652356,0.48212783746044263,0.14496746208246525,0.11216644052464948,0.11759384893713253,False,
446,sumink__Qwensci,2025-01-06 12:59:49+00:00,3cbb3a2b67bec192041a55ddbb96d14a34bea8b1,0.2628,0.39171294053918315,0.12891294053918317,0.3641005828403455,1.1644744961301454,0.285010636456288,0.9235639981908639,0.9253731343283582,False,
447,netcat420__MFANN3bv1.1,2025-01-06 13:29:05+00:00,9d023381c52bb11e50e232c369b4a048df548e63,0.2728,0.39171294053918315,0.11891294053918317,0.3463039260673329,1.0799177042614085,0.26721397968327526,0.8104929895974672,0.8163726820443238,False,
448,bfuzzy1__acheron-d,2025-01-06 13:41:14+00:00,d375ff9f188b7920626b0df0c6a0ec96a3c7c6dc,0.2474,0.39171294053918315,0.14431294053918314,0.3593854346025532,1.1479911789213655,0.2802954882184944,0.8787878787878788,0.9018543645409317,False,
449,mergekit-community__diabolic6045_ELN-AOC-CAIN,2025-01-06 18:47:19+00:00,a119cb28731ab844bbf48f11b00d1759819fc425,0.2586,0.39171294053918315,0.13311294053918316,0.349911546084363,1.0788847968747772,0.2708215997003056,0.8231569425599277,0.8159203980099502,False,
450,Alepach__notHumpback-M1,2025-01-06 21:45:56+00:00,91d6fdf04d3cc5f2d17182b0c8db8dec5140d6bb,0.241,0.39171294053918315,0.15071294053918316,0.3675586882368964,1.1840349002767845,0.2884687418528382,0.9439167797376753,0.9479873360470376,False,
451,Alepach__notHumpback-M0,2025-01-06 21:45:59+00:00,2ff74068934af02f116ed3b2a33bdc92dc0fc4cd,0.2432,0.39171294053918315,0.14851294053918315,0.3565637435125592,1.128863268753458,0.27747379712849995,0.85119855269109,0.8611488014473089,False,
452,jaspionjader__Kosmos-EVAA-Franken-v38-8B,2025-01-06 21:52:33+00:00,1f29473f43b72e083c8aac9ea9ec5e37cfc18297,0.4284,0.39171294053918315,-0.03668705946081685,0.22304239888222405,0.48077602330249203,0.14395245249816516,0.10357304387155133,0.11261872455902307,False,
453,Sakalti__light-3B,2025-01-06 21:53:44+00:00,223c92bb872c931f7149acc2992b927707e96c9a,0.4108,0.39171294053918315,-0.019087059460816846,0.26967099824218027,0.6917357183045462,0.1905810518581214,0.37358661239258256,0.383989145183175,False,
454,Danielbrdz__Barcenas-10b,2025-01-06 22:44:17+00:00,15d40af27b4fc0d709a7bde04b98751429881450,0.507,0.39171294053918315,-0.11528705946081685,0.2789734488712895,0.6976891552490699,0.19988350248723155,0.42379014020805067,0.3921302578018996,False,
455,pankajmathur__orca_mini_v9_6_1B-Instruct,2025-01-06 22:50:12+00:00,5e89510980faf119476628cb289c312235ca7b89,0.3204,0.39171294053918315,0.07131294053918313,0.3348720036071267,0.9788791385678963,0.25578205722306896,0.7616463138851198,0.7390321121664405,False,
456,agentlans__Llama-3.2-1B-Instruct-CrashCourse12K,2025-01-06 22:50:30+00:00,89f15c2a9f108ea7ee28ee448a6ff781aaf49747,0.3082,0.39171294053918315,0.08351294053918318,0.3301568933552608,0.9784279874624426,0.2510669469712021,0.7349615558570782,0.7385798281320669,False,
457,pankajmathur__orca_mini_v9_7_1B-Instruct,2025-01-06 22:51:59+00:00,dbb6823756441b03e5dec296b97b1048c497e4b5,0.2946,0.39171294053918315,0.09711294053918318,0.35442364061933634,1.0921794217856982,0.2753336942352787,0.8385345997286295,0.8231569425599277,False,
458,vonjack__Phi-3-mini-4k-instruct-LLaMAfied,2025-01-06 22:53:02+00:00,b32ba7ffd2522e641232916f238e32cb313e5227,0.475,0.39171294053918315,-0.08328705946081683,0.25621297057848946,0.6022943395861767,0.17712302419443093,0.31886024423337855,0.30303030303030304,False,
459,jaspionjader__Kosmos-EVAA-Franken-Immersive-v39-8B,2025-01-06 22:53:37+00:00,80b280602c11f4aa8624b5118bc7d94a6ad692c9,0.428,0.39171294053918315,-0.03628705946081684,0.2215927257257146,0.4756604763858471,0.14250277934165562,0.08367254635911352,0.09497964721845319,False,
460,jaspionjader__fr-10-8b,2025-01-06 22:53:51+00:00,82acf06439a70f02785165ead3f75c49f77a2dd8,0.4268,0.39171294053918315,-0.03508705946081686,0.22430958048454272,0.4894472642261597,0.14521963410048344,0.11397557666214382,0.13071008593396652,False,
461,pankajmathur__orca_mini_v9_7_3B-Instruct,2025-01-06 22:56:21+00:00,c25841a0fed2157da8ec1c55aa98a016921128c2,0.299,0.39171294053918315,0.09271294053918316,0.33253596053870393,0.9870619946942588,0.25344601415464574,0.749434644957033,0.7485300768882859,False,
462,jaspionjader__fr-1-8b,2025-01-06 23:00:31+00:00,9bf6a7f99b05f252d4c1c9d0bdfffd78c9a63f02,0.4198,0.39171294053918315,-0.028087059460816854,0.2248787945468986,0.4892469901837988,0.14578884816283927,0.11985526910900045,0.12935323383084577,False,
463,jaspionjader__fct-14-8b,2025-01-06 23:00:57+00:00,8d0485d306f7c37f63e9c4d43f599ea7a66fb302,0.4262,0.39171294053918315,-0.03448705946081687,0.223326385940309,0.4854897492759693,0.1442364395562503,0.10673903211216644,0.12392582541836274,False,
464,jaspionjader__fr-3-8b,2025-01-06 23:00:58+00:00,d465d70414cefe37d92e4c3e70f9270a7f13e8c4,0.4256,0.39171294053918315,-0.033887059460816826,0.22528468548704672,0.4917746493685003,0.1461947391029875,0.12211668928086838,0.13297150610583447,False,
465,jaspionjader__fct-9-8b,2025-01-06 23:04:20+00:00,71ab20aa09abcc036f461e25f7b3a195b862e47d,0.4298,0.39171294053918315,-0.03808705946081686,0.22196704718614096,0.47680026943473214,0.1428771008020816,0.09000452284034374,0.09950248756218906,False,
466,ehristoforu__Falcon3-8B-Franken-Basestruct,2025-01-06 23:06:46+00:00,300528144b3014b269a262f8f9e0e71e4036734a,0.4108,0.39171294053918315,-0.019087059460816846,0.2561904639465408,0.6216768015936872,0.1771005175624826,0.3179556761646314,0.3197648123021257,False,
467,Ahdoot__Test_StealthThinker,2025-01-06 23:06:48+00:00,d67fa61dc29a6c3e90ffb6eb1c03793b6ffe57e2,0.3944,0.39171294053918315,-0.002687059460816821,0.2863652216089639,0.7700831590768786,0.2072752752249049,0.4739936680235188,0.4839439167797377,False,
468,Sakalti__Saba2-3B,2025-01-06 23:07:30+00:00,2251c0f158db68f347073a7a299dfa445b6417bf,0.2448,0.39171294053918315,0.14691294053918316,0.37823367881818665,1.2595632277542006,0.2991437324341287,0.9814563545906829,0.9873360470375395,False,
469,T145__ZEUS-8B-V17-abliterated-V2,2025-01-06 23:08:14+00:00,90debda30429cc60c2db26d67bd2aa4627ff4e21,0.4142,0.39171294053918315,-0.02248705946081686,0.24444386456106218,0.5570752632104577,0.16535391817700357,0.25463591135232927,0.24061510628674807,False,
470,sumink__Qwenmplus,2025-01-06 23:18:37+00:00,b1dc9513e0ce4d0c99f86ca8adcaafc59dc84292,0.2998,0.39171294053918315,0.09191294053918314,0.30938025848190975,0.8868660783799651,0.23029031209785125,0.6110357304387155,0.6404341926729986,False,
471,T145__ZEUS-8B-V17-abliterated-V4,2025-01-06 23:23:53+00:00,eac28e9460b9263564c3a32137c33f53570ed9c9,0.4304,0.39171294053918315,-0.03868705946081685,0.22191302331191579,0.46770306307205173,0.14282307692785665,0.08909995477159656,0.06919945725915876,False,
472,Nitral-AI__Captain-Eris_Violet-V0.420-12B,2025-01-06 23:28:26+00:00,c23ede8e6c8dc292a140d1cd3e1be18dcb0e82db,0.4532,0.39171294053918315,-0.06148705946081684,0.228899846929801,0.4955397021559835,0.14980990054574156,0.14789687924016282,0.1388511985526911,False,
473,bunnycore__FwF-Qwen-7B-0.1,2025-01-07 03:49:31+00:00,57cb758c33c664f29f581f163a2c9bbcbaf5d95d,0.4086,0.39171294053918315,-0.016887059460816867,0.2570598351318898,0.6416589125486809,0.17796988874783062,0.3256445047489824,0.3378561736770692,False,
474,FuseAI__FuseChat-Llama-3.1-8B-Instruct,2025-01-07 07:01:36+00:00,12009c0bfde25757b3231d0707107eef151050fe,0.428,0.39171294053918315,-0.03628705946081684,0.22637085683310493,0.4807622647627493,0.14728091044904604,0.127996381727725,0.11216644052464948,False,
475,JayHyeon__Qwen2.5-0.5B-SFT-2e-5-2ep-MDPO_0.5_1e-7-2ep_0alp_0lam,2025-01-07 09:49:08+00:00,b5d9bab0204a06d95447118445fa05c1e2149864,0.2632,0.39171294053918315,0.12851294053918316,0.3626847983914757,1.1512061829600932,0.28359485200741746,0.9136137494346449,0.9054726368159204,False,
476,JayHyeon__Qwen2.5-0.5B-SFT-2e-5-2ep-MDPO_0.5_1e-7-1ep_0alp_0lam,2025-01-07 09:49:11+00:00,e8d7cc46ee0bce9c33cd7dc33b6bafd9145c2b9b,0.2628,0.39171294053918315,0.12891294053918317,0.35915048002701294,1.1338053238764734,0.2800605336429542,0.8760741745816373,0.8756218905472637,False,
477,JayHyeon__Qwen2.5-0.5B-SFT-2e-5-2ep-IRPO_1e-7-1ep_1alp_0lam,2025-01-07 11:36:05+00:00,fd0dce044754c1cb983ef6cbd67769f095e10398,0.2658,0.39171294053918315,0.12591294053918317,0.36105352009127933,1.1394063457489048,0.2819635737072206,0.8950701040253279,0.8891904115784712,False,
478,JayHyeon__Qwen2.5-0.5B-SFT-2e-5-2ep-IRPO_1e-7-2ep_1alp_0lam,2025-01-07 11:36:15+00:00,7aaf23f94cf520c51f795ca41e78aaf5746478b0,0.2646,0.39171294053918315,0.12711294053918315,0.3603329880540713,1.136220437559309,0.28124304167001285,0.8864767073722297,0.8783355947535052,False,
479,JayHyeon__Qwen2.5-0.5B-SFT-2e-5-2ep-IRPO_3e-7-3ep_1alp_0lam,2025-01-07 12:14:14+00:00,0e96713c47ffb9ff7d7b1be56b72109a6dc4b872,0.2626,0.39171294053918315,0.12911294053918315,0.3603355230475261,1.1322213375846975,0.2812455766634676,0.8869289914066033,0.8715513342379014,False,
480,grimjim__Llama3.1-SuperNovaLite-HuatuoSkywork-o1-8B,2025-01-07 17:22:45+00:00,75e1a4f536cfeaf4205e5f202ee29945f523df98,0.4574,0.39171294053918315,-0.06568705946081682,0.24683346993839783,0.5944935189272049,0.1677435235543387,0.2722749886928991,0.2939846223428313,False,
481,DreadPoor__Derivative_V2_ALT-8B-Model_Stock,2025-01-07 17:31:58+00:00,c9c9fbbd8e2d0806ad6f8298a549c0d8c80a4772,0.4668,0.39171294053918315,-0.07508705946081684,0.22834918792847933,0.5004134227226141,0.1492592415444212,0.1420171867933062,0.14880144730890998,False,
482,JayHyeon__Qwen2.5-0.5B-SFT-2e-5-2ep-DPOP_3e-7-3ep_0alp_5lam,2025-01-07 17:39:29+00:00,91ab266a7bcb88f469286bb4b5a332fb5716aa35,0.2626,0.39171294053918315,0.12911294053918315,0.35937106368806876,1.1338000784906028,0.2802811173040099,0.8783355947535052,0.8751696065128901,False,
483,inflatebot__MN-12B-Mag-Mell-R1,2025-01-07 17:50:29+00:00,828ba587979d236de818af222a410bf888a6905d,0.4292,0.39171294053918315,-0.037487059460816874,0.24352240625932123,0.5586103609026026,0.1644324598752627,0.2473993668023519,0.24287652645861602,False,
484,DreadPoor__Derivative_V2-8B-Model_Stock,2025-01-07 17:53:47+00:00,14ac30218c50b4f89cf7a0ed7ecd2528bed35675,0.4636,0.39171294053918315,-0.07188705946081686,0.22548142246724778,0.4901430912032678,0.1463914760831893,0.12392582541836274,0.13116236996834013,False,
485,crestf411__MN-Slush,2025-01-07 20:34:02+00:00,e508c25625b503c88822763b9a44335686e1f465,0.4384,0.39171294053918315,-0.04668705946081686,0.24727139714119753,0.5700251979731343,0.16818145075713875,0.2745364088647671,0.26232473993668026,False,
486,Sakalti__light-1.1-3B,2025-01-07 20:37:52+00:00,d4b6cf83154d20e092d6df6d1799e6830f20305e,0.243,0.39171294053918315,0.14871294053918316,0.3783294512809204,1.261417696836816,0.2992395048968626,0.9823609226594301,0.9877883310719131,False,
487,noname0202__gemma-2-9b-sft-jp-en-zh-v2,2025-01-07 20:57:34+00:00,035853b606a88ff0fe2434de456d0ac3596e0254,0.3662,0.39171294053918315,0.025512940539183127,0.2881886660117679,0.7707413705291495,0.20909871962770835,0.4843962008141113,0.48575305291723203,False,
488,IlyaGusev__gemma-2-2b-it-abliterated,2025-01-07 21:51:53+00:00,adeb4bfee3814aef364b3aeab672c83241cf0e04,0.3454,0.39171294053918315,0.04631294053918317,0.2685323830777747,0.6799767639140639,0.18944243669371616,0.36906377204884666,0.3726820443238354,False,
489,tannedbum__L3-Nymeria-Maid-8B,2025-01-07 21:57:26+00:00,e9edac7ffd5ad1c90283d72856579cb9865d0e89,0.4324,0.39171294053918315,-0.040687059460816855,0.2234194137911469,0.46411280381255376,0.14432946740708785,0.10719131614654002,0.05789235639981909,False,
490,jsfs11__L3-8B-Stheno-slerp,2025-01-07 22:21:07+00:00,63fe613c5b8d52f4219bcb49a8d4f12a746231fe,0.4394,0.39171294053918315,-0.04768705946081686,0.20875281787480962,0.42279060017078335,0.12966287149075081,0.005427408412483039,0.004522840343735866,False,
491,Sao10K__L3-8B-Niitama-v1,2025-01-07 22:50:15+00:00,cf940718d8ead2e34c9b2ea531218ac8205415bb,0.4422,0.39171294053918315,-0.05048705946081683,0.21638247960634194,0.4451872516396501,0.13729253322228302,0.032564450474898234,0.023066485753052916,False,
492,JayHyeon__Qwen_0.5-DPO_3e-6-3ep_0alp_0lam,2025-01-07 23:53:05+00:00,84a81f4f425e8bc549314b1e67a2e5fb41367d86,0.2722,0.39171294053918315,0.11951294053918315,0.363591090295494,1.1590175840757442,0.28450114391143605,0.9222071460877431,0.9154228855721394,False,
493,ngxson__MiniThinky-1B-Llama-3.2,2025-01-08 00:15:02+00:00,1bd8e2f68b6ff34ec84278298776fb9cdf43ccf3,0.2616,0.39171294053918315,0.13011294053918315,0.36608475741198504,1.1437575692011355,0.2869948110279259,0.9353233830845771,0.8973315241971959,False,
494,prithivMLmods__SmolLM2-CoT-360M,2025-01-08 00:32:58+00:00,40a9a19d150496307db87d14a5d221eefaf631e4,0.2574,0.39171294053918315,0.13431294053918313,0.3647424260223474,1.171488863210573,0.2856524796382915,0.9285391225689733,0.9357756671189507,False,
495,prithivMLmods__Triangulum-5B,2025-01-08 00:37:07+00:00,881ccc6897af808e31186235fbbde5f6e618ecbb,0.2526,0.39171294053918315,0.13911294053918316,0.3453492061523669,1.0659172960730565,0.26625925976830844,0.8032564450474898,0.8077792853912257,False,
496,ibm__PowerLM-3b,2025-01-08 00:39:50+00:00,86384458eee3257b6b4634d696fce3624ccb046e,0.305,0.39171294053918315,0.08671294053918316,0.30341374586344777,0.8428542604608595,0.22432379947938794,0.5639981908638625,0.5716870194482134,False,
497,mkurman__llama-3.2-MEDIT-3B-o1,2025-01-08 00:40:27+00:00,0825b50162a6cf92299ed2d9f4769edfaa99d8b0,0.3656,0.39171294053918315,0.02611294053918317,0.2787421450488977,0.7270904127449305,0.19965219866483888,0.4224332881049299,0.4287652645861601,False,
498,tannedbum__L3-Nymeria-v2-8B,2025-01-08 02:12:25+00:00,6356e8368e75d5e94eb5204116b3fe5fd2dd1241,0.4392,0.39171294053918315,-0.04748705946081683,0.21607063085702488,0.4422741546776168,0.1369806844729659,0.03075531433740389,0.019448213478064226,False,
499,ewre324__Thinker-Llama-3.2-3B-Instruct-Reasoning,2025-01-08 02:16:29+00:00,807afb7c76a40908da4dfc5eb2afad11d78650cf,0.357,0.39171294053918315,0.03471294053918317,0.2674072320129721,0.6807121482443825,0.1883172856289133,0.36318407960199006,0.37449118046132973,False,
500,JayHyeon__Qwen2.5-0.5B-SFT-2e-5-2ep-MDPO_0.5_1e-7-3ep_0alp_0lam,2025-01-08 03:11:01+00:00,715505c87650ec5e8e01b226576ae95cb27a77e7,0.2646,0.39171294053918315,0.12711294053918315,0.35931718055117284,1.1314499059619971,0.28022723416711404,0.8769787426503844,0.8701944821347807,False,
501,JayHyeon__Qwen2.5-0.5B-SFT-2e-5-2ep-DPO_1e-7-2ep_0alp_0lam,2025-01-08 03:13:14+00:00,15ebf63b55d41ecbd0fce782657996980af58e0b,0.2652,0.39171294053918315,0.12651294053918316,0.35910202709983163,1.1318868218007365,0.2800120807157728,0.8747173224785165,0.8710990502035278,False,
502,bluuwhale__L3-SthenoMaid-8B-V1,2025-01-08 03:18:11+00:00,63a52f7e0517eaf0f78ca521a453466b28dff9f9,0.4412,0.39171294053918315,-0.04948705946081683,0.21602592721203115,0.4392515485535757,0.1369359808279722,0.030303030303030304,0.014473089099954772,False,
503,v000000__L3-8B-Stheno-v3.2-abliterated,2025-01-08 03:20:36+00:00,12b6fdb2fd629b16b43516418a39da77b69ed771,0.4252,0.39171294053918315,-0.03348705946081687,0.2284517463813911,0.48942118803963597,0.1493617999973321,0.14382632293080055,0.12980551786521935,False,
504,T145__ZEUS-8B-V20,2025-01-08 03:20:47+00:00,1bf0e92f150212157d4156ca8353852b967714ae,0.4632,0.39171294053918315,-0.07148705946081685,0.24555882436732623,0.5638422842343315,0.16646887798326762,0.26142017186793304,0.2532790592492085,False,
505,IlyaGusev__gemma-2-9b-it-abliterated,2025-01-08 03:27:09+00:00,f62bc2e28a354ab12c767dd69a67801472ed27e6,0.476,0.39171294053918315,-0.08428705946081683,0.22450131795770453,0.4696978502387347,0.1454113715736461,0.11668928086838534,0.07598371777476255,False,
506,JayHyeon__Qwen2.5-0.5B-SFT-2e-5-2ep-IRPO_1e-7-3ep_1alp_0lam,2025-01-08 03:27:45+00:00,44ee401d916fc7b9e03b140568b416a016a6f27b,0.2656,0.39171294053918315,0.12611294053918315,0.36084371138736127,1.1375254445896552,0.28175376500330274,0.8919041157847128,0.8824061510628675,False,
507,JayHyeon__Qwen2.5-0.5B-SFT-2e-5-2ep-DPO_3e-7-3ep_0alp_0lam,2025-01-08 03:28:34+00:00,687b58040e4a3ba92675126dda3e787223361d4a,0.2616,0.39171294053918315,0.13011294053918315,0.3597768810983164,1.1334502871545964,0.2806869347142575,0.8819538670284939,0.8742650384441429,False,
508,JayHyeon__Qwen2.5-0.5B-SFT-2e-5-2ep-DPO_1e-7-3ep_0alp_0lam,2025-01-08 03:28:38+00:00,6c4ecdb22db6914e03b5eb90c01179cdd1a517c2,0.2628,0.39171294053918315,0.12891294053918317,0.35932852871583815,1.135191998860963,0.2802385823317797,0.877431026684758,0.8769787426503844,False,
509,ewre324__Thinker-Qwen2.5-0.5B-Instruct-Reasoning,2025-01-08 03:30:47+00:00,c676524d8eb961afb2ac2853811f782033c95e7c,0.2714,0.39171294053918315,0.12031294053918318,0.32703866050770863,0.9718115379351467,0.2479487141236492,0.7159656264133876,0.7317955676164631,False,
510,Daemontatox__CogitoZ14,2025-01-08 03:34:10+00:00,49f81852e47aa92ea8a0dcc6852a6cad0f25fbab,0.5264,0.39171294053918315,-0.13468705946081683,0.2965463890808769,0.81019722822085,0.21745644269681866,0.5291723202170964,0.5336951605608322,False,
511,TheDrummer__Tiger-Gemma-9B-v3,2025-01-08 03:41:45+00:00,cba015898e4dfac3233f1d521d651042b5883b23,0.4634,0.39171294053918315,-0.07168705946081683,0.22779351153809835,0.48082404827748215,0.14870356515403996,0.13658977838082315,0.11307100859339665,False,
512,ewre324__Thinker-SmolLM2-135M-Instruct-Reasoning,2025-01-08 03:45:19+00:00,ab476808dd5b884c174c21da9e3f3b9a15c37143,0.2512,0.39171294053918315,0.14051294053918317,0.38392671369679987,1.2915608096804854,0.3048367673127417,0.989145183175034,0.994572591587517,False,
513,TheDrummer__Tiger-Gemma-9B-v2,2025-01-08 03:45:38+00:00,4d2614a272105ea017bfafdc7171a00aadfe322e,0.4612,0.39171294053918315,-0.06948705946081685,0.2394313498109957,0.5373217338335151,0.16034140342693726,0.22116689280868385,0.21528720036182722,False,
514,JayHyeon__Qwen_0.5-DPO_5e-7-3ep_0alp_0lam,2025-01-08 03:45:44+00:00,c9ed60a29b97f703e6009c1e38b372e09f398ade,0.2692,0.39171294053918315,0.12251294053918316,0.3683043274436984,1.1713757655920825,0.2892143810596397,0.9511533242876526,0.9353233830845771,False,
515,tannedbum__Ellaria-9B,2025-01-08 03:53:04+00:00,a7cf13b212b03cca1f49dd80aae70f3a2ae4b26c,0.4828,0.39171294053918315,-0.09108705946081685,0.2287672541456333,0.4819287887954259,0.14967730776157478,0.14654002713704206,0.11623699683401176,False,
516,mlx-community__Josiefied-Qwen2.5-0.5B-Instruct-abliterated-v1-float32,2025-01-08 03:58:23+00:00,066765e27a5b0676bfc83161f3d1b90c67a7fa9e,0.2732,0.39171294053918315,0.11851294053918315,0.33755675950100883,1.0326719487082099,0.2584668131169501,0.7756671189507011,0.7847127996381728,False,
517,TheDrummer__Tiger-Gemma-9B-v1,2025-01-08 03:58:35+00:00,db79711d0538dc2470ad7303f82a54b55b07d834,0.4658,0.39171294053918315,-0.07408705946081684,0.23317980839776423,0.5056867242807006,0.15408986201370586,0.17819990954319312,0.1587516960651289,False,
518,prithivMLmods__QwQ-LCoT-7B-Instruct,2025-01-08 03:58:54+00:00,5faae0f55eca798f57bfb2e51e4edaf511161859,0.4634,0.39171294053918315,-0.07168705946081683,0.27422354615985517,0.7160739125574153,0.19513359977579758,0.3921302578018996,0.412483039348711,False,
519,neopolita__jessi-v0.1-bf16-falcon3-7b-instruct,2025-01-08 04:00:00+00:00,1b08d387ac37fe2ecb0008d08fb90b1cb2de905a,0.4956,0.39171294053918315,-0.10388705946081683,0.28183640268028626,0.7376068487646488,0.2027464562962267,0.44052464947987335,0.4427860696517413,False,
520,PowerInfer__SmallThinker-3B-Preview,2025-01-08 04:01:21+00:00,ae3c9d0f82fbbc24ba844055ed21ed91b24d5245,0.3748,0.39171294053918315,0.01691294053918313,0.2630433164889088,0.646845991960491,0.18395337010484974,0.3518769787426504,0.34328358208955223,False,
521,prithivMLmods__Triangulum-10B,2025-01-08 04:09:24+00:00,0aef43abe97c2790e5368b6fced171f3946a8a22,0.4948,0.39171294053918315,-0.10308705946081687,0.27165858157200307,0.7125475823848089,0.1925686351879443,0.38218000904568067,0.4079601990049751,False,
522,Goekdeniz-Guelmez__josie-7b-v6.0,2025-01-08 04:12:55+00:00,2203c3dfe5cb0c3f4a94a64d48a6204faf325d9c,0.4212,0.39171294053918315,-0.029487059460816867,0.2683471180024248,0.673388758904373,0.1892571716183655,0.3677069199457259,0.3686114880144731,False,
523,Nitral-AI__Captain_BMO-12B,2025-01-08 04:18:14+00:00,0937c1e6e575915d53f5db2d52f6480f39f68512,0.4392,0.39171294053918315,-0.04748705946081683,0.24289549957643317,0.5548758785876178,0.16380555319237375,0.24378109452736318,0.23835368611488014,False,
524,Goekdeniz-Guelmez__josie-3b-v6.0,2025-01-08 04:18:58+00:00,0e76b06e9665cdd2d65ca1b689bd0554ff4bd2af,0.3726,0.39171294053918315,0.019112940539183165,0.28675647148707956,0.7700723034022103,0.20766652510302047,0.4758028041610131,0.4834916327453641,False,
525,allenai__OLMo-2-1124-7B-Instruct,2025-01-08 04:38:01+00:00,62b59a5d39e2a9008c1c5e62c21033d4d4fae716,0.3542,0.39171294053918315,0.03751294053918314,0.3023565211214215,0.8235955553360119,0.22326657473736228,0.5594753505201266,0.5486205336951605,False,
526,DreadPoor__Derivative_V3-8B-Model_Stock,2025-01-08 04:38:59+00:00,b6422c4f75323c0e6eb2f27d9dad8ee0f110ffca,0.4414,0.39171294053918315,-0.04968705946081686,0.21600335014864144,0.45064461126547767,0.13691340376458316,0.029850746268656716,0.03075531433740389,False,
527,noname0202__gemma-2-9b-sft-jp-en-zh-v1,2025-01-08 04:41:55+00:00,8a4bfe454b43dc82bc1da5fff7308a8bd22f60c4,0.3674,0.39171294053918315,0.024312940539183148,0.29064038137303444,0.788635611322513,0.21155043498897566,0.4966078697421981,0.5101763907734057,False,
528,zelk12__MT1-Max-Merge_02012025163610-gemma-2-9B,2025-01-08 04:46:38+00:00,32d79703037f8a79e605c93ac005dda4a4fdb99c,0.5122,0.39171294053918315,-0.12048705946081684,0.2425078700862999,0.546141404021162,0.1634179237022413,0.24106739032112168,0.22433288104929897,False,
529,wzhouad__gemma-2-9b-it-WPO-HB,2025-01-08 04:51:07+00:00,eb16c03a2aff33d0e2487407cbf68de697a764dc,0.452,0.39171294053918315,-0.06028705946081686,0.25440752692889096,0.5977989381075471,0.1753175805448329,0.3093622795115332,0.29850746268656714,False,
530,zelk12__MT2-Max-Merge_02012025163610-gemma-2-9B,2025-01-08 05:03:04+00:00,545436a620a40f55fc299bce9449264b9f9a18ec,0.5114,0.39171294053918315,-0.11968705946081681,0.24445198674530516,0.5547854780527613,0.16536204036124647,0.25508819538670285,0.23744911804613297,False,
531,zelk12__Rv0.4MT4g2-gemma-2-9B,2025-01-08 05:19:08+00:00,1c4a307d17fb0784adb740616f9929fd68ac66de,0.5078,0.39171294053918315,-0.11608705946081688,0.24528216964803265,0.5602759664406274,0.16619222326397426,0.25825418362731795,0.24513794663048394,False,
532,sometimesanotion__Lamarck-14B-v0.6,2025-01-08 07:15:01+00:00,4d67981da808ee5b7d327a2f864a5013039979dc,0.5664,0.39171294053918315,-0.17468705946081686,0.31707236322894966,0.8723256298818138,0.23798241684489121,0.6616915422885572,0.6182722749886929,False,
533,FlofloB__smollm2_pretrained_200k_fineweb,2025-01-08 09:02:31+00:00,1b59efaffa76d50ca4ed1e7863d5876371a2cc26,0.2382,0.39171294053918315,0.15351294053918316,0.36117927581198306,1.1649542367757608,0.28208932942792475,0.8968792401628223,0.9262777023971054,False,
534,Daemontatox__CogitoZ,2025-01-08 09:03:01+00:00,637aee5bd9e7e601d1783ea791c3aae761aadd34,0.5884,0.39171294053918315,-0.19668705946081688,0.33092622586716486,0.9925514582598968,0.2518362794831061,0.7390321121664405,0.7530529172320217,False,
535,Minami-su__Amara-o1-7B-Qwen,2025-01-08 09:37:58+00:00,bc3ecaee815aafb395770abb338d0e49c32e851d,0.4188,0.39171294053918315,-0.027087059460816854,0.26606601590031753,0.6804712953678866,0.1869760695162584,0.35911352329262775,0.37403889642695615,False,
536,hotmailuser__FalconSlerp-3B,2025-01-08 14:10:55+00:00,e16510b5326da710664ea34ecff4c1eca8fff981,0.4016,0.39171294053918315,-0.00988705946081686,0.28224402343863253,0.7447560605834084,0.2031540770545735,0.44549977385798284,0.4500226142017187,False,
537,hotmailuser__QwenSparse-7B,2025-01-08 14:15:38+00:00,922dce453b2be3e97d294c38e0696bf702aa9798,0.2398,0.39171294053918315,0.15191294053918314,0.35766226773628246,1.1358800523418495,0.2785723213522247,0.858887381275441,0.8778833107191316,False,
538,hotmailuser__FalconSlerp4-7B,2025-01-08 14:20:08+00:00,9206d45d9b46d7e5d1df40b10857b0b752b36b68,0.4748,0.39171294053918315,-0.08308705946081685,0.2582595073324996,0.6315283337311959,0.17916956094844086,0.32926277702397105,0.3279059249208503,False,
539,hotmailuser__QwenStock-0.5B,2025-01-08 14:29:15+00:00,5f26725756ec97150a412da0d2fc6ab1eb3de664,0.2466,0.39171294053918315,0.14511294053918314,0.36004435165000453,1.1635176286597586,0.2809544052659461,0.8837630031659882,0.9226594301221167,False,
540,hotmailuser__QwenModelStock-1.8B,2025-01-08 14:33:22+00:00,2427abcebe118b2caee0ed6b481cf40a18eb6dc2,0.352,0.39171294053918315,0.03971294053918317,0.2830049545379203,0.7476223044480458,0.2039150081538618,0.451831750339213,0.4527363184079602,False,
541,hotmailuser__QwenStock-1.7B,2025-01-08 14:37:09+00:00,7d3bda9ee0af85c9e9ad2fdf6dbf535487b82a3a,0.3502,0.39171294053918315,0.04151294053918314,0.28551618643162296,0.757844321682456,0.20642624004756444,0.4681139755766621,0.46720940750791495,False,
542,hotmailuser__QwenSlerp-3B,2025-01-08 14:47:35+00:00,bec9741f9687b713e09ba820305d546447328721,0.4218,0.39171294053918315,-0.030087059460816856,0.2761183033845174,0.7175335552729799,0.19702835700045776,0.40343735866123925,0.41429217548620534,False,
543,prithivMLmods__GWQ-9B-Preview2,2025-01-08 14:52:23+00:00,cf5aab43155f9b23e584bc3c908beb8327b06b3a,0.488,0.39171294053918315,-0.09628705946081684,0.2422722136685891,0.5723190007998967,0.1631822672845307,0.2392582541836273,0.2668475802804161,False,
544,hotmailuser__LlamaStock-8B,2025-01-08 14:58:48+00:00,904c51f01fd29b87140b64cfd65aea4c429a34b1,0.4478,0.39171294053918315,-0.056087059460816824,0.23005960313434312,0.5102972634216286,0.1509696567502837,0.1546811397557666,0.1650836725463591,False,
545,prithivMLmods__GWQ-9B-Preview,2025-01-08 15:11:49+00:00,750570fe51d9f1755aec3b630667aa4a870bc9f7,0.4904,0.39171294053918315,-0.09868705946081685,0.24274253218037917,0.5698293740119583,0.1636525857963203,0.24242424242424243,0.2618724559023066,False,
546,hotmailuser__QwenSlerp3-14B,2025-01-08 15:12:28+00:00,ad4f380bfd98b75459bc9f3c61a0e498995661ea,0.5324,0.39171294053918315,-0.14068705946081683,0.2982036701047381,0.7987427220536825,0.21911372372067903,0.5373134328358209,0.5205789235639982,False,
547,neopolita__jessi-v0.1-qwen2.5-7b-instruct,2025-01-08 15:19:09+00:00,009f4032b7e122a1687dc2e88a8a905489b73965,0.4918,0.39171294053918315,-0.10008705946081686,0.2825428782827691,0.7449763867653804,0.20345293189871025,0.4491180461329715,0.45092718227046585,False,
548,hotmailuser__QwenSlerp2-14B,2025-01-08 15:19:34+00:00,d234b1875297ba9504faea82d0ca9f25a2bad27c,0.5732,0.39171294053918315,-0.1814870594608169,0.3214149172193181,0.8938836247252726,0.24232497083525928,0.687019448213478,0.6576209859791949,False,
549,hotmailuser__QwenStock1-14B,2025-01-08 15:38:27+00:00,d381211a9a054a55d24d9ef7808817a45bee6f3b,0.563,0.39171294053918315,-0.1712870594608168,0.31248615879868064,0.855864644294061,0.233396212414622,0.634554500226142,0.5915875169606513,False,
550,hotmailuser__QwenSlerp-14B,2025-01-08 15:42:44+00:00,17c84382b369ee435fe8a882eec0d9bcda604415,0.574,0.39171294053918315,-0.1822870594608168,0.3219837875464782,0.898347644322146,0.2428938411624194,0.6906377204884667,0.6657620985979195,False,
551,Locutusque__CollectiveLM-Falcon-3-7B,2025-01-08 15:46:54+00:00,528d80c8da52c24027a76b4434b2d9f100072b5d,0.4412,0.39171294053918315,-0.04948705946081683,0.2545945295782164,0.6166501665972963,0.17550458319415696,0.3102668475802804,0.3152419719583899,False,
552,T145__ZEUS-8B-V21,2025-01-08 15:56:33+00:00,5f1038f817f38050dc616484649e076fbd62ea3b,0.2944,0.39171294053918315,0.09731294053918316,0.3442102122176007,1.0527506916804343,0.26512026583354253,0.798733604703754,0.798733604703754,False,
553,microsoft__phi-4,2025-01-08 16:41:38+00:00,e15be88ebe32f7d656c1583b14a9cc0b9be3dd2e,0.5474,0.39171294053918315,-0.15568705946081685,0.28940187716372096,0.7404575437691235,0.21031193077966268,0.4893713251922207,0.4450474898236092,False,
554,huihui-ai__QwQ-32B-Coder-Fusion-8020,2025-01-08 16:54:20+00:00,22f2709c3482f519bf07036f300f7fc41d0a384a,0.5648,0.39171294053918315,-0.17308705946081682,0.3117006716116454,0.8744770365039894,0.2326107252275859,0.6282225237449118,0.6218905472636815,False,
555,FlofloB__smollm2-135M_pretrained_200k_fineweb_uncovai_selected,2025-01-08 16:57:57+00:00,ea80fad484c182d67b4561c0de3f9799f1541746,0.2398,0.39171294053918315,0.15191294053918314,0.3648227371094974,1.169933080631321,0.2857327907254396,0.9294436906377205,0.9317051108095884,False,
556,maldv__Lytta2.5-32B-Instruct,2025-01-08 17:14:55+00:00,f46ca1aa1af0a9bbef7117f1eb8337945f9efe11,0.4458,0.39171294053918315,-0.05408705946081682,0.2991441663949211,0.8184207661593229,0.22005422001086114,0.5418362731795567,0.5431931252826775,False,
557,huihui-ai__QwQ-32B-Coder-Fusion-7030,2025-01-08 17:29:53+00:00,bbafb2c03ada993fa1914dd8a8ef59b9fd6fe99d,0.4922,0.39171294053918315,-0.10048705946081687,0.29246885132919137,0.7838006894701747,0.21337890494513148,0.506558118498417,0.5056535504296699,False,
558,hotmailuser__QwenSlerp2-3B,2025-01-08 18:43:28+00:00,3cc6faaa3bb75895232deb71e744666ed7b0ad2e,0.4122,0.39171294053918315,-0.02048705946081686,0.27862589830307594,0.7213134725126965,0.19953595191901652,0.42107643600180916,0.42107643600180916,False,
559,mhl1__Qwen2.5-0.5B-cinstruct-stage1,2025-01-08 20:10:44+00:00,cd555ca86bc3cf7762dd048de9efd218eac7f470,0.2608,0.39171294053918315,0.13091294053918318,0.35962442346927476,1.1524428129187634,0.280534477085216,0.8805970149253731,0.9086386250565355,False,
560,neopolita__jessi-v0.2-falcon3-7b-instruct,2025-01-08 21:05:37+00:00,0f96dd633a866d99ebe807bf37fd2eaad7954904,0.4872,0.39171294053918315,-0.09548705946081687,0.2776500378713595,0.7194565646482932,0.1985600914873003,0.412483039348711,0.4183627317955676,False,
561,neopolita__jessi-v0.3-falcon3-7b-instruct,2025-01-08 21:34:20+00:00,80a077051e57a4a74dd0963731ee6313231bcefb,0.4884,0.39171294053918315,-0.09668705946081685,0.27588316556416037,0.7109017227829979,0.19679321918010118,0.4020805065581185,0.40615106286748076,False,
562,Sakalti__Neptuno-3B,2025-01-08 23:38:09+00:00,9e3a037c87293fef8cc663035fd8debc9ecf2f9d,0.4016,0.39171294053918315,-0.00988705946081686,0.2693799182493828,0.6925362857259674,0.1902899718653238,0.3722297602894618,0.3853459972862958,False,
563,JayHyeon__Qwen_0.5-DPO_5e-7-2ep_0alp_0lam,2025-01-09 02:37:34+00:00,e4c877ec8ef5426d17b49be08d8dd5e2e10a4ec5,0.2712,0.39171294053918315,0.12051294053918316,0.3664041077212441,1.157894902507191,0.2873141613371854,0.9366802351876978,0.9140660334690185,False,
564,JayHyeon__Qwen_0.5-DPO_5e-7-1ep_0alp_0lam,2025-01-09 02:45:42+00:00,4fef8c7b6af986df1066c18542b75d6b0688a211,0.2666,0.39171294053918315,0.12511294053918315,0.3635692721419842,1.1481511999489298,0.28447932575792556,0.9217548620533695,0.9023066485753053,False,
565,JayHyeon__Qwen_0.5-DPOP_5e-7-2ep_0alp_5lam,2025-01-09 03:01:14+00:00,4d325239315ccf697e697974ef4d2a454abb8f0e,0.2652,0.39171294053918315,0.12651294053918316,0.36161211928504294,1.1417378579357762,0.2825221729009844,0.9023066485753053,0.8946178199909544,False,
566,JayHyeon__Qwen_0.5-DPOP_5e-7-3ep_0alp_5lam,2025-01-09 03:09:42+00:00,3f4aa9cc5888702831e646b7134c6d93deb67ea2,0.2668,0.39171294053918315,0.12491294053918317,0.3603513535346034,1.1364987270441247,0.28126140715054465,0.8873812754409769,0.8801447308909995,False,
567,JayHyeon__Qwen_0.5-DPOP_5e-7-1ep_0alp_5lam,2025-01-09 03:10:39+00:00,c079905569e0cef72617428168fc6ba0957ee41c,0.2616,0.39171294053918315,0.13011294053918315,0.3602696597445352,1.137022238742694,0.2811797133604769,0.8860244233378561,0.8810492989597467,False,
568,JayHyeon__Qwen_0.5-IRPO_5e-7-2ep_1alp_0lam,2025-01-09 03:26:16+00:00,ddc63bba1e652766c5a7601683db8c098e76a440,0.2664,0.39171294053918315,0.12531294053918313,0.36230081456211805,1.1416916441714209,0.28321086817805985,0.9090909090909091,0.8941655359565808,False,
569,JayHyeon__Qwen_0.5-IRPO_5e-7-1ep_1alp_0lam,2025-01-09 03:34:06+00:00,7852b5b1fed8b60eeb7dc15544c7144957b2c157,0.2654,0.39171294053918315,0.12631294053918313,0.3612101938934116,1.1385594414379132,0.282120247509353,0.898236092265943,0.885119855269109,False,
570,JayHyeon__Qwen_0.5-DPO_3e-6-2ep_0alp_0lam,2025-01-09 03:35:03+00:00,17b01ccff817fbf461c9cbdc7d538178d0e0d894,0.2718,0.39171294053918315,0.11991294053918317,0.36620318466198554,1.1732058438408621,0.2871132382779281,0.9357756671189507,0.937584803256445,False,
571,JayHyeon__Qwen_0.5-IRPO_5e-7-3ep_1alp_0lam,2025-01-09 03:36:04+00:00,03accd413ab3c3d51a97319d48a8ea409da5f6d8,0.2672,0.39171294053918315,0.12451294053918316,0.3607462316173826,1.1385306042346424,0.28165628523332437,0.8909995477159657,0.8846675712347354,False,
572,JayHyeon__Qwen_0.5-DPO_3e-6-1ep_0alp_0lam,2025-01-09 03:41:20+00:00,e530519d24b8bd0aa8aaf69fd3f1c2090d642c89,0.2548,0.39171294053918315,0.13691294053918313,0.3664688764820157,1.176022067184555,0.28737893009795806,0.937584803256445,0.9393939393939394,False,
573,JayHyeon__Qwen_0.5-DPOP_3e-6-2ep_0alp_5lam,2025-01-09 03:50:17+00:00,30c7dfa8e538841fb45f33d745d0969f0a3b79e3,0.2644,0.39171294053918315,0.12731294053918313,0.35759181515188504,1.1247440997233613,0.2785018687678262,0.8584350972410674,0.8539122568973315,False,
574,JayHyeon__Qwen_0.5-DPOP_3e-6-1ep_0alp_5lam,2025-01-09 03:58:27+00:00,f15b4bad58d356ed076a519075867eed418d0e0a,0.27,0.39171294053918315,0.12171294053918313,0.3580677413651096,1.1295773227761794,0.27897779498105135,0.8638625056535504,0.8634102216191768,False,
575,JayHyeon__Qwen_0.5-IRPO_3e-6-2ep_1alp_0lam,2025-01-09 04:04:47+00:00,dc55118caf826a0d9fc30b7062a6bf0aa72f6b58,0.2668,0.39171294053918315,0.12491294053918317,0.3626662489695691,1.1518044697491245,0.28357630258551114,0.9131614654002713,0.9077340569877883,False,
576,JayHyeon__Qwen_0.5-IRPO_3e-6-3ep_1alp_0lam,2025-01-09 04:10:18+00:00,de222e3366ceb3839aeb913bb80435c6e15d424c,0.2768,0.39171294053918315,0.11491294053918316,0.3583102308806752,1.1294726464447797,0.27922028449661723,0.8670284938941656,0.8629579375848032,False,
577,JayHyeon__Qwen_0.5-DPOP_3e-6-3ep_0alp_5lam,2025-01-09 04:10:40+00:00,a0fdfc15347d5d085005053b8dedc8b0e5b5e50e,0.2654,0.39171294053918315,0.12631294053918313,0.3539512049827495,1.1127099287472912,0.27486125859869104,0.8353686114880144,0.8367254635911352,False,
578,JayHyeon__Qwen_0.5-IRPO_3e-6-1ep_1alp_0lam,2025-01-09 04:15:29+00:00,13bf409c8a6ee43776cdd797d5808a21111d7ba8,0.2648,0.39171294053918315,0.12691294053918317,0.36326473838543577,1.160206387298601,0.284174792001378,0.9203980099502488,0.9167797376752601,False,
579,JayHyeon__Qwen_0.5-MDPO_0.3_5e-7-3ep_0alp_0lam,2025-01-09 04:44:40+00:00,c4922fd6972ce6f932528697eb1f02c3a998ab8f,0.263,0.39171294053918315,0.12871294053918314,0.36097212702587017,1.1415893571144178,0.28188218064181103,0.8941655359565808,0.8937132519222072,False,
580,JayHyeon__Qwen_0.5-MDPO_0.3_3e-6-3ep_0alp_0lam,2025-01-09 04:48:36+00:00,f4c9884e39a14c908bc5799eeb67a6b2459707bf,0.2674,0.39171294053918315,0.12431294053918313,0.35529856879138,1.1171068798162311,0.276208622407322,0.8421528720036183,0.8407960199004975,False,
581,JayHyeon__Qwen_0.5-MDPO_0.7_5e-7-3ep_0alp_0lam,2025-01-09 04:50:49+00:00,eede7b959387b90c4c6f1d538f0c0ca840185529,0.263,0.39171294053918315,0.12871294053918314,0.3631277063896098,1.15279550752724,0.2840377600055511,0.9185888738127544,0.9090909090909091,False,
582,JayHyeon__Qwen_0.5-MDPO_0.7_3e-6-3ep_0alp_0lam,2025-01-09 04:53:33+00:00,1e08788b78255916e0060802ab55dd739b3c88b2,0.2648,0.39171294053918315,0.12691294053918317,0.3551800251785585,1.1172370071200781,0.2760900787945003,0.8407960199004975,0.841248303934871,False,
583,unsloth__phi-4,2025-01-09 05:26:25+00:00,628bf8e794133bd3f7c4dce3e341fe61080162c8,0.549,0.39171294053918315,-0.1572870594608169,0.2900177871946506,0.7441713694241193,0.21092784081059227,0.49389416553595655,0.4495703301673451,False,
584,SkyOrbis__SKY-Ko-Qwen2.5-3B-Instruct,2025-01-09 05:49:20+00:00,1325c42b23dcdf07f7c5e966ebdca7a664dd18c6,0.3446,0.39171294053918315,0.047112940539183135,0.2947121274223588,0.8262070790005631,0.21562218103829936,0.5214834916327453,0.5526910900045229,False,
585,Minami-su__Amara-o2-7B-Qwen,2025-01-09 06:02:35+00:00,488f3dbf3dc632861143bd10b6c3030e1d46975b,0.4168,0.39171294053918315,-0.025087059460816852,0.2691798529952868,0.6867085975342435,0.19008990661122763,0.37177747625508817,0.3808231569425599,False,
586,ngxson__MiniThinky-v2-1B-Llama-3.2,2025-01-09 06:31:09+00:00,ebd986db88a2b01ceab1304ebcb2f3f78a1fdbc7,0.2686,0.39171294053918315,0.12311294053918315,0.36866479551223963,1.1666116346315347,0.28957484912818043,0.952962460425147,0.9289914066033469,False,
587,prithivMLmods__Deepthink-Reasoning-7B,2025-01-09 06:47:00+00:00,8f91c595cf3619fd49f01eaf8078c50c0d1273df,0.4634,0.39171294053918315,-0.07168705946081683,0.27099919870795014,0.6920307170396899,0.1919092523238912,0.37991858887381275,0.38444142921754865,False,
588,godlikehhd__alpaca_data_sampled_ifd_new_5200,2025-01-09 07:56:26+00:00,bebc54cf9e709fc5fe25d6a3ce3ab0847379d30b,0.3462,0.39171294053918315,0.045512940539183144,0.2838351610412828,0.7484162992425266,0.20474521465722395,0.45680687471732245,0.45409317051108095,False,
589,godlikehhd__alpaca_data_sampled_ifd_5200,2025-01-09 07:56:58+00:00,0857e3d11eadd3c71b1b1c02b1fd875f523cf1fc,0.341,0.39171294053918315,0.05071294053918313,0.3157196455413184,0.8863309496958444,0.23662969915725957,0.6544549977385798,0.6381727725011307,False,
590,Sakalti__Neptuno-Alpha,2025-01-09 08:12:20+00:00,3e8674efe2b13e004474e8062ff0dc0391371534,0.4124,0.39171294053918315,-0.020687059460816837,0.2573239711332684,0.6374964330400394,0.17823402474920955,0.32609678878335596,0.33288104929895973,False,
591,FlofloB__smollm2-135M_pretrained_400k_fineweb_uncovai_selected,2025-01-09 08:51:07+00:00,ee933fa1ccfd03e220ff27e216fef8a26889af9f,0.2434,0.39171294053918315,0.14831294053918315,0.3609616075353912,1.150242358831908,0.2818716611513328,0.8937132519222072,0.9050203527815468,False,
592,godlikehhd__alpaca_data_ins_min_5200,2025-01-09 09:16:29+00:00,5a4249f152ec2f6e558faec933a826d797e4e1ad,0.3532,0.39171294053918315,0.03851294053918314,0.30798955914176,0.8739882075059786,0.22889961275770138,0.6015377657168702,0.621438263229308,False,
593,unsloth__phi-4-bnb-4bit,2025-01-09 10:15:28+00:00,a1511abc5303a63b52b9db9bdfd2fdd9791c4a4b,0.5462,0.39171294053918315,-0.15448705946081687,0.29373053917301106,0.7570046025732601,0.2146405927889524,0.5156037991858887,0.4663048394391678,False,
594,unsloth__phi-4-unsloth-bnb-4bit,2025-01-09 10:28:39+00:00,66cbf0f7e3cc90fa3682d6b3490000da6e94f1df,0.5492,0.39171294053918315,-0.15748705946081687,0.29540129726309294,0.7628324493681933,0.216311350879034,0.5232926277702397,0.472636815920398,False,
595,godlikehhd__alpaca_data_ifd_me_max_5200,2025-01-09 11:11:22+00:00,c608b8baf761b9c0302b770befcbf95a98f9c22c,0.3438,0.39171294053918315,0.04791294053918316,0.2888266373092997,0.7670979428522764,0.20973669092524092,0.4866576209859792,0.4789687924016282,False,
596,godlikehhd__alpaca_data_ins_max_5200,2025-01-09 11:20:35+00:00,0c24538cba1196e1176151813ef1f70b2d029118,0.3416,0.39171294053918315,0.05011294053918314,0.30477116864261367,0.8547363816648602,0.22568122225855394,0.5703301673450927,0.5888738127544098,False,
597,Sakalti__Llama3.2-3B-Uranus-1,2025-01-09 11:57:16+00:00,2a5064ee08132ace706f107fe30c301d9f8f6ee6,0.3932,0.39171294053918315,-0.001487059460816842,0.274852276212834,0.7111575048446271,0.1957623298287755,0.39800995024875624,0.40660334690185435,False,
598,godlikehhd__alpaca_data_ins_ans_max_5200,2025-01-09 14:01:18+00:00,df8fffa4793ed78ebfe030f38d724a3449dffb61,0.3414,0.39171294053918315,0.05031294053918317,0.28800967471496863,0.765648787611738,0.20891972833090994,0.4834916327453641,0.47806422433288104,False,
599,ModelCloud__Llama-3.2-1B-Instruct-gptqmodel-4bit-vortex-v1,2025-01-10 11:16:09+00:00,b085f83497e9fdeb0bc4913513074aed8ccb1fd0,0.2852,0.39171294053918315,0.10651294053918314,0.3532894805846023,1.086665518221397,0.27419953420054344,0.8322026232473994,0.8204432383536862,False,
600,zetasepic__Qwen2.5-32B-Instruct-abliterated-v2,2025-01-11 00:05:15+00:00,6d51026368c2dd46a9cd7ddc963782dbaef15e6d,0.5486,0.39171294053918315,-0.15688705946081682,0.27451527809941967,0.6846823069171619,0.19542533171536103,0.39574853007688826,0.3790140208050656,False,
601,FlofloB__smollm2-135M_pretrained_600k_fineweb_uncovai_selected,2025-01-13 09:11:25+00:00,822ed58f1b9d99b7e0ae905d41a14d399926c94a,0.2494,0.39171294053918315,0.14231294053918314,0.36819603140368357,1.1853263589725376,0.2891060850196253,0.9493441881501583,0.9507010402532791,False,
602,DreadPoor__BaeZel_V3-8B-Model_Stock,2025-01-13 09:16:19+00:00,96381291bae9b388be8ab25dd2a2b20565b1a417,0.4702,0.39171294053918315,-0.07848705946081685,0.2291471281780598,0.5054362368376792,0.1500571817940016,0.15015829941203077,0.15784712799638173,False,
603,T145__ZEUS-8B-V22,2025-01-13 09:29:12+00:00,5e86bd00d53e7842a99f0206c19df73461052fee,0.464,0.39171294053918315,-0.07228705946081687,0.24606907586102256,0.5666416513360597,0.16697912947696394,0.26503844414292177,0.25825418362731795,False,
604,neopolita__jessi-v0.5-falcon3-7b-instruct,2025-01-13 09:33:11+00:00,e6cedffc7cfd4366caaeb79f7884c61dca29a52e,0.4918,0.39171294053918315,-0.10008705946081686,0.27595606868393385,0.7078741566099039,0.19686612229987488,0.4025327905924921,0.40343735866123925,False,
605,Daemontatox__AetherUncensored,2025-01-13 09:52:19+00:00,c0868988327ff7eaa832de2ffb795a8894c78c94,0.3688,0.39171294053918315,0.022912940539183135,0.25436499109370436,0.6142878213898711,0.17527504470964497,0.30890999547715964,0.31298055178652195,False,
606,prithivMLmods__Phi-4-o1,2025-01-13 10:17:42+00:00,962ab239f7ba9275555bb5e6b204a2452a3accba,0.5442,0.39171294053918315,-0.15248705946081687,0.3176728410320283,0.8929796430683576,0.23858289464796953,0.6653098145635459,0.6535504296698327,False,
607,FlofloB__smollm2-135M_pretrained_400k_fineweb,2025-01-13 15:28:17+00:00,f4b7a99ffa6904547b5f4a8eb40734649cf751c1,0.2418,0.39171294053918315,0.14991294053918316,0.3581427066409144,1.1335040547957014,0.2790527602568558,0.8647670737222976,0.8747173224785165,False,
608,bfuzzy1__acheron-m,2025-01-13 15:42:10+00:00,0e7ee8ff9e5bb4951decc8c4faae0857a506da10,0.245,0.39171294053918315,0.14671294053918316,0.35595400366064256,1.1371332254121131,0.27686405727658414,0.8466757123473542,0.8815015829941203,False,
609,JayHyeon__Qwen_0.5-IRPO_1e-7-3ep_1alp_0lam,2025-01-13 15:44:38+00:00,3e0b8db9f6f326c0691f27d90b040433a460d222,0.2666,0.39171294053918315,0.12511294053918315,0.35979770841384245,1.1271675456653691,0.2807077620297842,0.8824061510628675,0.8579828132066938,False,
610,JayHyeon__Qwen_0.5-MDPO_0.5_6e-6-3ep_0alp_0lam,2025-01-13 15:45:02+00:00,31d1c9d84cdddc9f3d136205991b2bb81ce437e0,0.2652,0.39171294053918315,0.12651294053918316,0.3583305888996291,1.1408509359167933,0.2792406425155709,0.8679330619629128,0.8923563998190864,False,
611,JayHyeon__Qwen_0.5-DPO_1e-6-3ep_0alp_0lam,2025-01-13 15:50:21+00:00,000f59f5d7624055bc09cb6c0deefcd4f144efa1,0.2684,0.39171294053918315,0.12331294053918312,0.36845951145733047,1.168480814582329,0.2893695650732731,0.9520578923563998,0.9303482587064676,False,
612,DavidAU__L3.1-Dark-Planet-SpinFire-Uncensored-8B,2025-01-13 16:26:32+00:00,4a313cff661edcf0f5d4e030f4a978b07b0fb96c,0.4336,0.39171294053918315,-0.04188705946081683,0.2211179622457946,0.45323127263779117,0.14202801586173583,0.07688828584350972,0.034373586612392586,False,
613,PJMixers-Dev__L3.2-Instruct-Thinking-v0.1-1B,2025-01-13 16:50:20+00:00,70d838017c1b0c4e53b32da302c826dacf7f4965,0.2882,0.39171294053918315,0.10351294053918314,0.3378163439954524,1.0213457909966455,0.25872639761139454,0.7770239710538218,0.7761194029850746,False,
614,TheDrummer__Llama-3SOME-8B-v2,2025-01-13 17:18:47+00:00,79c6a32e43cc58bcca7749c24b7fb5906005e52c,0.4128,0.39171294053918315,-0.021087059460816848,0.21006377198229234,0.4262168926571062,0.13097382559823353,0.007688828584350972,0.004975124378109453,False,
615,yuchenxie__ArlowGPT-8B,2025-01-13 17:19:34+00:00,83022eb5e66fadc97e13637d1eee7899ba1237ee,0.4464,0.39171294053918315,-0.05468705946081687,0.24241490290588022,0.5516793057423846,0.1633249565218214,0.24016282225237448,0.23156942559927635,False,
616,yuchenxie__ArlowGPT-3B-Multilingual,2025-01-13 17:19:43+00:00,ec6b0ed57a450e24f97002808d42a62ee4be9ee9,0.3734,0.39171294053918315,0.018312940539183142,0.3039624426765917,0.8380821279666499,0.22487249629253228,0.5662596110357304,0.5662596110357304,False,
617,JayHyeon__Qwen_0.5-MDPO_0.9_5e-7-3ep_0alp_0lam,2025-01-13 17:52:56+00:00,c2a29203891933750955dff5b84774b4acac26be,0.2632,0.39171294053918315,0.12851294053918316,0.36164209773688905,1.1424293580333336,0.28255215135283024,0.903663500678426,0.8964269561284487,False,
618,JayHyeon__Qwen_0.5-MDPO_0.5_7e-6-3ep_0alp_0lam,2025-01-13 17:57:26+00:00,44d6857a82062ac41ae08565a5e1c278be533dc5,0.2694,0.39171294053918315,0.12231294053918318,0.3650018297866822,1.1745738724511932,0.2859118834026241,0.9303482587064676,0.9384893713251922,False,
619,JayHyeon__Qwen_0.5-MDPO_0.1_3e-6-3ep_0alp_0lam,2025-01-13 17:58:01+00:00,5aaee514c3ab09f36c0909ba5beff2f5ebb9d0b0,0.2684,0.39171294053918315,0.12331294053918312,0.3548634965328289,1.1145715163499132,0.27577355014877025,0.8394391677973767,0.8385345997286295,False,
620,Sakalti__tara-3.8B,2025-01-13 18:34:12+00:00,6c372f90c1f5dd293ed6b41d94e0cf5b2c7fc254,0.4124,0.39171294053918315,-0.020687059460816837,0.2554500386056557,0.6329035890270157,0.17636009222159701,0.3138851198552691,0.3301673450927182,False,
621,JayHyeon__Qwen_0.5-MDPO_0.5_1e-5-3ep_0alp_0lam,2025-01-13 18:49:11+00:00,dfe331f4020fe80ec6d969ada373e561e513fabf,0.265,0.39171294053918315,0.12671294053918314,0.35691829033674943,1.1389634131937945,0.2778283439526909,0.8521031207598372,0.8878335594753505,False,
622,JayHyeon__Qwen_0.5-DPO_1e-7-3ep_0alp_0lam,2025-01-13 18:49:21+00:00,96592d26e3c531ed34657e9695b406cbb718b500,0.266,0.39171294053918315,0.12571294053918314,0.357864376276948,1.12310478810164,0.2787744298928894,0.8616010854816825,0.8498417005879693,False,
623,prithivMLmods__Phi-4-Math-IO,2025-01-13 19:05:27+00:00,6e1de922a9b8d459718388925cafcd1b703813a5,0.507,0.39171294053918315,-0.11528705946081685,0.2806833447659246,0.7061166922446677,0.20159339838186646,0.433288104929896,0.4020805065581185,False,
624,prithivMLmods__Llama-Deepsync-3B,2025-01-13 19:23:53+00:00,634d80715be7a6c0d1833382a7d8caa855f4487f,0.3608,0.39171294053918315,0.030912940539183142,0.27701332166292053,0.7269492541819479,0.19792337527886164,0.4093170511080959,0.42786069651741293,False,
625,zelk12__MT4-Max-Merge_02012025163610-gemma-2-9B,2025-01-13 19:28:21+00:00,b4a5e4ab5194cab84401f9a9edbbc737d27a4418,0.4638,0.39171294053918315,-0.07208705946081684,0.23576435168965496,0.5198758836065738,0.15667440530559618,0.19855269109000453,0.182722749886929,False,
626,prithivMLmods__Phi-4-QwQ,2025-01-13 19:32:53+00:00,a1f6938b3ee3ebb596c9e05a7f20e4749bf98ba1,0.5384,0.39171294053918315,-0.14668705946081684,0.30889089543627063,0.843848924892725,0.2298009490522117,0.6087743102668476,0.5734961555857079,False,
627,prithivMLmods__Phi-4-Empathetic,2025-01-13 19:33:27+00:00,c2fe8bff45b558b22c4de7ca21349fdb4b53318d,0.5304,0.39171294053918315,-0.13868705946081683,0.30755237447166334,0.8353180942065077,0.22846242808760453,0.5961103573043871,0.5626413387607417,False,
628,prithivMLmods__Llama-3.1-5B-Instruct,2025-01-13 19:48:11+00:00,8b3274013126e049b714b7dd0758be23caeaf8d3,0.2498,0.39171294053918315,0.14191294053918316,0.3590359670777248,1.1198685853794907,0.27994602069366625,0.8733604703753958,0.8444142921754862,False,
629,JayHyeon__Qwen_0.5-DPOP_1e-7-3ep_0alp_5lam,2025-01-13 19:49:59+00:00,94e10d9822a13ac586eb8be0adc20a452e392d67,0.2672,0.39171294053918315,0.12451294053918316,0.3610556815068638,1.1450318146243001,0.281965735122806,0.8955223880597015,0.8986883763003166,False,
630,godlikehhd__alpaca_data_score_max_5200,2025-01-13 19:52:00+00:00,250be7ffb94c0746095cdf332e42dc173fe279a2,0.3526,0.39171294053918315,0.03911294053918313,0.2914177247442683,0.7927824586408119,0.21232777836020922,0.501130710085934,0.514246947082768,False,
631,kz919__QwQ-0.5B-Distilled-SFT,2025-01-13 19:53:38+00:00,c52780c4e9921343926bf3d57eaf5937b9dc2adc,0.2668,0.39171294053918315,0.12491294053918317,0.3396894825541699,1.0388570260922383,0.26059953617011067,0.7842605156037992,0.7919493441881501,False,
632,Sakalti__Tara-3.8B-v1.1,2025-01-13 19:54:53+00:00,0ddcdfda74ef2bdebda9380de3dc0f036597015b,0.4124,0.39171294053918315,-0.020687059460816837,0.2554500386056557,0.6329035890270157,0.17636009222159701,0.3138851198552691,0.3301673450927182,False,
633,LGAI-EXAONE__EXAONE-3.5-32B-Instruct,2025-01-13 19:55:38+00:00,cf5e17ed711b4f2796d4446394405ca8e4aff97f,0.5288,0.39171294053918315,-0.1370870594608169,0.3157744024020492,0.9217004828271808,0.23668445601798935,0.6549072817729534,0.6915422885572139,False,
634,prithivMLmods__Llama-3.2-6B-AlgoCode,2025-01-13 20:08:18+00:00,06856d6eac3bf18dc455a92a29950393452944f2,0.3058,0.39171294053918315,0.08591294053918314,0.3456974873153291,1.0769222560956082,0.26660754093127126,0.8064224332881049,0.8145635459068294,False,
635,prithivMLmods__Llama-Deepsync-1B,2025-01-13 20:11:40+00:00,238326ac7fe662136f5978ffc7ccc06144e213c6,0.2904,0.39171294053918315,0.10131294053918316,0.32900500447243625,0.9717017588536477,0.24991505808837863,0.7259158751696065,0.7313432835820896,False,
636,T145__ZEUS-8B-V23,2025-01-13 20:26:13+00:00,59bc05d23512568c6deff73815012087016e8f4f,0.4506,0.39171294053918315,-0.05888705946081685,0.23717669989057744,0.5304782181972346,0.1580867535065184,0.20805065581184984,0.20171867933061963,False,
637,mkurman__phi-4-MedIT-11B-exp-1,2025-01-13 20:26:26+00:00,69f1d38782aa9a5e8e6cc04f6316e28a9c0db1ee,0.4392,0.39171294053918315,-0.04748705946081683,0.28890474300736146,0.7501069711409697,0.20981479662330338,0.48756218905472637,0.4559023066485753,False,
638,prithivMLmods__QwQ-LCoT-3B-Instruct,2025-01-13 20:29:07+00:00,f71b192071e42314a6e3a6dc64b67941fb683cad,0.3978,0.39171294053918315,-0.006087059460816835,0.27344429107505563,0.6940067817189978,0.19435434469099636,0.38760741745816374,0.38715513342379015,False,
639,prithivMLmods__Tulu-MathLingo-8B,2025-01-13 20:29:07+00:00,7708a41b712445d50f02ef0ad6a070281765e91b,0.3946,0.39171294053918315,-0.0028870594608168543,0.2811977251878323,0.7269979701156153,0.2021077788037734,0.43735866123925826,0.4283129805517865,False,
640,prithivMLmods__Llama-3.1-8B-Open-SFT,2025-01-13 20:41:49+00:00,ffdaf6504b9dd76385e336fd001becbff9244f04,0.4064,0.39171294053918315,-0.014687059460816831,0.23484212064267881,0.5271905040469202,0.15575217425861945,0.1926729986431479,0.19629127091813658,False,
641,bfuzzy1__acheron-m1a-llama,2025-01-13 20:46:52+00:00,07cd210c0019e577c80cd2f93b62d1a7c8e67fcb,0.2438,0.39171294053918315,0.14791294053918316,0.36063122842083534,1.1558936329285112,0.2815412820367768,0.8905472636815921,0.9131614654002713,False,
642,FlofloB__smollm2-135M_pretrained_1200k_fineweb,2025-01-13 20:53:39+00:00,722343ab6cb35532abda2f1453d8331d15f87bd3,0.2446,0.39171294053918315,0.14711294053918314,0.37377015358262494,1.2047029603937975,0.2946802071985671,0.9696969696969697,0.9651741293532339,False,
643,FlofloB__smollm2-135M_pretrained_1000k_fineweb_uncovai_selected,2025-01-13 21:01:42+00:00,229e99ff6838db2baf2bc30292fccbf5eb5ba33e,0.2474,0.39171294053918315,0.14431294053918314,0.3573819164398743,1.1300192815920456,0.27829197005581674,0.856625961103573,0.8656716417910447,False,
644,nbeerbower__mistral-nemo-kartoffel-12B,2025-01-13 21:02:33+00:00,73b46e66af439d56bc8c83bf4c201706c1badfde,0.4608,0.39171294053918315,-0.06908705946081684,0.23008988547512668,0.5019535918806696,0.15099993909106768,0.1551334237901402,0.1519674355495251,False,
645,prithivMLmods__GWQ2b,2025-01-13 21:03:45+00:00,4bf29bad28c593e252c4bc4a629a67b858b82108,0.3596,0.39171294053918315,0.03211294053918318,0.2849544637891257,0.7505770142268612,0.20586451740506673,0.4663048394391678,0.45635459068294887,False,
646,pankajmathur__orca_mini_v9_6_3B-Instruct,2025-01-13 21:25:11+00:00,330de33d8b575c7f4e817f4f44a5fff54f58eea3,0.394,0.39171294053918315,-0.002287059460816865,0.2676744629786189,0.6683172455845424,0.1885845165945601,0.3645409317051108,0.365445499773858,False,
647,Sharathhebbar24__SSH_355M,2025-01-13 21:32:24+00:00,248c9d8c2e129b9a5aeb7d1466f78a9bb7ef5628,0.2558,0.39171294053918315,0.13591294053918312,0.3803100731483959,1.2393411092480717,0.301220126764337,0.984622342831298,0.9819086386250565,False,
648,cckm__tinymistral_950m,2025-01-13 21:36:29+00:00,f7d5737f1ef908d218928ae1ef182fecd981801e,0.2508,0.39171294053918315,0.14091294053918313,0.34752109354690497,1.0876770528078779,0.26843114716284655,0.8159203980099502,0.8208955223880597,False,
649,FlofloB__smollm2-135M_pretrained_600k_fineweb,2025-01-13 21:37:13+00:00,7e5c487855dcdd01e5b5165c249ccd135f327225,0.2528,0.39171294053918315,0.13891294053918313,0.3511190089631951,1.097283141491611,0.2720290625791375,0.8263229308005428,0.8272274988692899,False,
650,Sakalti__Saba1-7B,2025-01-13 21:58:05+00:00,a2e2b12b2b42bbfaca010839548d406a2d78a372,0.4676,0.39171294053918315,-0.07588705946081686,0.2590475860355254,0.6520057892728393,0.17995763965146686,0.33242876526458615,0.3482587064676617,False,
651,bond005__meno-tiny-0.1,2025-01-13 22:23:36+00:00,07b46ceb8086ec1eb8a012aea759c2aab6f6570f,0.3672,0.39171294053918315,0.024512940539183126,0.27739646045129773,0.7127479251701443,0.19830651406723865,0.41157847127996383,0.4084124830393487,False,
652,lunahr__thea-3b-50r-u1,2025-01-13 22:25:22+00:00,d1244c1680ce2b3e95138045582e637caeb0a2f9,0.3488,0.39171294053918315,0.04291294053918315,0.29315488408603063,0.7772220473919317,0.21406493770197138,0.5110809588421529,0.4947987336047038,False,
653,ehristoforu__phi-4-25b,2025-01-13 22:38:16+00:00,71995f50e1afbb2953351527e8d7ec6bd402f641,0.5402,0.39171294053918315,-0.14848705946081686,0.2809641717879634,0.7049116183404215,0.20187422540390404,0.4355495251017639,0.399366802351877,False,
654,bunnycore__Gemma-2-2B-Smart,2025-01-13 22:55:38+00:00,0c6e2052a837fc28816f26618d5071a57e440193,0.32,0.39171294053918315,0.07171294053918315,0.2876411876841796,0.759562910522187,0.20855124130012065,0.4798733604703754,0.4685662596110357,False,
655,abideen__MedPhi-4-14B-v1,2025-01-13 23:03:43+00:00,bdabd0f211289a6bd7b22301dfc111ea1a711b34,0.5646,0.39171294053918315,-0.17288705946081684,0.3026426103017296,0.8063391407286405,0.22355266391767045,0.5603799185888738,0.5305291723202171,False,
656,godlikehhd__alpaca_data_score_max_2500,2025-01-13 23:11:34+00:00,a8a70e78302938745029c633d8550e2e6e9b67b7,0.347,0.39171294053918315,0.04471294053918318,0.29312307506021873,0.7919589803878262,0.21403312867615923,0.5097241067390321,0.5128900949796472,False,
657,nbeerbower__mistral-nemo-narwhal-12B,2025-01-13 23:13:04+00:00,29705d70ec32b126249ac2def648f5df98d87731,0.411,0.39171294053918315,-0.019287059460816824,0.24234335987252703,0.546936800692541,0.1632534134884682,0.2397105382180009,0.22523744911804613,False,
658,FlofloB__smollm2-135M_pretrained_1400k_fineweb_uncovai_selected,2025-01-13 23:13:13+00:00,4ac3c9c4890b778fcc9b3dd8178ddca96a392c93,0.2424,0.39171294053918315,0.14931294053918315,0.3541801292094645,1.1281907762006833,0.27509018282540615,0.8367254635911352,0.8593396653098145,False,
659,nbeerbower__mistral-nemo-bophades3-12B,2025-01-13 23:19:56+00:00,bb63c0ccb2dc8e958f5b77ad2e93590412bf2bfe,0.456,0.39171294053918315,-0.06428705946081686,0.21683333396972662,0.4442463627103838,0.13774338758566704,0.03573043871551334,0.022161917684305744,False,
660,raphgg__test-2.5-72B,2025-01-14 00:29:50+00:00,b98539c979c6561ec6379179d1282ae580d39162,0.615,0.39171294053918315,-0.22328705946081684,0.31436944091567715,0.8676389805198507,0.23527949453161887,0.645409317051108,0.6119402985074627,False,
661,DreadPoor__Incidental-8B-Model_Stock,2025-01-14 00:36:18+00:00,c004286cfe1541c94afa9484f56819b09cb752e8,0.4646,0.39171294053918315,-0.07288705946081686,0.21834083324144926,0.4544723102731874,0.1392508868573907,0.046585255540479424,0.036635006784260515,False,
662,ehristoforu__qwen2.5-with-lora-think-3b-it,2025-01-14 01:10:59+00:00,fcdd8ed7a845e1376f20dc761a105938f31544e9,0.3798,0.39171294053918315,0.011912940539183126,0.24784422337754392,0.5850687742313196,0.1687542769934846,0.27860696517412936,0.28132066938037087,False,
663,Sakalti__model-3,2025-01-14 01:12:37+00:00,c71b258c9d98f4077d6c1fe18d3f9d47694e78ee,0.4896,0.39171294053918315,-0.09788705946081683,0.2851866238685816,0.7622072324480645,0.20609667748452343,0.46675712347354137,0.47173224785165085,False,
664,shuttleai__shuttle-3,2025-01-14 01:13:09+00:00,f6045ab3ef02d60a00ddd56e63dd98c1842cd8d2,0.6382,0.39171294053918315,-0.24648705946081684,0.32522069525606406,0.9247110211092455,0.24613074887200537,0.7091813658977838,0.6938037087290818,False,
665,JayHyeon__Qwen_0.5-IRPO_1e-6-3ep_1alp_0lam,2025-01-14 01:17:05+00:00,09619c316d5fd8326120931ed93ac7a278fa9df4,0.265,0.39171294053918315,0.12671294053918314,0.36239002114368,1.1498790814621551,0.2833000747596217,0.9104477611940298,0.9045680687471732,False,
666,JayHyeon__Qwen_0.5-MDPO_0.5_7e-7-3ep_0alp_0lam,2025-01-14 01:52:43+00:00,c495d9deb975ba0b2bc1407075d9b35a83122713,0.259,0.39171294053918315,0.13271294053918314,0.3582162496379002,1.1294021171134103,0.2791263032538414,0.8656716417910447,0.8616010854816825,False,
667,zelk12__MT3-Max-Merge_02012025163610-gemma-2-9B,2025-01-14 02:07:54+00:00,490878907dc639d9c1d52cef29668ffdb27e8fbf,0.4636,0.39171294053918315,-0.07188705946081686,0.2358011436964965,0.5216721744545161,0.15671119731243752,0.19900497512437812,0.1863410221619177,False,
668,m42-health__Llama3-Med42-70B,2025-01-14 02:28:26+00:00,984391726fa8c05dc776ed36aae36e92802f8d1b,0.5548,0.39171294053918315,-0.1630870594608168,0.2836348719829949,0.7268581581130237,0.204544925598937,0.4554500226142017,0.42740841248303935,False,
669,Aryanne__SHBA,2025-01-14 02:47:20+00:00,d55e6639b4f3687b84c9bf709a1922f79603f4a8,0.4566,0.39171294053918315,-0.06488705946081685,0.2350274353343713,0.5140788226805163,0.15593748895031273,0.19357756671189508,0.17367706919945725,False,
670,JayHyeon__Qwen_0.5-DPOP_1e-6-3ep_0alp_5lam,2025-01-14 02:50:53+00:00,d3f31ed5308ff5f5f5455a2c60540f4df4dda0f3,0.2624,0.39171294053918315,0.12931294053918313,0.35781056574999753,1.1236541280682022,0.2787206193659387,0.8606965174129353,0.85119855269109,False,
671,Daemontatox__Phi-4-COT,2025-01-14 02:51:01+00:00,ec959bb5f4078839252d35bb439eaa979c0bec48,0.484,0.39171294053918315,-0.09228705946081683,0.3007912185422181,0.7973449921440003,0.22170127215815866,0.5490728177295342,0.5174129353233831,False,
672,bunnycore__Phi-4-RP-v0,2025-01-14 02:53:41+00:00,140922a0849ea23ac26dfb44819edcf4ec1398f1,0.5662,0.39171294053918315,-0.17448705946081688,0.32360309597417186,0.9055906823686312,0.24451314959011392,0.6996834011759385,0.6748077792853913,False,
673,bunnycore__Phi-4-Model-Stock,2025-01-14 02:55:05+00:00,a0d269ebb9d3a9084696376d8ea56b763f53da0e,0.5908,0.39171294053918315,-0.19908705946081684,0.31898144950320945,0.8899216295765359,0.23989150311915028,0.6734509271822705,0.6481230212573497,False,
674,qingy2024__Qwarkstar-4B,2025-01-14 03:01:22+00:00,fcb0514700f199fc5be636b425680c0b1d454a84,0.343,0.39171294053918315,0.048712940539183125,0.31442778188603265,0.8851430538502416,0.23533783550197362,0.6463138851198552,0.6350067842605156,False,
675,DavidAU__Gemma-The-Writer-Mighty-Sword-9B,2025-01-14 03:13:27+00:00,c00f8497b751fa06d87343193365e3e022f0fb9a,0.4786,0.39171294053918315,-0.08688705946081687,0.22742136061797313,0.4773960941155087,0.14833141423391463,0.1352329262777024,0.1013116236996834,False,
676,DavidAU__Gemma-The-Writer-N-Restless-Quill-10B-Uncensored,2025-01-14 03:26:21+00:00,dd4a4645cb76a4a2f206991ff7d0500e18a52e2c,0.476,0.39171294053918315,-0.08428705946081683,0.22985782791425813,0.49266603777851187,0.15076788153019974,0.15287200361827227,0.13342379014020805,False,
677,CultriX__Qwen2.5-14B-BrocaV9,2025-01-14 03:27:25+00:00,096cd3e868e96abb778bfe369deb378a06a9f299,0.555,0.39171294053918315,-0.1632870594608169,0.30503294235031675,0.8275410366989294,0.22594299596625803,0.574400723654455,0.5531433740388965,False,
678,DavidAU__Gemma-The-Writer-9B,2025-01-14 03:35:47+00:00,147e221f6afff4b4e67afd93112b9d12905e6d1b,0.4424,0.39171294053918315,-0.05068705946081686,0.2283092093347535,0.48240978596921685,0.1492192629506948,0.14066033469018543,0.11985526910900045,False,
679,DavidAU__L3-DARKEST-PLANET-16.5B,2025-01-14 03:40:52+00:00,876fe6f3be3b6829236aa406374beb3ea17a9a2e,0.4308,0.39171294053918315,-0.039087059460816864,0.22041524161085604,0.4590680824902654,0.14132529522679707,0.06965174129353234,0.04296698326549073,False,
680,DavidAU__Gemma-The-Writer-J.GutenBerg-10B,2025-01-14 03:57:00+00:00,96f6ac5f71bffaf40cb39226e4025d78f8142af9,0.4544,0.39171294053918315,-0.06268705946081687,0.2312003331569987,0.5018295856623823,0.15211038677293973,0.16327453640886477,0.15151515151515152,False,
681,DavidAU__Gemma-The-Writer-DEADLINE-10B,2025-01-14 04:00:15+00:00,c1048ac083314d9bdd73ef2d0f225db61ae23141,0.4516,0.39171294053918315,-0.05988705946081685,0.23282275023103927,0.5096680223085682,0.15373280384698046,0.17639077340569878,0.16372682044323836,False,
682,OpenBuddy__openbuddy-llama3.3-70b-v24.1-131k,2025-01-14 07:59:53+00:00,a88bbf179ce0570835c5762174c1c9568fdb6de8,0.568,0.39171294053918315,-0.1762870594608168,0.27856297941577235,0.6809024037305333,0.1994730330317133,0.41926729986431477,0.3749434644957033,False,
683,Rombo-Org__Rombo-LLM-V2.5-Qwen-7b,2025-01-14 09:46:41+00:00,550106d2a76c613eed0172a322a20e9f0295817a,0.4358,0.39171294053918315,-0.04408705946081687,0.2561730133236363,0.6146804917318144,0.17708306693957737,0.3170511080958842,0.3143374038896427,False,
684,Sakalti__SakalFusion-7B-Alpha,2025-01-14 09:47:18+00:00,e5cb6f8ef30705ba607d360a194c44e98777a89f,0.4886,0.39171294053918315,-0.09688705946081683,0.2763602917952475,0.7297376758160787,0.19727034541118782,0.4052464947987336,0.4314789687924016,False,
685,frameai__Loxa-4B,2025-01-14 10:00:00+00:00,5f70da3eac9e522703f1e65de0fcf30011c592a8,0.3592,0.39171294053918315,0.03251294053918313,0.30173528396025656,0.8406031535213909,0.2226453375761979,0.5563093622795116,0.5676164631388512,False,
686,sumink__qwft,2025-01-14 10:00:15+00:00,7acb6fd38e3f30c238c3c1efb1ae3d260681f03f,0.2438,0.39171294053918315,0.14791294053918316,0.36312977167523436,1.1603978540172377,0.2840398252911772,0.919041157847128,0.9172320217096337,False,
687,RESMPDEV__EVA-Qwen2.5-1.5B-FRFR,2025-01-14 10:02:28+00:00,0e193cd57bb2649c5784a5d57f36e6ed38428d3f,0.325,0.39171294053918315,0.06671294053918314,0.2877704061251826,0.7612855800305532,0.2086804597411232,0.48123021257349613,0.4708276797829037,False,
688,Sakalti__Anemoi-3B,2025-01-14 10:05:44+00:00,44ee47b7ff0a5c80d5eaa9ffdbf94813370750a6,0.4134,0.39171294053918315,-0.021687059460816838,0.2581620552890879,0.6424531184163743,0.17907210890502928,0.3283582089552239,0.33921302578018997,False,
689,godlikehhd__alpaca_data_full_2,2025-01-14 10:56:06+00:00,88327ce1b8c7f5d78f4d8bfeaa2aaa7dd246db15,0.3456,0.39171294053918315,0.046112940539183134,0.3015266646493105,0.8408379631871874,0.22243671826525152,0.5540479421076436,0.5685210312075983,False,
690,godlikehhd__alpaca_data_ifd_max_2600,2025-01-14 11:02:14+00:00,f8deacae0cac76a769c0d10f1398587b5c162242,0.3386,0.39171294053918315,0.05311294053918314,0.3140739856884315,0.8803239019107574,0.23498403930437298,0.6431478968792401,0.6295793758480326,False,
691,godlikehhd__alpaca_data_score_max_0.7_2600,2025-01-14 11:04:08+00:00,37e71180de2e65abcfdabe823cfd509c01938248,0.3508,0.39171294053918315,0.04091294053918315,0.29913467202148625,0.8145522507503187,0.2200447256374263,0.5413839891451832,0.5377657168701945,False,
692,sumink__llamamerge,2025-01-14 12:02:34+00:00,7f55e1e24d61751d40d662c672e3665b86df2e69,0.3676,0.39171294053918315,0.02411294053918317,0.24771596758751635,0.589554551795534,0.16862602120345704,0.2781546811397558,0.2858435097241067,False,
693,Sakalti__light-7b-beta,2025-01-14 12:11:15+00:00,f893c3736eaa8713a1289ae4e6c9a844907aafa4,0.4898,0.39171294053918315,-0.09808705946081686,0.2847087530614468,0.76338840301764,0.2056188066773884,0.4626865671641791,0.4735413839891452,False,
694,Sakalti__light-3b-beta,2025-01-14 12:16:55+00:00,5b4b88e82a944f83843d26b02a687a2e67b7f07f,0.4118,0.39171294053918315,-0.020087059460816847,0.2702018817730644,0.6945575861910114,0.19111193538900545,0.3749434644957033,0.3880597014925373,False,
695,godlikehhd__alpaca_data_score_max_0.1_2600,2025-01-14 12:56:38+00:00,b0a89df4c1ddb8a882d8dd07cb841d4bab875d7e,0.3514,0.39171294053918315,0.04031294053918316,0.2961970061263765,0.8041064695808269,0.21710705974231745,0.5278154681139756,0.5269109000452284,False,
696,Daemontatox__Llama3.3-70B-CogniLink,2025-01-14 12:59:49+00:00,bf030ea71ff1acf71292199c2e02f51b1c5f537c,0.5986,0.39171294053918315,-0.20688705946081687,0.33246509936578056,0.94968397974943,0.2533751529817221,0.7489823609226595,0.7168701944821347,False,
697,godlikehhd__alpaca_data_ins_min_2600,2025-01-14 13:01:09+00:00,80986d8ffc5c48df4c4ef7226ea2dc9292090c8e,0.3492,0.39171294053918315,0.04251294053918314,0.29756852307988263,0.8161246678835715,0.2184785766958234,0.5332428765264586,0.540479421076436,False,
698,sethuiyer__Llamaverse-3.1-8B-Instruct,2025-01-14 13:12:49+00:00,38170c8761ccd8c43476c76fd00d78b729634fa9,0.4548,0.39171294053918315,-0.06308705946081683,0.2213349337671341,0.47214519383770304,0.1422449873830748,0.08095884215287201,0.08322026232473993,False,
699,kyutai__helium-1-preview-2b,2025-01-14 14:48:58+00:00,00a115f86948777217902cdc1f677dc48775f6ca,0.2948,0.39171294053918315,0.09691294053918315,0.3175164163422101,0.9215968651517443,0.23842646995815217,0.6639529624604251,0.6910900045228403,False,
700,iFaz__llama32_1B_en_emo_v1,2025-01-14 15:27:36+00:00,610ec0a04f7eff103b82593339e8bd81ea267594,0.2872,0.39171294053918315,0.10451294053918314,0.36471994656438417,1.1494509555193149,0.2856300001803254,0.9280868385345997,0.9032112166440525,False,
701,FlofloB__smollm2-135M_pretrained_1200k_fineweb_uncovai_selected,2025-01-14 18:37:24+00:00,d4a8fcd0285521bba9a9ea2762773bab35ae0a9b,0.2434,0.39171294053918315,0.14831294053918315,0.35525214591242377,1.1332818817117365,0.2761621995283651,0.8417005879692447,0.8738127544097694,False,
702,FlofloB__smollm2-135M_pretrained_800k_fineweb,2025-01-14 18:37:27+00:00,0831e8e7ade4898c7b445d3828730b42faa56f5f,0.2408,0.39171294053918315,0.15091294053918317,0.3629805241588328,1.1611254555456672,0.28389057777477567,0.9172320217096337,0.9185888738127544,False,
703,FlofloB__smollm2-135M_pretrained_800k_fineweb_uncovai_selected,2025-01-14 18:38:26+00:00,e439329fe0e2842d410fd26b64615e28b0307e83,0.2418,0.39171294053918315,0.14991294053918316,0.35805856647657314,1.140259904986263,0.27896862009251494,0.8629579375848032,0.8909995477159657,False,
704,FlofloB__smollm2-135M_pretrained_1000k_fineweb,2025-01-14 18:38:31+00:00,ee42012f64a6b5fe5e01cc287f2fe31bd60aa1a8,0.237,0.39171294053918315,0.15471294053918316,0.37069147163946004,1.1901527629554678,0.2916015252554019,0.9624604251469923,0.9570330167345092,False,
705,OpenLLM-France__Lucie-7B-Instruct-human-data,2025-01-14 20:11:17+00:00,1788e088760b9daeccb05651a0c095eb1a49bb9f,0.2824,0.39171294053918315,0.10931294053918317,0.3226856003448463,0.9643426938526776,0.2435956539607879,0.694708276797829,0.725463591135233,False,
706,OpenLLM-France__Lucie-7B-Instruct,2025-01-14 20:14:24+00:00,9b1bda9f0387752122ee002da751b3993479e1df,0.2806,0.39171294053918315,0.11111294053918314,0.33354698009988093,0.9862326463088004,0.254457033715823,0.7553143374038896,0.7467209407507915,False,
707,jaspionjader__knf-2-8b,2025-01-14 20:14:27+00:00,3238ceeceaad330a416c5520f9cf5682daa3ed7d,0.4266,0.39171294053918315,-0.03488705946081683,0.22042411003273907,0.46700007257588505,0.14133416364867968,0.07010402532790593,0.06603346901854365,False,
708,OpenLLM-France__Lucie-7B,2025-01-14 20:20:59+00:00,3a85efe7daf4bc3bb062a695a81ec8ea727929be,0.2972,0.39171294053918315,0.09451294053918313,0.34521677530884715,1.0463907349682717,0.26612682892478995,0.8018995929443691,0.7964721845318861,False,
709,zelk12__MT5-Max-Merge_02012025163610-gemma-2-9B,2025-01-14 20:22:25+00:00,39ba126f9ea15e961fa0c7d0c096ae665f1a3cf7,0.4638,0.39171294053918315,-0.07208705946081684,0.2357198792093554,0.5204847125851157,0.15662993282529683,0.19764812302125734,0.18453188602442333,False,
710,Sakalti__SJT-4B,2025-01-14 22:30:25+00:00,477b1cc7c87e032c459e6f952987542968ecbc9c,0.4124,0.39171294053918315,-0.020687059460816837,0.2554500386056557,0.6329035890270157,0.17636009222159701,0.3138851198552691,0.3301673450927182,False,
711,DreadPoor__Caelid-8B-Model_Stock,2025-01-14 22:38:18+00:00,5ee9ae5fcd4da52340f9cf991aa2a43a79d1ce0b,0.4622,0.39171294053918315,-0.07048705946081685,0.21709851233589456,0.45019941338065256,0.13800856595183603,0.03753957485300769,0.029850746268656716,False,
712,DreadPoor__Morphing-8B-Model_Stock,2025-01-14 22:41:04+00:00,06ac41b7a8a54d02d3d818493afc797404a3c5c6,0.4612,0.39171294053918315,-0.06948705946081685,0.22720945311931887,0.49490314736487573,0.14811950673526045,0.13387607417458164,0.13794663048394393,False,
713,ontocord__RedPajama-3B-v1-AutoRedteam,2025-01-15 01:03:32+00:00,a8681a83c9c564400d0619421acf2b30ce86e2b2,0.2424,0.39171294053918315,0.14931294053918315,0.3675966562854017,1.1959875115242433,0.2885067099013447,0.9443690637720489,0.9611035730438715,False,
714,THUDM__glm-4-9b-chat-1m-hf,2025-01-15 02:40:42+00:00,1585cac3f81cbe01a8b6b8754f891ae223b0780c,0.3364,0.39171294053918315,0.055312940539183175,0.29744489154505743,0.8572928301589232,0.21835494516099843,0.532790592492085,0.592944369063772,False,
715,Sao10K__70B-L3.3-Cirrus-x1,2025-01-15 02:42:44+00:00,98fcae0cba4b0d3add6c34e2e4dc27221a58cfca,0.6126,0.39171294053918315,-0.22088705946081688,0.33196851636838626,0.9376350938325626,0.2528785699843275,0.7458163726820444,0.707824513794663,False,
716,godlikehhd__alpaca_data_score_max_0.3_2600,2025-01-15 02:46:14+00:00,4080fea06d90c6180971737cb9be9952d5a845aa,0.3474,0.39171294053918315,0.044312940539183165,0.28235125542748524,0.742000823422528,0.20326130904342601,0.44776119402985076,0.44776119402985076,False,
717,JayHyeon__Qwen_0.5-DPOP_3e-7-2ep_0alp_5lam,2025-01-15 05:21:47+00:00,6029d43a806e758a6792e17fe0a2231b0e1f72de,0.2612,0.39171294053918315,0.13051294053918316,0.358700430997989,1.1299571104653057,0.2796104846139304,0.8715513342379014,0.8652193577566711,False,
718,JayHyeon__Qwen_0.5-DPOP_3e-7-1ep_0alp_5lam,2025-01-15 05:30:29+00:00,0551b8adf7d2667a6c1d4b70d2bf1f623779c1e3,0.2612,0.39171294053918315,0.13051294053918316,0.35972546277741596,1.1351710590396396,0.28063551639335726,0.8810492989597467,0.8765264586160109,False,
719,JayHyeon__Qwen_0.5-MDPO_0.5_3e-7-2ep_0alp_0lam,2025-01-15 05:54:58+00:00,feace8762134dccf38243471302bd1b8fa634260,0.2646,0.39171294053918315,0.12711294053918315,0.3599240591824472,1.1313598784339094,0.28083411279838827,0.882858435097241,0.8688376300316599,False,
720,Sakalti__ultiima-72B,2025-01-15 05:59:38+00:00,b999b31657297b63dc4d98e9f4dbc86dcdffe07a,0.6396,0.39171294053918315,-0.2478870594608168,0.33625896893848617,1.00464627229676,0.2571690225544285,0.7697874265038445,0.7643600180913613,False,
721,netcat420__MFANN-abliterated-phi2-merge-unretrained,2025-01-15 09:08:59+00:00,1184df5b1d62b14d3a7380cbcd97c8044dd0b6b1,0.3264,0.39171294053918315,0.06531294053918313,0.30529073403569007,0.871385041837519,0.2262007876516308,0.5771144278606966,0.6178199909543193,False,
722,JayHyeon__Qwen_0.5-DPO_3e-7-2ep_0alp_0lam,2025-01-15 09:11:15+00:00,c38130db5eade5df2a0b6a00c2d57077bdf18014,0.268,0.39171294053918315,0.12371294053918314,0.36155377752244827,1.1372403544296166,0.28246383113838963,0.9018543645409317,0.8819538670284939,False,
723,JayHyeon__Qwen_0.5-DPO_3e-7-1ep_0alp_0lam,2025-01-15 09:12:33+00:00,cb264674d12b253c870814008568e04679dd7591,0.2662,0.39171294053918315,0.12551294053918316,0.36120818412753547,1.138682398865844,0.28211823774347694,0.8977838082315694,0.8864767073722297,False,
724,JayHyeon__Qwen_0.5-MDPO_0.5_3e-7-1ep_0alp_0lam,2025-01-15 09:14:41+00:00,44700247a87087d7dbfe8a7fcc3bc9ec6054f7ad,0.2606,0.39171294053918315,0.13111294053918315,0.36035699627744777,1.1368911493703338,0.2812670498933891,0.8878335594753505,0.8805970149253731,False,
725,JayHyeon__Qwen_0.5-IRPO_3e-7-1ep_1alp_0lam,2025-01-15 09:21:31+00:00,38f0c1031ecb9ddbec128f9a84634bd8297ef8cc,0.266,0.39171294053918315,0.12571294053918314,0.3616218483118684,1.1405196584994415,0.2825319019278097,0.9027589326096789,0.8914518317503393,False,
726,DreadPoor__Something-8B-Model_Stock,2025-01-15 09:22:06+00:00,1353625ecabd814d28d60a1ff20e653f693ffdd2,0.4478,0.39171294053918315,-0.056087059460816824,0.22023086854790203,0.47380966036996114,0.14114092216384366,0.06648575305291723,0.08955223880597014,False,
727,ContactDoctor__Bio-Medical-3B-CoT-012025,2025-01-15 09:23:00+00:00,de6a67bf91ea27086bb627a463ca463f82d3367d,0.365,0.39171294053918315,0.02671294053918316,0.28244421818434073,0.741930222630632,0.20335427180028146,0.44821347806422435,0.4473089099954772,False,
728,JayHyeon__Qwen_0.5-DPO_3e-7-3ep_0alp_0lam,2025-01-15 09:23:39+00:00,498236354040eb5c827c09e4dfb975d18a17c855,0.2672,0.39171294053918315,0.12451294053918316,0.36275127703967625,1.146842238844519,0.28366133065561755,0.9154228855721394,0.8995929443690638,False,
729,JayHyeon__Qwen_0.5-IRPO_3e-7-3ep_1alp_0lam,2025-01-15 09:24:07+00:00,37074cc709ffaf7984d0d393e526d0c3fd21cf24,0.2686,0.39171294053918315,0.12311294053918315,0.36142400226873556,1.1407433560899363,0.2823340558846772,0.9000452284034374,0.8919041157847128,True,4
730,JayHyeon__Qwen_0.5-DPOP_3e-7-3ep_0alp_5lam,2025-01-15 09:24:45+00:00,15cd7ec659bd20a8596fc7bab03b7b4593c49929,0.2622,0.39171294053918315,0.12951294053918316,0.3603664377421471,1.1331953921140543,0.28127649135808847,0.8882858435097241,0.8729081863410222,False,
731,JayHyeon__Qwen_0.5-MDPO_0.5_3e-7-3ep_0alp_0lam,2025-01-15 09:25:59+00:00,e1d77f5b84ca2aac01edfecff91f2ca725cd5ee7,0.2634,0.39171294053918315,0.12831294053918313,0.35915034308232746,1.1306905233870281,0.28006039669826865,0.8756218905472637,0.8674807779285392,False,
732,LeroyDyer__SpydazWeb_AI_HumanAGI_002,2025-01-15 09:26:45+00:00,fbaa61156445c606566ec51c3610b93ade33eeaf,0.4098,0.39171294053918315,-0.018087059460816846,0.22991241534721898,0.4974168880447961,0.15082246896316073,0.15332428765264586,0.14292175486205336,False,
733,sumink__qwmer,2025-01-15 09:30:06+00:00,9c831f3be21722c8d9e1861b867a5dc20bad6007,0.3442,0.39171294053918315,0.047512940539183146,0.2842970928342131,0.7440556051631313,0.20520714645015428,0.459520578923564,0.4491180461329715,False,
734,LeroyDyer__SpydazWeb_AI_HumanAGI_001_M2,2025-01-15 09:30:07+00:00,9daa0537e7d564807ad83a8d486a5a05835e8a3a,0.3936,0.39171294053918315,-0.0018870594608168534,0.228661314633107,0.49947820799558096,0.14957136824904835,0.1456354590682949,0.14608774310266848,False,
735,avemio__GRAG-NEMO-12B-ORPO-HESSIAN-AI,2025-01-15 09:30:12+00:00,df8f9a12b61335741cc8ffe704adab5e8ba47bf9,0.2162,0.39171294053918315,0.17551294053918315,0.38427870147245696,1.2590888255201238,0.30518875508839866,0.9905020352781547,0.9868837630031659,False,
736,THUDM__glm-4-9b-chat-hf,2025-01-15 09:38:30+00:00,69f334707833c9ddb7fa61e0a696d23f35188195,0.3714,0.39171294053918315,0.020312940539183144,0.28580794334926507,0.7782185948569706,0.20671799696520599,0.4694708276797829,0.4966078697421981,False,
737,sumink__llmer,2025-01-15 09:47:33+00:00,4a44919d37cf30d34660c1def7f7a94ab8161bf0,0.3912,0.39171294053918315,0.0005129405391831598,0.21895550207985512,0.46444000077377506,0.13986555569579612,0.05336951605608322,0.05924920850293985,False,
738,NAPS-ai__naps-llama3.1-70B-v0.2-fp16,2025-01-15 10:53:17+00:00,c4078cd92839849c8e7b9884331986761c45fe17,0.2486,0.39171294053918315,0.14311294053918316,0.3672752007368885,1.1769145657275912,0.28818525435283027,0.9430122116689281,0.9402985074626866,False,
739,sumink__somer,2025-01-15 10:57:31+00:00,2f6ce1b0f204799af3116b0a71b5f21c71343ddd,0.4176,0.39171294053918315,-0.025887059460816875,0.24225935152798433,0.5534367822857517,0.16316940514392592,0.23880597014925373,0.23428312980551785,False,
740,NTQAI__NxMobileLM-1.5B-SFT,2025-01-15 12:40:44+00:00,dc863041f90d2da641fab5797abfa81caaf30dbc,0.3452,0.39171294053918315,0.046512940539183145,0.293465614605813,0.7897790037303445,0.21437566822175394,0.5128900949796472,0.5110809588421529,False,
741,godlikehhd__alpaca_data_ifd_min_2600,2025-01-15 14:01:48+00:00,2ad096a10515a684a497f503fa0e837134939e83,0.3494,0.39171294053918315,0.042312940539183164,0.2945884977887215,0.8189981042544414,0.21549855140466234,0.5205789235639982,0.5440976933514247,False,
742,DreadPoor__Zelus-8B-Model_Stock,2025-01-15 14:06:08+00:00,948f2d2021273393b097e553ee86b5c96b8836eb,0.4626,0.39171294053918315,-0.07088705946081686,0.22494898115283837,0.47818531159573385,0.1458590347687801,0.12030755314337403,0.1044776119402985,False,
743,godlikehhd__alpaca_data_score_max_2600_3B,2025-01-15 14:07:36+00:00,62cab414e61f41d286c461568649eb743da093e2,0.3912,0.39171294053918315,0.0005129405391831598,0.26594108151236556,0.6588134314044574,0.18685113512830684,0.35866123925825416,0.3545906829488919,False,
744,Sakalti__Euphrates-14B,2025-01-15 14:26:46+00:00,8ec6878fbf85da650fc1e50aaeb86fa95abba94e,0.508,0.39171294053918315,-0.11628705946081686,0.27064976083814357,0.6801310163932833,0.19155981445408463,0.378561736770692,0.373134328358209,False,
745,huihui-ai__Qwen2.5-72B-Instruct-abliterated,2025-01-15 14:40:41+00:00,7cd92ee4ece7f2ae698eae52270d2d599af51a01,0.573,0.39171294053918315,-0.1812870594608168,0.2742600867685208,0.6671807980168978,0.19517014038446204,0.39303482587064675,0.3649932157394844,False,
746,sumink__somer2,2025-01-15 15:13:53+00:00,ca7452b2c3d274ea026149c954fe1c4b95003e46,0.417,0.39171294053918315,-0.02528705946081683,0.24196706079262054,0.5529073091187211,0.16287711440856215,0.2369968340117594,0.23337856173677068,False,
747,sumink__Qmerft,2025-01-15 16:51:06+00:00,548f36716577f926d5978db752ef556f3d78d3f1,0.2422,0.39171294053918315,0.14951294053918315,0.3783279423944248,1.2391358559021373,0.29923799601036805,0.9819086386250565,0.9814563545906829,False,
748,jaspionjader__knfp-2-8b,2025-01-15 17:27:58+00:00,dc26234d089a9c34dc48aee09efb0454d623ea98,0.4442,0.39171294053918315,-0.05248705946081683,0.22171447700545902,0.47206293644465724,0.14262453062140015,0.08593396653098145,0.08276797829036635,False,
749,jaspionjader__knfp-3-8b,2025-01-15 17:55:15+00:00,859a75a045b851ec7fa268dbd17a9ff075c0390e,0.4324,0.39171294053918315,-0.040687059460816855,0.21809778755060275,0.4551308955804887,0.13900784116654374,0.045228403437358664,0.03889642695612845,False,
750,bunnycore__Qwen2.5-3B-Model-Stock,2025-01-15 19:29:12+00:00,fc947b1a2e43a64cba02adbc64ba59d825648ae4,0.3868,0.39171294053918315,0.004912940539183175,0.256173507530642,0.6307371944757905,0.17708356114658275,0.3175033921302578,0.3274536408864767,False,
751,darkc0de__BuddyGlassUncensored2025.2,2025-01-15 20:57:22+00:00,3f87ee8b463e6030869df3a8272a6bc27b922ccf,0.5148,0.39171294053918315,-0.12308705946081688,0.27452085180962515,0.6839549284897682,0.19543090542556713,0.39620081411126185,0.3781094527363184,False,
752,neopolita__jessi-v0.1-virtuoso-small,2025-01-15 21:04:40+00:00,315f6984b65f279ee09ba75d868eb091db72bf0c,0.557,0.39171294053918315,-0.1652870594608169,0.29883136341469696,0.7937610450904655,0.2197414170306383,0.5395748530076888,0.5151515151515151,False,
753,bunnycore__Qwen2.5-3B-Model-Stock-v2,2025-01-15 21:40:55+00:00,4fc4e102771ddb639c927a5b0481b69fbff7e6df,0.3862,0.39171294053918315,0.005512940539183164,0.25620035844499295,0.6303554102980519,0.17711041206093384,0.31840796019900497,0.32700135685210313,False,
754,bunnycore__FwF-Qwen-7B-0.2,2025-01-15 22:37:45+00:00,a4704b38269662407a1055ef534cc9f696485a42,0.4572,0.39171294053918315,-0.06548705946081684,0.2535638482770025,0.637628665215165,0.17447390189294346,0.30529172320217096,0.3337856173677069,False,
755,DreadPoor__Zelus_V2-8B-Model_Stock,2025-01-15 23:22:26+00:00,00f1209949d9377f876ac2b85cfa14167babe795,0.4692,0.39171294053918315,-0.07748705946081685,0.2329935243830511,0.514530306048848,0.15390357799899232,0.17684305744007237,0.1759384893713252,False,
756,DreadPoor__Howdy-8B-LINEAR,2025-01-16 00:49:16+00:00,aaf90e8257e938885f149b37571046c64519656b,0.4632,0.39171294053918315,-0.07148705946081685,0.22843159412740394,0.4957786406692636,0.14934164774334566,0.14337403889642697,0.13930348258706468,False,
757,sometimesanotion__Qwenvergence-14B-v8,2025-01-16 01:39:53+00:00,bad4dc5973481655e21762c2491ebc267c7ada14,0.5632,0.39171294053918315,-0.17148705946081688,0.3177015323675682,0.8840171794759426,0.23861158598350918,0.6657620985979195,0.6341022161917684,False,
758,Daemontatox__DocumentCogito,2025-01-16 02:47:59+00:00,416185c13b3c319fe1520a5b19015239aa437bd4,0.4544,0.39171294053918315,-0.06268705946081687,0.24186938847964162,0.5630948247771381,0.16277944209558248,0.2365445499773858,0.2510176390773406,False,
759,godlikehhd__alpaca_data_full_3B,2025-01-16 07:27:21+00:00,5ac67edd6bd8be53e5f7fec51060b7b47c9e3c98,0.3844,0.39171294053918315,0.007312940539183133,0.2537534870606401,0.6108169100577684,0.17466354067658077,0.3071008593396653,0.3093622795115332,False,
760,icefog72__Ice0.50-16.01-RP,2025-01-16 07:42:25+00:00,465973491ed14163dfe7fefe1b3140485ddb3785,0.4048,0.39171294053918315,-0.013087059460816841,0.2097621958702369,0.43024873468861535,0.13067224948617806,0.0067842605156037995,0.007688828584350972,False,
761,godlikehhd__alpaca_data_ifd_max_2600_3B,2025-01-16 07:43:42+00:00,c7e455aac3c8b397f9b5dde4f692759d9d2f3d69,0.3854,0.39171294053918315,0.006312940539183132,0.2566172642248847,0.6267959842661055,0.17752731784082593,0.3229308005427408,0.32383536861148804,False,
762,icefog72__Ice0.51-16.01-RP,2025-01-16 09:45:46+00:00,b8f4b6ccbbf5092b0eb8a83aa0f11363a0dfcb94,0.4098,0.39171294053918315,-0.018087059460816846,0.20380062783929795,0.4107569155952926,0.12471068145523898,0.0,0.0,False,
763,icefog72__Ice0.50.1-16.01-RP,2025-01-16 10:28:02+00:00,94c70519dc9656ea70cb3240bbc9e0e70a0f58c2,0.4186,0.39171294053918315,-0.026887059460816876,0.21004886850377738,0.43426917214885397,0.13095892211971805,0.007236544549977386,0.010854816824966078,False,
764,DreadPoor__What_A_Thrill-8B-Model_Stock,2025-01-16 13:47:31+00:00,4aed0be12ab9573b43988e77cfbfe08fe0eb190f,0.4552,0.39171294053918315,-0.06348705946081684,0.22282097239165355,0.48225978308400264,0.14373102600759477,0.10085933966530981,0.1184984170058797,False,
765,Daemontatox__Mini_QwQ,2025-01-16 15:58:04+00:00,b52742537eb1196b4e0322e9d8c1dc1e0047479e,0.4722,0.39171294053918315,-0.08048705946081686,0.2772560144430135,0.737644634532917,0.1981660680589557,0.41112618724559025,0.44323835368611486,False,
766,icefog72__Ice0.51.1-16.01-RP,2025-01-16 16:08:03+00:00,cfffe4e5544d51344dbb8157c26667fb41bc0458,0.416,0.39171294053918315,-0.02428705946081683,0.20752606618911587,0.4188352196527569,0.12843611980505676,0.003165988240615106,0.0018091361374943465,False,
767,Pinkstack__SuperThoughts-CoT-14B-16k-o1-QwQ,2025-01-16 16:39:54+00:00,02cf65ef8022181bd8edd53eb8b79d863d1c860b,0.5522,0.39171294053918315,-0.16048705946081687,0.32407918436610167,0.9217345862291731,0.24498923798204328,0.7037539574853008,0.6919945725915875,False,
768,icefog72__Ice0.52-16.01-RP,2025-01-16 16:57:55+00:00,cbce3b4cc878971edbec5e7a154eddfbc0991d7e,0.4124,0.39171294053918315,-0.020687059460816837,0.20589502937865364,0.41454132538064303,0.12680508299459448,0.0004522840343735866,0.0004522840343735866,False,
769,icefog72__Ice0.52.1-16.01-RP,2025-01-16 17:22:41+00:00,e2c88e63dbf3227e4b5df1d8d9f580b114731b05,0.415,0.39171294053918315,-0.023287059460816828,0.2071854170228275,0.42083618932724337,0.1280954706387684,0.002261420171867933,0.003165988240615106,False,
770,Pinkstack__PARM-V1.5-base-QwQ-Qwen-2.5-o1-3B,2025-01-16 18:09:29+00:00,b399f508ac047b1eef36719f66b6585bb79f1f1c,0.403,0.39171294053918315,-0.011287059460816873,0.28014400904841047,0.7350183193035998,0.20105406266435158,0.43057440072365444,0.44007236544549977,False,
771,icefog72__Ice0.53-16.01-RP,2025-01-16 19:08:02+00:00,b08442679095d0ba2732a366ca47672c635442d3,0.4192,0.39171294053918315,-0.027487059460816865,0.21078882115896136,0.4357109992180851,0.1316988747749021,0.010854816824966078,0.011307100859339666,False,
772,jaspionjader__kstc-1-8b,2025-01-16 19:27:59+00:00,d3363d9a3903ee9d57f8485e688b1ade857a557b,0.432,0.39171294053918315,-0.04028705946081684,0.21884146107707333,0.4598371760143468,0.13975151469301442,0.05110809588421529,0.045228403437358664,False,
773,jaspionjader__kstc-4-8b,2025-01-16 19:35:01+00:00,7698136ae99cd7d7419f1bc6df7ef4af4dbfdea4,0.4308,0.39171294053918315,-0.039087059460816864,0.21882237981046343,0.4630827326274457,0.1397324334264043,0.0506558118498417,0.05563093622795115,False,
774,bunnycore__Phi-4-Stock-Ex,2025-01-16 19:58:44+00:00,ced8893b1670cc74e77ba9e4a0cd222f0698deaa,0.588,0.39171294053918315,-0.19628705946081682,0.3261579104210138,0.9249232603705041,0.24706796403695494,0.7132519222071461,0.6942559927634554,False,
775,jaspionjader__kstc-6-8b,2025-01-16 20:32:14+00:00,f0762db4caa733366835961b69bc93bfd86b152d,0.438,0.39171294053918315,-0.04628705946081685,0.22260038668954144,0.47604619540962384,0.14351044030548224,0.09859791949344188,0.09588421528720036,False,
776,fluently-lm__Llama-TI-8B-Instruct,2025-01-16 20:38:12+00:00,b853082617f091c876434af22896fcad05ba49ba,0.4622,0.39171294053918315,-0.07048705946081685,0.22914291240398976,0.5160282223765355,0.15005296601993107,0.14970601537765718,0.1786521935775667,False,
777,jaspionjader__kstc-8-8b,2025-01-16 20:57:48+00:00,41929be82be0762148ec81f438cec410221fba83,0.4364,0.39171294053918315,-0.04468705946081686,0.21977829837534196,0.4649464058785489,0.14068835199128307,0.0642243328810493,0.06060606060606061,False,
778,qingy2024__Qwen2.5-4B,2025-01-16 20:58:17+00:00,21a61a8f66c780e9c6cb5c01777e7cc70a83ef11,0.3498,0.39171294053918315,0.04191294053918315,0.27443435078807993,0.6991462642863364,0.19534440440402112,0.3948439620081411,0.3939393939393939,False,
779,zelk12__MTMaMe-Merge_02012025163610-gemma-2-9B,2025-01-16 21:09:38+00:00,46da1d971ad980aafe2b253a28bf87592404418a,0.4618,0.39171294053918315,-0.07008705946081684,0.2342955463107423,0.5159431077896175,0.15520559992668354,0.18860244233378562,0.17819990954319312,False,
780,jaspionjader__kstc-9-8b,2025-01-16 21:12:23+00:00,94121612fe5949c7927a5c41f92cb8d253548815,0.4372,0.39171294053918315,-0.045487059460816825,0.22275386270329786,0.4770351324139384,0.14366391631923908,0.10040705563093623,0.10040705563093623,False,
781,ehristoforu__fq2.5-7b-it-normalize_false,2025-01-16 21:32:37+00:00,6e8a933ed064ddb0cb0b9d1db7dbe1c97ff5a5e9,0.4554,0.39171294053918315,-0.06368705946081687,0.25635683401044546,0.6100164456572866,0.1772668876263871,0.3202170963364993,0.30845771144278605,False,
782,ehristoforu__fq2.5-7b-it-normalize_true,2025-01-16 21:51:31+00:00,bd01ae215d0867ba1ca63498aaf6df7d3acaa8dd,0.4554,0.39171294053918315,-0.06368705946081687,0.25635683401044546,0.6100164456572866,0.1772668876263871,0.3202170963364993,0.30845771144278605,False,
783,jaspionjader__kstc-11-8b,2025-01-16 22:11:09+00:00,8d77774b1f37667a92f9eb7fe12ce6eaadab4130,0.4322,0.39171294053918315,-0.04048705946081682,0.22023897905356984,0.4650519750680127,0.14114903266951065,0.06693803708729082,0.06105834464043419,False,
784,jaspionjader__kstc-5-8b,2025-01-17 01:50:35+00:00,f3a4fc1af4b3e9479085b8b632a1026ed86d02d2,0.4332,0.39171294053918315,-0.04148705946081682,0.2224109324126893,0.47817868910547534,0.1433209860286303,0.09497964721845319,0.10402532790592492,False,
785,jaspionjader__bbb-3,2025-01-17 06:49:04+00:00,c20a09ec3a108f1a3c66e228ce71778fb4f4226d,0.43,0.39171294053918315,-0.03828705946081684,0.22318919943698415,0.47991755599735597,0.1440992530529251,0.10538218000904569,0.10854816824966079,False,
786,jaspionjader__bbb-4,2025-01-17 07:00:37+00:00,a57142b0c2c0e6606cccae2b4e0f456cfbb65ec2,0.4284,0.39171294053918315,-0.03668705946081685,0.2147471887981175,0.454217903146689,0.13565724241405816,0.024423337856173677,0.03618272274988693,False,
787,jaspionjader__bbb-6,2025-01-17 07:33:56+00:00,44a9b21b4d8d9eb217aeac75a3d10e0cbb2d5b45,0.4322,0.39171294053918315,-0.04048705946081682,0.22356647955874281,0.48143958099742257,0.14447653317468367,0.10854816824966079,0.114880144730891,False,
788,jaspionjader__bbb-7,2025-01-17 07:51:20+00:00,67bfb2301fec4eb935e424d787c79b7ccbed8580,0.431,0.39171294053918315,-0.03928705946081684,0.22274796822579088,0.4795353276316467,0.14365802184173185,0.09995477159656264,0.10719131614654002,True,1
789,V3N0M__Jenna-Tiny-2.0,2025-01-17 13:28:22+00:00,bff80b3f366f07c4e788aa205e1c1e6cdd6dd97f,0.2564,0.39171294053918315,0.13531294053918314,0.35396953604594594,1.107489127375806,0.27487958966188725,0.835820895522388,0.8317503392130258,False,
790,jaspionjader__bbb-5,2025-01-17 13:41:09+00:00,62f6a2c711d551edd990867a419f41bb4f214e23,0.428,0.39171294053918315,-0.03628705946081684,0.21909532478206226,0.4627390394719282,0.14000537839800328,0.05563093622795115,0.05472636815920398,False,
791,sumink__somerft,2025-01-17 13:48:15+00:00,a1c35e7681bfc18c93b0d4bf5d9ee9ed88b6467f,0.2494,0.39171294053918315,0.14231294053918314,0.38566055087543605,1.277715329549452,0.3065706044913782,0.9914066033469019,0.9914066033469019,False,
792,jaspionjader__bbb-2,2025-01-17 13:48:30+00:00,213ed43ea3715877ba4b9ad30a15db8a7aec0e7c,0.4138,0.39171294053918315,-0.02208705946081685,0.21889946230184756,0.46675670187676516,0.1398095159177885,0.052464947987336044,0.06558118498417007,False,
793,jaspionjader__bbb-1,2025-01-17 13:50:01+00:00,35bfd4dc67ded31138de207c8ed61040bf995050,0.4422,0.39171294053918315,-0.05048705946081683,0.22227319328061546,0.47934661180035526,0.14318324689655637,0.09317051108095885,0.10628674807779286,False,
794,sethuiyer__Llamazing-3.1-8B-Instruct,2025-01-17 13:50:33+00:00,35f237f01647dd62afb3f6014deece0f5afcc4b3,0.4292,0.39171294053918315,-0.037487059460816874,0.20813052552652625,0.4220471681989118,0.1290405791424672,0.003618272274988693,0.004070556309362279,False,
795,prithivMLmods__Omni-Reasoner3-Merged,2025-01-17 13:53:01+00:00,54bdfcd796f905a50229223d0aa6a5118a4acd79,0.3732,0.39171294053918315,0.018512940539183176,0.2796805734231859,0.7324276551013721,0.2005906270391265,0.42740841248303935,0.4360018091361375,False,
796,prithivMLmods__Omni-Reasoner-Merged,2025-01-17 14:10:55+00:00,a2ef7df0fa5d38755425282a1c9ca9fb579f9607,0.4724,0.39171294053918315,-0.08068705946081683,0.2858942288462365,0.7656110676366771,0.20680428246217836,0.4699231117141565,0.47761194029850745,False,
797,Sakalti__ultiima-14B,2025-01-17 14:36:53+00:00,b67769d144127848fafc30379aebc2413c2acdf7,0.5404,0.39171294053918315,-0.14868705946081684,0.295118234930017,0.7808812181051242,0.21602828854595818,0.5219357756671189,0.4997738579828132,False,
798,sometimesanotion__Qwenvergence-14B-v9,2025-01-17 15:31:49+00:00,46af3a1e7e14e9d0da9b253a8bb2c2e42e9ac22d,0.5492,0.39171294053918315,-0.15748705946081687,0.31662193898403296,0.8846506558821082,0.23753199259997387,0.6603346901854364,0.634554500226142,False,
799,icefog72__Ice0.54-17.01-RP,2025-01-17 15:48:29+00:00,5187b8b1cc7902ebc69babb67d1a28083a13d7cc,0.397,0.39171294053918315,-0.0052870594608168675,0.2321726596686242,0.5259251686628301,0.15308271328456555,0.17096336499321574,0.19402985074626866,False,
800,DreadPoor__Fu_sion_HA-8B-SLERP,2025-01-17 16:08:52+00:00,b5196db2db02e212ff4616a356b5d962fc6f7fe5,0.4648,0.39171294053918315,-0.07308705946081684,0.2264654642180883,0.49318318378397163,0.14737551783402986,0.12935323383084577,0.1352329262777024,False,
801,FlofloB__smollm2-135M_pretrained_200k_fineweb_uncovai_human_removed,2025-01-17 18:20:56+00:00,9e64c749849389a96fffd25f61769ebf19990ef8,0.2454,0.39171294053918315,0.14631294053918315,0.35722665354987937,1.1318060741075935,0.27813670716582284,0.8530076888285844,0.8706467661691543,False,
802,icefog72__Ice0.55-17.01-RP,2025-01-17 18:32:20+00:00,019d6ffa2af0970583be4e9335e3f2d97c0a0a97,0.4174,0.39171294053918315,-0.02568705946081684,0.21786886461513635,0.4680130687145747,0.1387789182310771,0.04206241519674356,0.0710085933966531,False,
803,qingy2024__Qwarkstar-4B-Instruct-Preview,2025-01-17 20:48:06+00:00,c70ee990ffcd9c74fd1eaa4d5f6d7c9285eae490,0.3742,0.39171294053918315,0.017512940539183175,0.2765831400245513,0.7137939186264011,0.19749319364049195,0.4056987788331072,0.4093170511080959,False,
804,ehristoforu__frqwen2.5-from7b-duable4layers-it,2025-01-17 21:12:08+00:00,16da209cfeac6e138e271db86c527efd56c05b3a,0.428,0.39171294053918315,-0.03628705946081684,0.2387923367633059,0.5462836529331621,0.1597023903792471,0.21845318860244234,0.22478516508367255,False,
805,fhai50032__Unaligned-Thinker-PHI-4,2025-01-17 21:33:17+00:00,a817ae821ee0da98c6e1f8074b5d4a24e9c94aca,0.5304,0.39171294053918315,-0.13868705946081683,0.3102005779439349,0.8481614658430974,0.23111063155987557,0.6209859791949344,0.5784712799638173,False,
806,fhai50032__RolePlayLake-7B,2025-01-17 21:38:46+00:00,0bc5eb351a0ff8e427f14db62d5984f04749c469,0.4266,0.39171294053918315,-0.03488705946081683,0.21068774086317302,0.43017206520560647,0.13159779447911407,0.009950248756218905,0.007236544549977386,False,
807,icefog72__Ice0.57-17.01-RP,2025-01-17 21:57:33+00:00,73211e15e77d2ccb3c95ace25183957a777492a9,0.4186,0.39171294053918315,-0.026887059460816876,0.21792807841877324,0.4675792222987294,0.13883813203471437,0.04341926729986431,0.06829488919041157,False,
808,TheDrunkenSnail__Daughter-of-Rhodia-12B,2025-01-17 22:12:54+00:00,9311f4eb4754e7cbd4e6a327b0fddc8f78e0d3cc,0.4454,0.39171294053918315,-0.053687059460816866,0.2523882927598655,0.5922640809244124,0.17329834637580682,0.29986431478968795,0.2903663500678426,False,
809,bunnycore__Phi-4-Model-Stock-v2,2025-01-17 22:18:09+00:00,1dfa3c5afc625c81c05f207b3f6e33b9606a358a,0.5812,0.39171294053918315,-0.1894870594608169,0.3217579580493303,0.9049170821794782,0.2426680116652718,0.6901854364540931,0.6739032112166441,False,
810,jeffmeloy__Qwen2.5-7B-nerd-uncensored-v1.8,2025-01-17 23:13:17+00:00,c77ef5490cc89568f7cb45f7cbdf7e097bd4fa99,0.4714,0.39171294053918315,-0.07968705946081683,0.2728838649495806,0.6931792332007665,0.1937939185655217,0.3853459972862958,0.386250565355043,False,
811,ehristoforu__frqwen2.5-from7b-it,2025-01-17 23:56:17+00:00,559aa4e707d8b9b04b3579df1eb7ba111d0a4b40,0.4094,0.39171294053918315,-0.017687059460816834,0.2645571255457706,0.6561601963978165,0.18546717916171088,0.3550429669832655,0.35323383084577115,False,
812,Sakalti__SJT-0.5B,2025-01-18 00:23:29+00:00,c1ef9b6cf01ead3d2f0ef2f4be6c0b87aa906f2d,0.2702,0.39171294053918315,0.12151294053918316,0.3462530432324093,1.0655128132030405,0.2671630968483503,0.8100407055630936,0.8064224332881049,False,
813,neopolita__jessi-v0.4-falcon3-7b-instruct,2025-01-18 00:27:37+00:00,b0fb350c3aa1fdee8ead7a4c18bab6535c8cf004,0.4972,0.39171294053918315,-0.10548705946081682,0.27870295788304805,0.7247528954421202,0.1996130114989888,0.42152872003618275,0.42424242424242425,False,
814,Sakalti__SJT-2B,2025-01-18 01:01:23+00:00,feedae18c399dfb8160d36d612422de9a953fd3b,0.2454,0.39171294053918315,0.14631294053918315,0.3625001402115658,1.1710212716021136,0.28341019382750876,0.9109000452284034,0.9344188150158299,False,
815,DreadPoor__Blunt_Edge-8B-SLERP,2025-01-18 02:10:04+00:00,48b20f0a332798aa8ed8b6efb70d3ffc9aad8aa2,0.4674,0.39171294053918315,-0.07568705946081683,0.2266831409073316,0.4901687702004131,0.14759319452327316,0.13116236996834013,0.13161465400271372,False,
816,DreadPoor__Lava_Lamp-8B-SLERP,2025-01-18 02:12:45+00:00,f6de6bb3faa6016c5c6d3fee9765ea6f98d7fa29,0.4634,0.39171294053918315,-0.07168705946081683,0.22383704185223438,0.4880207958641755,0.14474709546817574,0.11035730438715513,0.12754409769335143,False,
817,icefog72__Ice0.60-18.01-RP,2025-01-18 02:24:37+00:00,2ff5ad6cb5a5cfb3fe2e7006dc71c8f95332be3e,0.418,0.39171294053918315,-0.02628705946081683,0.2121200668195092,0.4405439605288324,0.1330301204354502,0.013116236996834011,0.016734509271822705,False,
818,mkurman__phi4-MedIT-10B-o1,2025-01-18 03:12:19+00:00,8c7a3cc031a328a60b350b7d03fca19f5dc160c5,0.4056,0.39171294053918315,-0.013887059460816864,0.3003518430991333,0.8249312197236446,0.22126189671507324,0.5463591135232926,0.5495251017639078,False,
819,jeffmeloy__Qwen2.5-7B-olm-v1.3,2025-01-18 04:41:42+00:00,bfb6ab705e46dc6816b94c4485da078eb88d5382,0.4744,0.39171294053918315,-0.08268705946081684,0.2603714044571955,0.6573191660042951,0.18128145807313706,0.33695160560832205,0.35368611488014473,False,
820,icefog72__Ice0.61-18.01-RP,2025-01-18 04:43:48+00:00,88120e49d1eed697254283306bd830dcd1f1df7b,0.4146,0.39171294053918315,-0.022887059460816872,0.21048598839461216,0.4309308677793185,0.1313960420105529,0.009045680687471733,0.008593396653098146,False,
821,Sakalti__qwen2.5-2.3B,2025-01-18 05:07:38+00:00,2ff27c72860dc90a8d384058e347094b80f01e14,0.2336,0.39171294053918315,0.15811294053918315,0.36797075466844076,1.202949464318412,0.2888808082843837,0.9466304839439168,0.9638172772501131,False,
822,LightningRodLabs__Flashlight-v1.0,2025-01-18 07:05:51+00:00,4196651205482ffd4b8fe5f50313225963109958,0.5502,0.39171294053918315,-0.15848705946081687,0.29120398958282373,0.7490654050992617,0.21211404319876534,0.4997738579828132,0.45454545454545453,False,
823,Sakalti__Qwen2.5-1B-Instruct,2025-01-18 07:20:15+00:00,9c9555c252322099b63dcff0362e0a303b4e4365,0.2532,0.39171294053918315,0.13851294053918317,0.3590848054251483,1.1378470619724845,0.2799948590410904,0.8742650384441429,0.8833107191316146,False,
824,Sakalti__SJT-1.7B,2025-01-18 07:49:48+00:00,8922da9513f72b99c06f05b20c150234b07d6ad0,0.2452,0.39171294053918315,0.14651294053918315,0.4010795923934645,1.3735991160607117,0.32198964600940555,0.9990954319312528,0.9995477159656264,False,
825,FINGU-AI__L3-8B,2025-01-18 08:17:36+00:00,577fc198e23cfc63ab70462b3e2c0eb2d328d864,0.447,0.39171294053918315,-0.055287059460816856,0.24350494104505793,0.5629179304333262,0.1644149946609993,0.24694708276797828,0.250565355042967,False,
826,icefog72__Ice0.60.1-18.01-RP,2025-01-18 09:41:26+00:00,4aa1b128a2364a5275aafbf1c13cea04c26bed64,0.414,0.39171294053918315,-0.022287059460816827,0.20855213891327076,0.42154491657684123,0.12946219252921154,0.004975124378109453,0.003618272274988693,False,
827,FlofloB__smollm2-135M_pretrained_400k_fineweb_uncovai_human_removed,2025-01-18 10:23:09+00:00,740bdfb36a6abda6f83f966145bab11f8f07e2f5,0.2492,0.39171294053918315,0.14251294053918315,0.34987711424535994,1.0788266185783306,0.2707871678613029,0.8222523744911805,0.8154681139755766,False,
828,Steelskull__L3.3-MS-Nevoria-70b,2025-01-18 11:21:07+00:00,8e1dee36f08ca0b7e26634328f1345f96b5b5ca0,0.6146,0.39171294053918315,-0.22288705946081688,0.33900160090558407,0.9751258610255571,0.2599116545215249,0.7810945273631841,0.7349615558570782,False,
829,AGI-0__Art-v0-3B,2025-01-18 12:23:41+00:00,bc2d4003cb8d96dfa003dea04006b7565a3db759,0.2908,0.39171294053918315,0.10091294053918315,0.36263622770264325,1.1493736308451816,0.28354628131858467,0.9127091813658977,0.9027589326096789,False,
830,bunnycore__Phi-4-Model-Stock-v3,2025-01-18 13:57:19+00:00,c0222a38b4f2f17dd2cf7b794f2eb17bc84cc440,0.5736,0.39171294053918315,-0.18188705946081685,0.3278249783190506,0.951351520338547,0.24873503193499133,0.7200361827227499,0.7177747625508819,False,
831,DreadPoor__ZEUS-8B-V17-Abliterated_ALT,2025-01-18 16:39:03+00:00,e94779ce8d2d2ccf62afa2d27735df071bb248b8,0.4366,0.39171294053918315,-0.044887059460816836,0.23144064968390946,0.5154069075994324,0.15235070329985134,0.16644052464947987,0.17729534147444595,False,
832,sethuiyer__Llama-3.1-8B-Experimental-1208-Instruct,2025-01-18 17:10:58+00:00,d7f4873842078c9b822f9d876375f10adddf6879,0.4172,0.39171294053918315,-0.025487059460816863,0.2175535716255577,0.4569660848269271,0.13846362524149872,0.040253279059249206,0.04115784712799638,False,
833,icefog72__Ice0.62-18.01-RP,2025-01-18 17:58:50+00:00,2607cd62c1e00a6409cc8c020252d9fbffc31d97,0.4156,0.39171294053918315,-0.023887059460816873,0.2093744710459652,0.42648031557766225,0.13028452466190596,0.006331976481230212,0.005427408412483039,False,
834,Sakalti__QwenTest-7,2025-01-19 02:32:20+00:00,c1d7222aaee11086ece6aae4c1c2a03356d5b6f5,0.2564,0.39171294053918315,0.13531294053918314,0.35995246468557496,1.1392265072007104,0.2808625183015169,0.8833107191316146,0.8887381275440976,False,
835,Sakalti__SJT-900M,2025-01-19 03:34:52+00:00,b453ea3651554a4c345c2790fc3eac9180c20250,0.2628,0.39171294053918315,0.12891294053918317,0.3750976179936281,1.2337558117749146,0.29600767160957014,0.9751243781094527,0.979194934418815,False,
836,yanng1242__Marcoro14-7B-slerp,2025-01-19 05:05:23+00:00,16b27a15d18f7b100193dfcc40d84ffd73724042,0.4288,0.39171294053918315,-0.03708705946081686,0.21357038242219328,0.43732738234178586,0.13448043603813428,0.017186793306196293,0.013116236996834011,False,
837,TheTsar1209__qwen-carpmuscle-v0.4.1,2025-01-19 05:35:02+00:00,c08663b280c941595363d3f79f842e552ed43d13,0.5512,0.39171294053918315,-0.15948705946081687,0.2940381263469145,0.7611309506821314,0.2149481799628546,0.5174129353233831,0.4699231117141565,False,
838,CultriX__Qwen2.5-14B-Hyperionv3,2025-01-19 05:37:05+00:00,5f56bc2a4c70502bb150afcfd5160a3cf0fa8551,0.5688,0.39171294053918315,-0.17708705946081682,0.30764795397193806,0.8341899164227247,0.2285580075878795,0.5965626413387607,0.5608322026232474,False,
839,CultriX__Qwen2.5-14B-partialmergept1,2025-01-19 05:48:13+00:00,9847fe413f7dd510bd0729274e38e384ab6ec9ad,0.5226,0.39171294053918315,-0.1308870594608168,0.29675780747010483,0.8072921104691301,0.2176678610860456,0.5309814563545907,0.5318860244233379,False,
840,netcat420__Qwen2.5-Coder-Scholar-7B-Abliterated-MFANN-Slerp-Unretrained,2025-01-19 09:41:05+00:00,92e817f499233a641958e4f46aa8c73550cbcdf9,0.4416,0.39171294053918315,-0.04988705946081684,0.2753969856090042,0.7030857757329048,0.19630703922494575,0.40027137042062416,0.3984622342831298,False,
841,Sakalti__SJT-1.5B-Alpha-1.1,2025-01-19 10:23:22+00:00,b0b86ec28c1b01a17e5b67bf2dd377fbd3cb47ac,0.3524,0.39171294053918315,0.03931294053918316,0.2899799497150367,0.7812738151630008,0.21089000333097807,0.49344188150158297,0.5006784260515604,False,
842,FlofloB__smollm2-135M_pretrained_800k_fineweb_uncovai_human_removed,2025-01-19 13:00:06+00:00,27cb7805bbdd5d92752aa2d0ebc6e300037f7b25,0.2488,0.39171294053918315,0.14291294053918316,0.36697003183612353,1.1682547195742399,0.287880085452065,0.9412030755314338,0.9298959746720941,False,
843,theo77186__Qwen2.5-Coder-7B-Instruct-20241106,2025-01-19 17:54:19+00:00,580da963ddd55cf72b45d81f8809738e87970e00,0.4062,0.39171294053918315,-0.014487059460816853,0.2500531311780614,0.590751033461285,0.17096318479400247,0.2903663500678426,0.2876526458616011,False,
844,sethuiyer__Llama-3.1-8B-Experimental-1206-Instruct,2025-01-19 18:33:03+00:00,3521665f8e038388f2e2de31dd308c9a9b016065,0.4368,0.39171294053918315,-0.04508705946081687,0.214630121633727,0.44214477544975833,0.13554017524966808,0.023066485753052916,0.01854364540931705,False,
845,DreadPoor__Nother_One-8B-Model_Stock,2025-01-20 00:59:38+00:00,d87e4801411927dfdc0ae1babd9f1ef7a4916c35,0.4404,0.39171294053918315,-0.04868705946081686,0.2211294959819184,0.4726008138146967,0.14203954959785978,0.0773405698778833,0.08412483039348712,False,
846,tugstugi__Qwen2.5-7B-Instruct-QwQ-v0.1,2025-01-20 01:06:52+00:00,c4831f318369a0b2795960ca35749cd9a7211d40,0.4262,0.39171294053918315,-0.03448705946081687,0.2605205019665144,0.631798538206685,0.18143055558245538,0.33921302578018997,0.32881049298959747,False,
847,DreadPoor__LemonP-8B-Model_Stock,2025-01-20 01:14:37+00:00,c7a04892acaa11beacce075013c459b2d25b56f2,0.4672,0.39171294053918315,-0.07548705946081685,0.23134241059942282,0.5045297648548731,0.15225246421536423,0.16598824061510628,0.1551334237901402,False,
848,prithivMLmods__LwQ-10B-Instruct,2025-01-20 02:06:43+00:00,c5ddcc7e88d557ebe08b01559734b471951d5a9c,0.4154,0.39171294053918315,-0.02368705946081684,0.23230234188637927,0.5117479947762553,0.15321239550232052,0.17141564902758932,0.16689280868385345,False,
849,Arthur-LAGACHERIE__Precis-1B-Instruct,2025-01-20 02:26:43+00:00,a9bb8dd324ae9abc6c4eb5f9439bfb4e1c06c528,0.2772,0.39171294053918315,0.11451294053918315,0.35351166224753655,1.088267899193845,0.27442171586347874,0.8340117593848937,0.8218000904568069,False,
850,Sakalti__SJT-1.5B-Alpha,2025-01-20 05:34:10+00:00,72a483ab7e55b60ed6ebeb781d0d22fcee925b84,0.3524,0.39171294053918315,0.03931294053918316,0.2900836112310281,0.7833921055065761,0.21099366484696924,0.4943464495703302,0.5042966983265491,False,
851,neopolita__jessi-v0.1-falcon3-10b-instruct,2025-01-20 05:43:32+00:00,b9e6c64dce9e3c8b34525afcaa1a519d95fa9657,0.5072,0.39171294053918315,-0.11548705946081683,0.2682752043493376,0.6585701458700121,0.1891852579652785,0.3672546359113523,0.3541383989145183,False,
852,FlofloB__smollm2-135M_pretrained_600k_fineweb_uncovai_human_removed,2025-01-20 05:50:26+00:00,22dc9d31029a45fd2932615be9f7eb7fd1bc7809,0.2462,0.39171294053918315,0.14551294053918315,0.3555355982370617,1.1092096128389395,0.27644565185300446,0.8444142921754862,0.8331071913161465,False,
853,ehristoforu__fp4-14b-it-v1,2025-01-20 06:09:47+00:00,c1fbb65567d22006c34a7d4c346fc2c695402264,0.4268,0.39171294053918315,-0.03508705946081686,0.26026668318925833,0.6290518988673702,0.1811767368051993,0.33649932157394846,0.32609678878335596,False,
854,bunnycore__Llama-3.2-3B-Della,2025-01-20 06:12:24+00:00,1971fcc3034aefaef03f1eb89c8d03414670002f,0.3042,0.39171294053918315,0.08751294053918313,0.32926020557409585,0.969446731728234,0.25017025919003755,0.728629579375848,0.7304387155133424,False,
855,DreadPoor__Aspire_V2-8B-Model_Stock,2025-01-20 06:20:57+00:00,bfcdc5f621feabf5b3111148c54b98cceb3464a6,0.4592,0.39171294053918315,-0.06748705946081685,0.22555907815011147,0.4936936395100098,0.1464691317660526,0.12437810945273632,0.13568521031207598,False,
856,DreadPoor__Aspire_V2_ALT-8B-Model_Stock,2025-01-20 06:38:56+00:00,a6e35d3027791257f69f33ee70920eb1874977a1,0.4566,0.39171294053918315,-0.06488705946081685,0.21877512648526068,0.4609059000344311,0.13968518010120187,0.04975124378109453,0.046585255540479424,False,
857,DreadPoor__Aspire_V2_ALT_ROW-8B-Model_Stock,2025-01-20 06:42:44+00:00,2e7bf5e2cb8a559ae4a7567382d6f3a4407fb47f,0.4566,0.39171294053918315,-0.06488705946081685,0.21877512648526068,0.4609059000344311,0.13968518010120187,0.04975124378109453,0.046585255540479424,False,
858,prithivMLmods__LwQ-Reasoner-10B,2025-01-20 06:48:15+00:00,9b14b51e36cb19fb279d159fa0102ef75fcac00d,0.4846,0.39171294053918315,-0.09288705946081682,0.2709408644201431,0.7144448138174043,0.19185091803608428,0.37946630483943916,0.4102216191768431,False,
859,Alepach__notHumpback-M1-v2,2025-01-20 06:48:44+00:00,81dd546dfdef5a422f612a245fa5217d51ac4a81,0.2426,0.39171294053918315,0.14911294053918314,0.3605103044662,1.1597794283956306,0.2814203580821418,0.8891904115784712,0.9163274536408865,False,
860,prithivMLmods__QwQ-MathOct-7B,2025-01-20 07:03:46+00:00,6e0d468cdd3f202b5fabeb1c479b18d9f987967d,0.4652,0.39171294053918315,-0.07348705946081685,0.2787060447676547,0.7351994771414215,0.19961609838359592,0.42198100407055633,0.44052464947987335,False,
861,prithivMLmods__QwQ-LCoT-14B-Conversational,2025-01-20 07:30:20+00:00,8fcf4489530ca24d417193787164f57fa6a2d213,0.5254,0.39171294053918315,-0.13368705946081683,0.2935609362261154,0.7983197046686917,0.2144709898420564,0.514246947082768,0.5192220714608774,False,
862,CultriX__Qwen2.5-14B-Hyper,2025-01-20 07:31:36+00:00,53fb8302647adc00304545c913f3a76c6eda73ed,0.563,0.39171294053918315,-0.1712870594608168,0.3014556928869359,0.8149534958806659,0.22236574650287702,0.5526910900045229,0.5386702849389416,False,
863,suayptalha__Falcon3-Jessi-v0.4-7B-Slerp,2025-01-20 18:35:25+00:00,e4caaec6b7333cfbf90fd02a0410ef558779629a,0.5,0.39171294053918315,-0.10828705946081685,0.27899496210980546,0.7206177065020142,0.19990501572574604,0.42424242424242425,0.41971958389868835,False,
864,sethuiyer__LlamaZero-3.1-8B-Experimental-1208,2025-01-20 18:39:24+00:00,60863ece6c5f24007cae60c5b9fda10fab6e887e,0.409,0.39171294053918315,-0.017287059460816823,0.23751939094115956,0.5335914073176987,0.1584294445571006,0.21076436001809137,0.20759837177747625,False,
865,DreadPoor__Aspire_V2.1-8B-Model_Stock,2025-01-20 18:49:23+00:00,27f2e5c19adfc9057644c3396246b5cb2e45a0ec,0.4514,0.39171294053918315,-0.05968705946081687,0.22264716833414427,0.4765856787453335,0.1435572219500851,0.09905020352781546,0.09905020352781546,False,
866,jpacifico__Chocolatine-14B-Instruct-DPO-v1.3,2025-01-20 18:56:14+00:00,74ec4825b1a0a36ac5a60c718dce68086485e6e4,0.5312,0.39171294053918315,-0.13948705946081685,0.2734728180161532,0.6694999592838202,0.1943828716320949,0.3880597014925373,0.3672546359113523,False,
867,deepseek-ai__DeepSeek-R1-Distill-Qwen-14B,2025-01-20 19:24:01+00:00,9bd1423474d97ad005b2639b5624e7378ee6e4bb,0.5292,0.39171294053918315,-0.13748705946081685,0.30877691371365584,0.889111933981396,0.22968696732959665,0.6078697421981004,0.6463138851198552,False,
868,CultriX__Qwen2.5-14B-Hyperionv5,2025-01-20 19:35:30+00:00,c1bec4af19188a91fa9089fd51c3fc7c04a3892c,0.5568,0.39171294053918315,-0.1650870594608168,0.30871304116569875,0.8547302948264,0.2296230947816399,0.6060606060606061,0.5884215287200362,False,
869,sometimesanotion__Lamarck-14B-v0.7-rc1,2025-01-20 19:36:02+00:00,c68a9f5b1daf3d660a9de2305b76f61ce1741b14,0.5726,0.39171294053918315,-0.18088705946081685,0.32050438793147834,0.8867052124650289,0.2414144415474194,0.6820443238353686,0.6395296246042514,False,
870,CultriX__Qwen2.5-14B-Hyperionv4,2025-01-20 19:39:32+00:00,0dc37b0ccdc4d0c64042feb2929d3a37204fea8e,0.5614,0.39171294053918315,-0.16968705946081686,0.30167701214879694,0.8160937229695665,0.22258706576473838,0.5554047942107644,0.5400271370420624,False,
871,Daemontatox__mini_Pathfinder,2025-01-20 21:31:45+00:00,c8945af8d25573c8e0e56660696be611cbd1b4a4,0.3416,0.39171294053918315,0.05011294053918314,0.32701208053243586,0.9795389441985648,0.24792213414837655,0.715513342379014,0.7403889642695612,False,
872,deepseek-ai__DeepSeek-R1-Distill-Llama-8B,2025-01-20 21:34:31+00:00,0afd2c176338a9bb82b5eba68e38e161291413cd,0.2718,0.39171294053918315,0.11991294053918317,0.3559809555870957,1.1188540771013176,0.27689100920303833,0.8480325644504749,0.8435097241067391,False,
873,ehristoforu__fp4-14b-v1-fix,2025-01-20 22:02:28+00:00,ace8b4747ec57d4ba0a6e4cbbef86f158e516641,0.5858,0.39171294053918315,-0.19408705946081684,0.32084783473887507,0.9070889451734431,0.24175788835481662,0.683853459972863,0.6752600633197648,False,
874,deepseek-ai__DeepSeek-R1-Distill-Qwen-7B,2025-01-20 22:51:26+00:00,3b841e47c9902e1c2b1e56a616afe31ae915431a,0.2966,0.39171294053918315,0.09511294053918318,0.33550013120957933,1.032484650515054,0.25641018482552247,0.7661691542288557,0.783355947535052,False,
875,deepseek-ai__DeepSeek-R1-Distill-Qwen-1.5B,2025-01-20 22:52:39+00:00,dad19a650b51ed5751503da6ddc79be7451b63c4,0.2748,0.39171294053918315,0.11691294053918316,0.3608887804661432,1.1379307908113563,0.28179883408208545,0.8932609678878336,0.8842152872003618,False,
876,neopolita__jessi-v0.6-falcon3-7b-instruct,2025-01-20 23:06:43+00:00,56377bc90bce4f7cd47434f84673b3a79bb55768,0.492,0.39171294053918315,-0.10028705946081684,0.2807171423600571,0.7345101930029444,0.20162719597599782,0.4337403889642696,0.4391677973767526,False,
877,agentlans__Gemma2-9B-AdvancedFuse,2025-01-21 03:56:55+00:00,6a669dec0ebbc77c030925e498cd6a76b17d2313,0.4544,0.39171294053918315,-0.06268705946081687,0.2393593277641267,0.5393925804178159,0.16026938138006783,0.22026232473993668,0.21845318860244234,False,
878,FINGU-AI__Q-Small-3B,2025-01-21 06:02:44+00:00,a81fd90d8cd0fa5442c4605fd8bb40651b5efb6e,0.363,0.39171294053918315,0.028712940539183163,0.26411975187905995,0.6631554013375921,0.1850298054950002,0.35323383084577115,0.36047037539574855,False,
879,JayHyeon__Qwen_0.5-MDPO_0.1_5e-7-3ep_0alp_0lam,2025-01-21 07:13:14+00:00,0b4535bd0ee07f884f48fe8d66eb0c104806fe27,0.262,0.39171294053918315,0.12971294053918314,0.35732069575130715,1.123705328316247,0.2782307493672483,0.8552691090004523,0.8516508367254636,False,
880,Sakalti__SJT-3.7B,2025-01-21 08:49:43+00:00,70d570a0b72c0af9d97175012c0308fab29db28d,0.2742,0.39171294053918315,0.11751294053918315,0.34194322351003487,1.034419038786913,0.2628532771259766,0.7901402080506558,0.7856173677069199,False,
881,khoantap__llama-evolve-ties-best-merge,2025-01-21 16:14:45+00:00,955c376b8365bae2e765ee413b0df4202526f2bb,0.4664,0.39171294053918315,-0.07468705946081683,0.2391646041382865,0.5369679396533975,0.16007465775422808,0.2198100407055631,0.21347806422433288,False,
882,prithivMLmods__QwQ-LCoT2-7B-Instruct,2025-01-21 16:20:46+00:00,717bc1a6ff7f1c0f003e6f13213f4370fcccb77f,0.4604,0.39171294053918315,-0.06868705946081682,0.2747649886542406,0.7203714258637157,0.19567504227018304,0.39710538218000907,0.41926729986431477,False,
883,khoantap__llama-linear-1-0.5-0.5-merge,2025-01-21 16:21:22+00:00,a69497e53d99bc3d29332ae5ce1252de60fa3c04,0.4654,0.39171294053918315,-0.07368705946081683,0.2312735126936012,0.5301452808873969,0.15218356630954205,0.1650836725463591,0.1999095431931253,False,
884,khoantap__llama-linear-0.5-1-0.5-merge,2025-01-21 16:53:29+00:00,5ed6994f1fc08cc3b3c8f158d9493b88e54bbed8,0.4882,0.39171294053918315,-0.09648705946081687,0.2267912407721868,0.49279431054236494,0.14770129438812787,0.13251922207146088,0.13432835820895522,False,
885,khoantap__llama-slerp-merge,2025-01-21 16:55:29+00:00,04a563725598e2b8401df6afaba59cf16f5567ca,0.4688,0.39171294053918315,-0.07708705946081684,0.22245338180616714,0.4708258622893964,0.14336343542210814,0.09588421528720036,0.07869742198100407,False,
886,benhaotang__phi4-qwq-sky-t1,2025-01-21 19:34:33+00:00,50675d66d5769967f496db15c35afe1bb52d64f8,0.547,0.39171294053918315,-0.1552870594608169,0.3178453811857646,0.8926140264087337,0.23875543480170536,0.6671189507010402,0.6530981456354591,False,
887,khoantap__llama-breadcrumbs-ties-merge,2025-01-21 20:08:31+00:00,f6a5e9387556f948d38272046fbbdbe0abf1e5ec,0.434,0.39171294053918315,-0.042287059460816845,0.2394855085834281,0.5503041421083912,0.16039556219937004,0.22207146087743102,0.2302125734961556,False,
888,sometimesanotion__Lamarck-14B-v0.7-rc4,2025-01-21 20:13:53+00:00,b3d6e5a9c43393ac191a36b18ebdd1e06bf4cea9,0.5748,0.39171294053918315,-0.18308705946081683,0.32051190240441296,0.8866448071420002,0.2414219560203542,0.6824966078697422,0.6390773405698779,False,
889,khoantap__cheap-moe-merge,2025-01-21 20:36:51+00:00,c90cf09584f50a65d1e08f07d9b40cb249eab85d,0.4194,0.39171294053918315,-0.027687059460816843,0.2508473983658381,0.5917971353718285,0.17175745198178022,0.2944369063772049,0.28946178199909545,False,
890,khoantap__moe-out-merge,2025-01-21 20:38:57+00:00,e7045b4446caaa7fbbaadffaadeaf2ec0a5293a4,0.4178,0.39171294053918315,-0.026087059460816853,0.24768776582697424,0.5789066095165057,0.1685978194429161,0.2777023971053822,0.27182270465852554,False,
891,khoantap__llama-3-8b-stock-merge,2025-01-21 20:42:28+00:00,62362f9fc2b5e968704ffe20e8ee918dc53bff26,0.433,0.39171294053918315,-0.041287059460816844,0.2504016392208851,0.5970095331837487,0.17131169283682587,0.29262777023971054,0.29805517865219355,False,
892,DreadPoor__Aspire_V3-8B-Model_Stock,2025-01-21 22:15:57+00:00,d1250dfc1a5c10901e3e7d80b55a325f92f18554,0.439,0.39171294053918315,-0.04728705946081685,0.21903947955923755,0.47286367270246793,0.13994953317517878,0.05472636815920398,0.08638625056535504,False,
893,neopolita__jessi-v0.2-falcon3-10b-instruct,2025-01-21 23:37:10+00:00,3e8d78bcaf6f30f0580503278587cfaea0d7cf69,0.522,0.39171294053918315,-0.13028705946081687,0.27722210494289873,0.6975929048501783,0.19813215855884048,0.4102216191768431,0.391677973767526,False,
894,DreadPoor__OrangeJ-8B-Model_Stock,2025-01-22 00:09:53+00:00,bca2c7e54a93201dc16fcc9c8a6ffe83341c2116,0.4646,0.39171294053918315,-0.07288705946081686,0.22542760518306262,0.4858874559869036,0.1463376587990042,0.12347354138398914,0.12437810945273632,False,
895,deepseek-ai__DeepSeek-R1-Distill-Qwen-32B,2025-01-22 01:33:04+00:00,5ed889765e010334ab6bc45297e0e9cab970c00d,0.3478,0.39171294053918315,0.043912940539183154,0.3178518369694674,0.9231532191884378,0.23876189058540845,0.6675712347354138,0.6928991406603346,False,
896,pankajmathur__orca_mini_phi-4,2025-01-22 03:35:36+00:00,1dba8502442d686612c23905f51598af88089ee9,0.5796,0.39171294053918315,-0.18788705946081685,0.3087385848130746,0.8357382583506636,0.22964863842901653,0.6065128900949797,0.5635459068294889,False,
897,netcat420__MFANN3bv1.2,2025-01-22 03:43:40+00:00,ef3e3af0da1b7c7e70b38ab3a0dd24f0b84f173d,0.2962,0.39171294053918315,0.09551294053918313,0.32092001468616804,0.9555089595997912,0.2418300683021097,0.6843057440072365,0.7200361827227499,False,
898,DreadPoor__RPMash-8B-Model_Stock,2025-01-22 03:44:42+00:00,29fdaf39b0ed8047c41eb5c0d46137528e29062c,0.417,0.39171294053918315,-0.02528705946081683,0.20640472517300795,0.4187715016658659,0.1273147787889492,0.0009045680687471732,0.0013568521031207597,False,
899,netcat420__DeepSeek-R1-MFANN-TIES-unretrained-7b,2025-01-22 04:15:20+00:00,ad4cb224e9dcfd9242cd724351e7352cb2c7ddd0,0.2548,0.39171294053918315,0.13691294053918313,0.34547591467171773,1.0516115955224106,0.26638596828765965,0.804161013116237,0.7982813206693804,False,
900,SicariusSicariiStuff__Eximius_Persona_5B,2025-01-22 12:33:46+00:00,1d32830983f2ebb6e5d9bad1061d12e053c52015,0.3888,0.39171294053918315,0.002912940539183173,0.28946602490829276,0.7740669753586764,0.21037607852423398,0.4902758932609679,0.4898236092265943,False,
901,prithivMLmods__QwQ-LCoT1-Merged,2025-01-22 12:43:16+00:00,8ce0e3dcb518874a54d4ae2a54c29f03649c4c9b,0.4624,0.39171294053918315,-0.07068705946081683,0.27436781410609035,0.7247098818819112,0.19527786772203234,0.3939393939393939,0.42379014020805067,False,
902,deepseek-ai__DeepSeek-R1-Distill-Llama-70B,2025-01-23 01:08:13+00:00,2680f025a9470001ca2f74a94461c458e9479990,0.4414,0.39171294053918315,-0.04968705946081686,0.30716693035528175,0.8367227523047089,0.2280769839712231,0.5906829488919041,0.5649027589326097,False,
903,nbeerbower__llama3.1-kartoffeldes-70B,2025-01-23 03:37:37+00:00,8326dc6e637cbda6c93a050129b706cfef9f4ece,0.5904,0.39171294053918315,-0.19868705946081688,0.30782536265920185,0.8324608800445134,0.22873541627514274,0.5992763455450023,0.5581184984170059,False,
904,prithivMLmods__Llama-8B-Distill-CoT,2025-01-23 10:27:40+00:00,aeec70377fd2e21e802b45dee90bae0ed50c6e4a,0.378,0.39171294053918315,0.01371294053918315,0.3287216971631639,0.9792028984844443,0.2496317507791044,0.7236544549977386,0.7394843962008141,False,
905,prithivMLmods__QwQ-R1-Distill-7B-CoT,2025-01-23 10:29:58+00:00,da49de73165d9ec93377884b20a241d9990fbe1d,0.3816,0.39171294053918315,0.010112940539183157,0.3020161457110318,0.8558587504324195,0.22292619932697144,0.5576662143826323,0.5911352329262777,False,
906,DreadPoor__Aspire_V4-8B-Model_Stock,2025-01-23 10:39:06+00:00,4317f479e24e47a32edc2287991b68338738e92f,0.4592,0.39171294053918315,-0.06748705946081685,0.22594173282710003,0.49526889364656934,0.1468517864430414,0.12709181365897784,0.1383989145183175,False,
907,DreadPoor__Aspire_V4_ALT-8B-Model_Stock,2025-01-23 10:44:34+00:00,9151ae27e866a0e1c67ac663833a61e5f5a75e5d,0.4558,0.39171294053918315,-0.06408705946081683,0.2252046406864972,0.4880384102750445,0.14611469430243829,0.1216644052464948,0.127996381727725,False,
908,agentlans__Llama3.1-Daredevilish,2025-01-23 10:50:25+00:00,945f33349c90acc6a45b9db13c0bcc9e24fdd4b9,0.4228,0.39171294053918315,-0.031087059460816857,0.2135865468039006,0.4472459992810077,0.13449660041984154,0.017639077340569877,0.026232473993668022,False,
909,Daemontatox__CogitoDistil,2025-01-23 10:51:54+00:00,05b237e4af0a671d9bb8d393fc723f18014a3304,0.3102,0.39171294053918315,0.08151294053918318,0.3316294505443438,1.0041333046597218,0.2525395041602844,0.7426503844414292,0.7634554500226142,False,
910,prithivMLmods__QwQ-R1-Distill-1.5B-CoT,2025-01-23 10:55:40+00:00,69c2a480fb1a781e6f951259721b9c1b9ea17a51,0.323,0.39171294053918315,0.06871294053918314,0.3353448410389924,1.0013752524720634,0.25625489465493373,0.7652645861601085,0.7598371777476255,False,
911,ToastyPigeon__Sto-vo-kor-12B,2025-01-23 11:02:08+00:00,eec8d7a31651e717668b03c1685419aca0e9db27,0.423,0.39171294053918315,-0.031287059460816835,0.23193683165074994,0.5001462572683362,0.15284688526669085,0.16960651289009498,0.14789687924016282,False,
912,jpacifico__Chocolatine-2-14B-Instruct-DPO-v2.0b1,2025-01-23 11:02:51+00:00,36997465b0dda40b058d4f358ecd6256e83cbc58,0.5298,0.39171294053918315,-0.1380870594608169,0.3202780825059794,0.8906354392898264,0.24118813612192108,0.681592039800995,0.6508367254635912,False,
913,prithivMLmods__Deepthink-Reasoning-14B,2025-01-23 11:12:38+00:00,1b86034386b4536a4a23ff7c7bbbd5fa47a3c9cf,0.5366,0.39171294053918315,-0.1448870594608168,0.29126500782992976,0.7631522061369772,0.21217506144587087,0.5002261420171868,0.4730890999547716,False,
914,agentlans__Llama3.1-Daredevilish-Instruct,2025-01-23 11:14:28+00:00,fdd516465fb7aca7b96fc8264e55ad5d05cd1ce5,0.457,0.39171294053918315,-0.06528705946081687,0.22951916852464604,0.49854811992959686,0.15042922214058765,0.15151515151515152,0.14473089099954772,False,
915,netcat420__Qwen2.5-DeepSeek-R1-MFANN-Slerp-7b,2025-01-23 15:12:58+00:00,021d6cc3482939b3285804f2db8a5a56980b9992,0.2978,0.39171294053918315,0.09391294053918314,0.31818189772247235,0.9493704875120078,0.239091951338413,0.6720940750791498,0.7159656264133876,False,
916,sumink__solarmer3,2025-01-23 15:13:11+00:00,6143d2d3e65230ad7ae35f89cea50b4b1d600b0d,0.4158,0.39171294053918315,-0.02408705946081685,0.233078621873319,0.5142020861134066,0.15398867548926035,0.17774762550881953,0.17412935323383086,False,
917,T145__ZEUS-8B-V24,2025-01-23 15:15:17+00:00,993c8618cb25ddfc1033b5feddb6d11a0e4dfe16,0.409,0.39171294053918315,-0.017287059460816823,0.2564899772833214,0.6094521481303374,0.17740003089926254,0.32157394843962006,0.30800542740841247,False,
918,Sakalti__SJT-2.4B,2025-01-23 15:19:02+00:00,faf440be5ebca56f816391a3030e16d6b118eabc,0.2836,0.39171294053918315,0.10811294053918313,0.32395626195019744,0.942542986941026,0.24486631556613883,0.70239710538218,0.7132519222071461,False,
919,prithivMLmods__Phi4-Super,2025-01-23 15:21:29+00:00,59f5eb54dc522c240310b1f762bf76c44c4ae01a,0.542,0.39171294053918315,-0.15028705946081689,0.3120154544359692,0.8584223155123951,0.2329255080519104,0.6295793758480326,0.5947535052012664,False,
920,Undi95__Phi4-abliterated,2025-01-23 15:22:57+00:00,66e9f8f7f44f8f4081d54986be3090c786560adc,0.5408,0.39171294053918315,-0.1490870594608168,0.29869472442764283,0.7898621313470058,0.2196047780435843,0.5391225689733152,0.5115332428765265,False,
921,neopolita__loki-v0.1-virtuoso,2025-01-23 15:53:41+00:00,669fae773cacea67d9eab43424f678b098a55c9e,0.5592,0.39171294053918315,-0.16748705946081688,0.290634738680433,0.7557739168739919,0.2115447922963742,0.49615558570782453,0.46494798733604703,False,
922,netcat420__DeepSeek-R1-Distill-Qwen-MFANN-Slerp-7b,2025-01-24 00:40:06+00:00,cb1342d04c945a9d6cd85abcc217ec04d05c9c4d,0.243,0.39171294053918315,0.14871294053918316,0.3627492960719928,1.1689284994599403,0.2836593496879344,0.9149706015377658,0.9308005427408412,False,
923,jaspionjader__ek-6,2025-01-24 00:50:02+00:00,55477648fbcd9d5fd2c10d8c3e3ffa2ebde3cea5,0.4316,0.39171294053918315,-0.03988705946081683,0.22141556795436712,0.4729338032606621,0.14232562157030812,0.08231569425599276,0.08729081863410222,False,
924,zelk12__MT-Gen6-gemma-2-9B,2025-01-24 01:42:32+00:00,77bb785821bddb8284aced97634951d81e881f5e,0.4352,0.39171294053918315,-0.043487059460816824,0.22929924155267703,0.4854646493492056,0.15020929516861828,0.15106286748077793,0.12347354138398914,False,
925,sometimesanotion__Qwenvergence-14B-v10,2025-01-24 01:42:34+00:00,f1d99b9b8795f8fd2c3ececfa977f9d2f765f9d2,0.5712,0.39171294053918315,-0.1794870594608169,0.3296765884153092,0.955554970527395,0.250586642031251,0.730890999547716,0.7204884667571235,False,
926,prithivMLmods__Calcium-Opus-14B-Elite,2025-01-24 01:42:39+00:00,bf966330a1e443c6fc5dcdb10b9417c336bbac3d,0.5492,0.39171294053918315,-0.15748705946081687,0.3048220999543567,0.846016877669291,0.22573215357029772,0.5707824513794663,0.5753052917232022,False,
927,unsloth__Llama-3.2-1B-Instruct,2025-01-24 02:10:20+00:00,d626f8683c84acd5581e72d9ac6a0e11ec454f65,0.307,0.39171294053918315,0.08471294053918316,0.33620064916666986,1.0038137198117696,0.2571107027826112,0.7693351424694709,0.7630031659882406,False,
928,noname0202__llama-math-1b-r32-test,2025-01-24 02:10:48+00:00,8980595f9bc6914e7a56094a655ec95264fe5788,0.3068,0.39171294053918315,0.08491294053918313,0.33759876943809597,1.0126688176813021,0.2585088230540372,0.7761194029850746,0.7711442786069652,False,
929,prithivMLmods__Calcium-Opus-20B-v1,2025-01-24 02:11:27+00:00,8fa35f6a57b672a718bc4310d134439dfb9f2ce2,0.482,0.39171294053918315,-0.09028705946081683,0.2524124674781246,0.6006275510723442,0.17332252109406593,0.30031659882406153,0.3016734509271823,False,
930,icefog72__Ice0.62.1-24.01-RP,2025-01-24 02:13:05+00:00,464a8df2d7ff970f9b6b516f3c3c0772cbcca5dc,0.4172,0.39171294053918315,-0.025487059460816863,0.21053027643306976,0.43303105500782385,0.13144033004901057,0.009497964721845319,0.009950248756218905,False,
931,jaspionjader__ek-7,2025-01-24 02:21:01+00:00,80a0a78e03e3eadfcf561a9b81e6ca73bc86858c,0.4314,0.39171294053918315,-0.039687059460816854,0.22223348304784982,0.473180800530137,0.14314353666379062,0.09226594301221167,0.08819538670284939,False,
932,T145__ZEUS-8B-V25,2025-01-24 02:28:06+00:00,2c41a082be99366acc9b7a1badf18b79a27eb701,0.366,0.39171294053918315,0.02571294053918316,0.275844838439969,0.6942065232392192,0.19675489205590938,0.40117593848937133,0.38760741745816374,False,
933,unsloth__Llama-3.2-1B-Instruct-no-system-message,2025-01-24 03:48:56+00:00,32e41630421e03b260786210d518f1294ae1c883,0.3126,0.39171294053918315,0.07911294053918316,0.3290969917989401,0.9664783090125385,0.25000704541488156,0.7263681592039801,0.7277250113071009,False,
934,ehristoforu__tmoe,2025-01-24 04:21:49+00:00,3bcc4354fbfb5e291247ee50f50f466034d85822,0.2478,0.39171294053918315,0.14391294053918316,0.36449730175234757,1.1720071465275437,0.2854073553682888,0.926729986431479,0.9366802351876978,False,
935,noname0202__llama-math-1b-r8-512tokens-test,2025-01-24 07:49:15+00:00,109cfcbc8deafe003d2d152eac24a04ec8faec6d,0.3084,0.39171294053918315,0.08331294053918314,0.3368175157363792,1.0062926225390774,0.25772756935232066,0.7729534147444596,0.7652645861601085,False,
936,jpacifico__Chocolatine-2-14B-Instruct-v2.0b2,2025-01-24 08:08:53+00:00,fe23c16b072595fffe017de11ece06deaa7bb45c,0.5696,0.39171294053918315,-0.17788705946081684,0.3173639190500276,0.8868896630519978,0.238273972665969,0.663048394391678,0.6408864767073722,False,
937,icefog72__Ice0.64-24.01-RP,2025-01-24 09:49:39+00:00,6ec782afecf034b99406c934700b1b33a9ed3a76,0.4168,0.39171294053918315,-0.025087059460816852,0.2122418028539159,0.4394703306572548,0.13315185646985697,0.013568521031207599,0.014925373134328358,False,
938,bunnycore__Qwen-2.5-7B-R1-Stock,2025-01-24 15:47:23+00:00,61d0b0d3ee5bdba2b690a0a44e8107043ebe168a,0.4356,0.39171294053918315,-0.043887059460816835,0.25654155233525067,0.6197314110116623,0.1774516059511918,0.32202623247399365,0.3175033921302578,False,
939,noname0202__llama-math-1b-r32-0to512tokens-test,2025-01-24 17:05:58+00:00,40c157c9d5f9a77121d753985ed6e4d6c6e4feaa,0.3078,0.39171294053918315,0.08391294053918313,0.33785442482173833,1.0089725682007624,0.2587644784376796,0.7774762550881954,0.76797829036635,False,
940,prithivMLmods__FastThink-0.5B-Tiny,2025-01-24 17:11:26+00:00,e3cab88736d890d5647c145c4f8991ced2c75845,0.2684,0.39171294053918315,0.12331294053918312,0.3332688035382355,1.0159046815605994,0.25417885715417693,0.7521483491632746,0.7734056987788331,False,
941,prithivMLmods__Llama-3.2-3B-Math-Oct,2025-01-24 17:13:46+00:00,72291dbc273367f33fc42ea7b1f12cec8a545050,0.3678,0.39171294053918315,0.023912940539183136,0.2880623037267503,0.7781408044886919,0.20897235734269157,0.4839439167797377,0.49615558570782453,False,
942,SicariusSicariiStuff__Wingless_Imp_8B,2025-01-24 17:15:48+00:00,72330a006cc50e31f58be0a67ed4ca6435aeb8c8,0.4354,0.39171294053918315,-0.04368705946081686,0.2225432495862198,0.48069795615161937,0.14345330320216126,0.09724106739032112,0.1112618724559023,False,
943,SicariusSicariiStuff__Winged_Imp_8B,2025-01-24 17:15:53+00:00,fed5f824846ec08d983f3d003b96b6c03e24beb6,0.4352,0.39171294053918315,-0.043487059460816824,0.2224678420668371,0.4805393154250071,0.14337789568277853,0.09633649932157395,0.11035730438715513,False,
944,agentlans__Llama3.1-SuperDeepFuse-CrashCourse12K,2025-01-24 17:18:04+00:00,e99270d669755932f16f5bf0c0910d906448d2c2,0.453,0.39171294053918315,-0.06128705946081686,0.21525922962990704,0.4540029994872286,0.13616928324584873,0.025780189959294438,0.03573043871551334,False,
945,prithivMLmods__Phi-4-Super,2025-01-24 17:28:18+00:00,e829fc9d3bf89bd4206243feb18439ecab043800,0.542,0.39171294053918315,-0.15028705946081689,0.3120154544359692,0.8584223155123951,0.2329255080519104,0.6295793758480326,0.5947535052012664,False,
946,prithivMLmods__Phi-4-Super-o1,2025-01-24 17:28:25+00:00,fa53b9c50c6c50a52f65648a7ee67ac581a9b83e,0.543,0.39171294053918315,-0.1512870594608169,0.31228500290488526,0.8600434702726417,0.23319505652082606,0.6331976481230213,0.5988240615106287,False,
947,prithivMLmods__Calcium-Opus-14B-Merge,2025-01-24 18:12:14+00:00,e4556bd7e9fc023bf7af72f90ba42df0540ec76f,0.5376,0.39171294053918315,-0.14588705946081681,0.29729423174894803,0.8148016537867239,0.21820428536488898,0.5323383084577115,0.5382180009045681,False,
948,ehristoforu__tmoe-v2,2025-01-24 20:09:24+00:00,6b6c65d2afd39253b674664da5235f0aa06849c0,0.2494,0.39171294053918315,0.14231294053918314,0.37068816314827696,1.2102304835344944,0.2915982167642198,0.9620081411126187,0.9701492537313433,False,
949,netcat420__Qwen2.5-MFANN-7b,2025-01-24 20:12:34+00:00,019c8e581c5def7ffdc6a4aba4fb2408a0547f96,0.4246,0.39171294053918315,-0.032887059460816825,0.27453101103234406,0.7114217805358852,0.1954410646482852,0.3966530981456355,0.40705563093622793,False,
950,prithivMLmods__Phi-4-Super-1,2025-01-24 20:39:38+00:00,2683de9fe0ce438cd8437c87ca8d6964c9ce4665,0.543,0.39171294053918315,-0.1512870594608169,0.31228500290488526,0.8600434702726417,0.23319505652082606,0.6331976481230213,0.5988240615106287,False,
951,nvidia__AceMath-1.5B-Instruct,2025-01-24 21:25:37+00:00,ad0dd68e08fcc6763f25e33f654e5264dc179a79,0.3234,0.39171294053918315,0.06831294053918313,0.2899683373920118,0.7901465400470854,0.210878391007952,0.4929895974672094,0.5124378109452736,False,
952,nvidia__AceMath-7B-RM,2025-01-24 21:30:01+00:00,24c618313f0db484806d084cce7b994a3d97a410,0.2036,0.39171294053918315,0.18811294053918315,0.37745027255911423,1.2316791644396086,0.2983603261750568,0.9796472184531886,0.9778380823156942,False,
953,icefog72__Ice0.64.1-24.01-RP,2025-01-24 21:33:18+00:00,0a1b3061b59c2d0a4038f0b36571d9be5aa790bf,0.4168,0.39171294053918315,-0.025087059460816852,0.2122418028539159,0.4394703306572548,0.13315185646985697,0.013568521031207599,0.014925373134328358,False,
954,nvidia__AceMath-7B-Instruct,2025-01-24 21:37:18+00:00,871e4b9f415e134ac08331bf58f0e48d9b561e22,0.3996,0.39171294053918315,-0.007887059460816859,0.23830347255179019,0.5502993320001265,0.15921352616773138,0.2157394843962008,0.229760289461782,False,
955,nvidia__AceInstruct-1.5B,2025-01-24 21:41:41+00:00,113aa84cb5d42a00c1418599b8c984820b5bf9eb,0.3178,0.39171294053918315,0.07391294053918313,0.28448964880855415,0.7537425890587277,0.20539970242449412,0.46178199909543194,0.46132971506105835,False,
956,nvidia__AceInstruct-7B,2025-01-24 21:49:11+00:00,692495e893e9ef8fc513b76841ea7f1eb5baad90,0.4336,0.39171294053918315,-0.04188705946081683,0.22077759648091447,0.4772695598719695,0.14168765009685558,0.07372229760289462,0.10085933966530981,False,
957,LightningRodLabs__Flashlight-v1.1,2025-01-24 22:39:43+00:00,1c240282e30a93f06a0b3d7a9302bfd25970c97f,0.5422,0.39171294053918315,-0.15048705946081686,0.2870416171441266,0.7323808801204355,0.20795167076006768,0.47806422433288104,0.43509724106739034,False,
958,Sakalti__ultiima-14B-v0.2,2025-01-24 23:08:00+00:00,8c90606f7cd51dce50c229a1d34b02b82113fefd,0.5692,0.39171294053918315,-0.1774870594608169,0.3175593810776576,0.8812522553680374,0.2384694346935989,0.6644052464947987,0.6304839439167798,False,
959,Sakalti__SJTPass-2,2025-01-25 00:25:56+00:00,17c1fb12ed7a8f5093205a2145cb399d3214afb4,0.2704,0.39171294053918315,0.12131294053918318,0.3462358301330894,1.067679152206381,0.26714588374903026,0.80958842152872,0.8091361374943464,False,
960,noname0202__llama-math-1b-r16-0to512tokens-test,2025-01-25 01:09:21+00:00,2bf23ea611a79d0024a7bf7b985ebd1f7da94b9b,0.3072,0.39171294053918315,0.08451294053918318,0.33625949156246704,1.0067343986273294,0.2571695451784083,0.770239710538218,0.7661691542288557,False,
961,DreadPoor__RPMash_V3-8B-Model_Stock,2025-01-25 01:39:00+00:00,da1afcbe2804f8aa577874936f682cecbcdcda8b,0.4394,0.39171294053918315,-0.04768705946081686,0.21097195013392717,0.4275256745418158,0.13188200374986805,0.011759384893713252,0.0067842605156037995,False,
962,netcat420__Qwen2.5-7b-nerd-uncensored-MFANN-slerp,2025-01-25 04:43:06+00:00,8138b3433b324a419abdfb70952414287941377d,0.2482,0.39171294053918315,0.14351294053918315,0.36476830653658493,1.174687762835634,0.2856783601525265,0.9289914066033469,0.9389416553595658,False,
963,grimjim__Llama-3.1-Bonsaikraft-8B-Instruct,2025-01-25 04:57:47+00:00,98fa356dcaf64ae926de2c6c136286dfcd8c0c5b,0.436,0.39171294053918315,-0.04428705946081685,0.2243261477954887,0.4880792116074256,0.14523620141142976,0.11442786069651742,0.1284486657620986,False,
964,mergekit-community__SuperQwen-2.5-1.5B,2025-01-25 05:20:34+00:00,ac3c3056f1bb8c402ec7c145cf49a7eb8f44490f,0.2366,0.39171294053918315,0.15511294053918315,0.3602393411387988,1.1469463155408053,0.2811493947547418,0.8855721393034826,0.900497512437811,False,
965,netcat420__Qwen2.5-7b-MFANN-slerp,2025-01-25 05:58:37+00:00,04f543afd393180511300452372e9369a031b52c,0.4396,0.39171294053918315,-0.04788705946081684,0.27675958659498634,0.716219673554464,0.1976696402109274,0.4075079149706015,0.4129353233830846,False,
966,Sakalti__SJTPass-5,2025-01-25 06:37:18+00:00,4894f02e9091c30fa4003494cd0ed39d6fe2aa86,0.254,0.39171294053918315,0.13771294053918315,0.36137162881955487,1.1589985036653403,0.2822816824354975,0.8991406603346902,0.9149706015377658,False,
967,icefog72__Ice0.65-25.01-RP,2025-01-25 06:50:49+00:00,cbdef4e85cab8520cdb27b7105805ebc044ba076,0.4186,0.39171294053918315,-0.026887059460816876,0.2104618928890926,0.4322929976113148,0.13137194650503348,0.008593396653098146,0.009045680687471733,False,
968,Sakalti__SJTPass-4,2025-01-25 06:52:09+00:00,51b24df9f1c058270235fdadeda92cdfa09fff97,0.2512,0.39171294053918315,0.14051294053918317,0.3665460891130018,1.1711559481639575,0.28745614272894315,0.9393939393939394,0.9348710990502035,False,
969,bunnycore__Qwen2.5-7B-R1-Bespoke-Task,2025-01-25 06:55:47+00:00,bda387c4766262ad50500869785837fb6be60905,0.3376,0.39171294053918315,0.05411294053918314,0.3015200449359993,0.8555810530220631,0.22243009855194096,0.5531433740388965,0.5902306648575305,False,
970,bunnycore__Qwen2.5-7B-R1-Bespoke-Stock,2025-01-25 06:59:41+00:00,285fb5343ff3cbf0d5b4f369dce5995035f2a478,0.3958,0.39171294053918315,-0.004087059460816833,0.27896969360289653,0.7314122179348103,0.19987974721883642,0.4233378561736771,0.43464495703301675,False,
971,DreadPoor__Yearn_V3-8B-Model_Stock,2025-01-25 07:47:34+00:00,dce6fc2244a4787b7487cc9e8268c0ee5dade6c8,0.456,0.39171294053918315,-0.06428705946081686,0.22851048147954411,0.4948222955014682,0.14942053509548583,0.14427860696517414,0.13749434644957034,False,
972,prithivMLmods__Llama-Express.1-Math,2025-01-25 08:10:22+00:00,397b82f3993728e5acb7c8cb227e3afade76dccd,0.2912,0.39171294053918315,0.10051294053918314,0.34093999328142005,1.0255111023468213,0.26185004689736135,0.7878787878787878,0.7783808231569426,False,
973,JayHyeon__Qwen_0.5-VDPO_5e-7-1ep_0alp_0lam,2025-01-25 09:34:20+00:00,a43efbbdd34c33a579e598436f4db5e6f611ee07,0.2676,0.39171294053918315,0.12411294053918315,0.36484593552068134,1.1514300748615585,0.28575598913662276,0.9298959746720941,0.9063772048846676,False,
974,bunnycore__Phi-4-Model-Stock-v4,2025-01-25 10:05:58+00:00,75f7a99861fc2cebd0a6858fd8cb9f2df6cf4da0,0.5938,0.39171294053918315,-0.20208705946081684,0.31961936884103265,0.8913891716404425,0.24052942245697415,0.6784260515603799,0.6517412935323383,False,
975,tianyil1__MistralForCausalLM_Cal_DPO,2025-01-25 10:12:43+00:00,f521d06183c0525009c6854d0a1e64ace7f67e41,0.3696,0.39171294053918315,0.022112940539183168,0.23348566369358892,0.5266758425872692,0.1543957173095302,0.1822704658525554,0.19538670284938942,False,
976,YOYO-AI__Qwen2.5-14B-YOYO-1010,2025-01-25 10:29:10+00:00,95f5956984dec1f3897a0c883114bca5983282e0,0.5044,0.39171294053918315,-0.11268705946081681,0.26128634528195366,0.6146750781329297,0.18219639889789513,0.34509271822704657,0.3138851198552691,False,
977,bunnycore__Qwen-2.5-7B-Stock-Deep-Bespoke,2025-01-25 10:33:32+00:00,32e3367543ea7bd583536171a36af8cec3531e0b,0.4132,0.39171294053918315,-0.02148705946081686,0.26940069682567025,0.6936612183180668,0.19031075044161125,0.3726820443238354,0.38670284938941657,False,
978,icefog72__Ice0.66-25.01-RP,2025-01-25 11:57:31+00:00,1264cea3f07961c52c64be9f74f2e85d0394966d,0.4212,0.39171294053918315,-0.029487059460816867,0.20726820340662822,0.42072346586943804,0.12817825702256913,0.0027137042062415195,0.0027137042062415195,False,
979,bunnycore__Qwen-2.5-7B-Deep-Stock-v1,2025-01-25 12:15:51+00:00,f39984a26d4c0350db7ab00ca174641b171a4f23,0.4568,0.39171294053918315,-0.06508705946081683,0.2485749636428823,0.6023661650406003,0.16948501725882392,0.28222523744911804,0.3034825870646766,False,
980,icefog72__Ice0.67-25.01-RP,2025-01-25 12:28:15+00:00,9da985a322b0b66d117227e023845ffc932947ae,0.4152,0.39171294053918315,-0.02348705946081686,0.2108415487363046,0.43398723384238563,0.13175160235224584,0.011307100859339666,0.010402532790592492,False,
981,SaisExperiments__RightSheep-Llama3.2-3B,2025-01-25 13:41:22+00:00,0d5c79cde60ba575372e058a03970a75194564be,0.3626,0.39171294053918315,0.029112940539183174,0.2886546987651576,0.7773614014181591,0.20956475238109842,0.48575305291723203,0.49525101763907736,False,
982,JayHyeon__Qwen_0.5-VIPO_5e-7-1ep_0alp_0lam,2025-01-25 14:03:25+00:00,6eeb1e83a3c035e1705aee4d756a06f3f750bff8,0.2718,0.39171294053918315,0.11991294053918317,0.36272481960522157,1.1498737929699165,0.2836348732211636,0.9145183175033921,0.9041157847127996,False,
983,prithivMLmods__Calcium-Opus-14B-Elite2,2025-01-25 15:05:46+00:00,481cb55eb4e8f2f7ada3856da05d1e2b1c0953a7,0.554,0.39171294053918315,-0.1622870594608169,0.3044369076215821,0.8493624164542912,0.22534696123752357,0.5680687471732248,0.5802804161013116,False,
984,prithivMLmods__Calcium-Opus-14B-Elite3,2025-01-25 15:12:22+00:00,5210ae22a423aaae9f4c4c5534e6fc58f860c273,0.5426,0.39171294053918315,-0.15088705946081682,0.2976705493148164,0.8030848280542804,0.21858060293075782,0.5336951605608322,0.5246494798733605,False,
985,prithivMLmods__Calcium-Opus-14B-Elite4,2025-01-25 15:30:25+00:00,8b8a4309f75874e16e6485f7e2dd26d3a07f243c,0.5304,0.39171294053918315,-0.13868705946081683,0.28495411742218907,0.7365849808303911,0.20586417103813032,0.4658525554047942,0.4418815015829941,False,
986,prithivMLmods__Calcium-Opus-14B-Elite-Stock,2025-01-25 16:52:47+00:00,b5c7c70989d9cc00bd7bb2d179bacd793ee8e818,0.5444,0.39171294053918315,-0.15268705946081684,0.2959990040612497,0.7923061837338686,0.21690905767719101,0.5264586160108549,0.5133423790140208,False,
987,Xiaojian9992024__Phi-4-mini-UNOFFICAL,2025-01-25 18:19:47+00:00,f6a8b874a5b0448a7acfe3046b8df7428e93e762,0.244,0.39171294053918315,0.14771294053918316,0.35573043733275356,1.1250890542677474,0.2766404909486951,0.845771144278607,0.8548168249660787,False,
988,mergekit-community__mergekit-dare_ties-ajgjgea,2025-01-25 20:54:16+00:00,a8bbbe9c6a81b44128c5fa79e3e7a8cf60b640a7,0.3024,0.39171294053918315,0.08931294053918315,0.33171626599936593,0.9879703467693698,0.25262631961530785,0.74400723654455,0.7498869289914066,False,
989,T145__ZEUS-8B-V26,2025-01-25 21:22:33+00:00,737c20acde7788e94239d1e12908847440917f17,0.4378,0.39171294053918315,-0.04608705946081687,0.2289882540671372,0.4871389834062554,0.14989830768307882,0.14880144730890998,0.12618724559023067,False,
990,icefog72__Ice0.69-25.01-RP,2025-01-25 22:04:37+00:00,96a3089b14eb09beeef212c2e3418c66b411c718,0.4186,0.39171294053918315,-0.026887059460816876,0.20655325254684895,0.4202424651241511,0.1274633061627896,0.0018091361374943465,0.002261420171867933,False,
991,icefog72__Ice0.68-25.01-RP,2025-01-25 22:07:47+00:00,9aa7d3822b1c4237dc87e2ad3ff15e4acf359c94,0.4244,0.39171294053918315,-0.03268705946081685,0.2091546593831465,0.4305100130382895,0.13006471299908753,0.005879692446856626,0.008141112618724558,False,
992,Sakalti__ultiima-14B-v0.3,2025-01-25 23:18:05+00:00,203952dfe04713769e5f2bfaa07cc6ebe5de13d6,0.5608,0.39171294053918315,-0.1690870594608168,0.3181815218348887,0.8903170252390573,0.2390915754508302,0.6716417910447762,0.6490275893260968,False,
993,nvidia__AceInstruct-72B,2025-01-25 23:44:41+00:00,62bd40114cddc160ccdc7f31ac8144ad65733349,0.4906,0.39171294053918315,-0.09888705946081683,0.2542246188836009,0.6084303594060013,0.1751346724995419,0.30845771144278605,0.30574400723654455,False,
994,JayHyeon__Qwen_0.5-VDPO_5e-7-3ep_0alp_0lam,2025-01-26 01:45:00+00:00,163cd121c3393cf16c9be43c798111d4a2a8157c,0.2692,0.39171294053918315,0.12251294053918316,0.3655118337148208,1.1554792956441673,0.28642188733076257,0.9330619629127092,0.9118046132971506,False,
995,JayHyeon__Qwen_0.5-VIPO_5e-7-3ep_0alp_0lam,2025-01-26 01:45:45+00:00,dcc309936f638f4fdb5a94e6a9f1a7b56e758e0e,0.2724,0.39171294053918315,0.11931294053918318,0.3622546105365068,1.155275702343966,0.28316466415244984,0.9086386250565355,0.911352329262777,False,
996,icefog72__Ice0.70-25.01-RP,2025-01-26 01:59:46+00:00,8bc01da6f5c91fad8195b1c1e39690150814c2ce,0.424,0.39171294053918315,-0.032287059460816836,0.20829470822120874,0.4269856448024153,0.1292047618371497,0.004070556309362279,0.005879692446856626,False,
997,nvidia__AceMath-72B-Instruct,2025-01-26 02:08:21+00:00,4ee913986e59cb8c0032856573d5375cc2b40652,0.4842,0.39171294053918315,-0.09248705946081687,0.2282842925262938,0.49663506256895223,0.1491943461422352,0.14020805065581185,0.14111261872455902,False,
998,YOYO-AI__Qwen2.5-14B-YOYO-1005,2025-01-26 02:27:50+00:00,b1677f401a2b194f482fd2adcce8487d1b5bc3f6,0.5446,0.39171294053918315,-0.15288705946081682,0.29388989798559856,0.7793015011562754,0.2147999516015398,0.5165083672546359,0.49841700587969245,False,
999,JayHyeon__Qwen_0.5-IPO_5e-7-1ep_0alp_0lam,2025-01-26 04:28:14+00:00,5dcb9caada3ac242a490e21a3074e42a7cb5a512,0.2678,0.39171294053918315,0.12391294053918317,0.3611412515434073,1.1388489345118606,0.2820513051593482,0.8964269561284487,0.8873812754409769,False,
1000,JayHyeon__Qwen_0.5-IPO_5e-7-3ep_0alp_0lam,2025-01-26 04:48:23+00:00,27d9ddb654fd2bb6d85abebcf88579b3284df3ce,0.2754,0.39171294053918315,0.11631294053918317,0.35554047567846425,1.1245699148365829,0.2764505292944069,0.8448665762098598,0.8534599728629579,False,
1001,noname0202__Llama-3.2-4x3B-Instruct,2025-01-26 05:16:59+00:00,f7514bc2b0462123692d9fb6703f13df2da301d9,0.4034,0.39171294053918315,-0.011687059460816829,0.2798306188964154,0.7187548871808818,0.20074067251235614,0.4292175486205337,0.41700587969244685,False,
1002,jaspionjader__Kosmos-EVAA-immersive-sof-v44-8B,2025-01-26 05:47:18+00:00,fe02a65c9d640069d661e3b1996a23724e4bc72f,0.4264,0.39171294053918315,-0.03468705946081685,0.22103493122160822,0.4715219936186808,0.14194498483754894,0.07643600180913614,0.0814111261872456,False,
1003,jaspionjader__sof-10,2025-01-26 05:50:21+00:00,8753e1f5f96dfa50ba73a25083615b0e04edd142,0.428,0.39171294053918315,-0.03628705946081684,0.22050430603923737,0.4673612196880343,0.14141435965517826,0.07146087743102668,0.06784260515603799,False,
1004,jaspionjader__sof-6,2025-01-26 05:52:47+00:00,60fb410a8e46bbab901ae8db94bf3fab1d3b1075,0.4326,0.39171294053918315,-0.04088705946081683,0.22408048828108335,0.4821154169164953,0.1449905418970242,0.11261872455902307,0.11714156490275893,False,
1005,jaspionjader__sof-3,2025-01-26 05:55:05+00:00,ae349feed16de80118aab514926a4bef50d32511,0.43,0.39171294053918315,-0.03828705946081684,0.22162980505647661,0.47382237836847635,0.14253985867241753,0.08412483039348712,0.09000452284034374,False,
1006,jaspionjader__sof-1,2025-01-26 05:59:41+00:00,b02ac0f176ce680a742d8673ddea731f6b14f922,0.4134,0.39171294053918315,-0.021687059460816838,0.2344731879085359,0.5274184916507586,0.15538324152447688,0.1895070104025328,0.19719583898688375,False,
1007,bunnycore__Qwen-2.5-7B-Deep-Stock-v4,2025-01-26 10:16:52+00:00,45426723a1c498660ebccded4ec6302898971941,0.4406,0.39171294053918315,-0.04888705946081684,0.2547181725228854,0.6053037844937699,0.1756282261388265,0.3116236996834012,0.3043871551334238,False,
1008,djuna__MN-Chinofun-12B-4,2025-01-26 11:30:33+00:00,e0740638e69b8a0891addf7275a364ac93de8d82,0.441,0.39171294053918315,-0.04928705946081685,0.22743262712016535,0.496828107374753,0.14834268073610632,0.13568521031207598,0.1420171867933062,False,
1009,Sakalti__ultiima-72B-v1.5,2025-01-26 11:57:27+00:00,3a0156f13d2672029752f048b87a18f0a66ccffc,0.6346,0.39171294053918315,-0.2428870594608169,0.32769725668300914,0.9423332874224112,0.24860731029895086,0.7186793306196291,0.7127996381727725,False,
1010,Steelskull__L3.3-Nevoria-R1-70b,2025-01-26 14:42:12+00:00,e0c1bc00a35f83088bf5b3b4e6f8a4c285732ed0,0.621,0.39171294053918315,-0.22928705946081684,0.34328343656499005,0.9998260459636394,0.2641934901809304,0.7969244685662596,0.7584803256445047,False,
1011,Nitral-AI__Hathor_Tahsin-L3-8B-v0.85,2025-01-26 15:05:46+00:00,17cb1720ea529809e4cc06c5b223b15475a9e1e7,0.4386,0.39171294053918315,-0.04688705946081684,0.2165963979266717,0.4454611577881061,0.13750645154261285,0.033921302578018994,0.024423337856173677,False,
1012,DreadPoor__Minthy-8B-Model_Stock,2025-01-26 15:15:47+00:00,55dace2d43d490c43ec81e8102f950aad646d3bd,0.4666,0.39171294053918315,-0.07488705946081686,0.23607680661436867,0.5312049480007018,0.1569868602303098,0.20307553143374038,0.20352781546811397,False,
1013,Nitral-AI__Nera_Noctis-12B,2025-01-26 15:21:59+00:00,cdfc7d11daa0f481bcbf83d27732ec855652dae6,0.413,0.39171294053918315,-0.021287059460816826,0.26204906868244476,0.6268271578742883,0.1829591222983857,0.3473541383989145,0.3242876526458616,False,
1014,DreadPoor__Minthy_ALT-8B-Model_Stock,2025-01-26 15:43:03+00:00,d898b0d7140f52eab1d140568884a83b3063ce26,0.4556,0.39171294053918315,-0.06388705946081685,0.22461549928202235,0.4844907640931098,0.14552555289796348,0.11759384893713253,0.12302125734961555,False,
1015,Qwen__Qwen2.5-7B-Instruct-1M,2025-01-26 17:48:50+00:00,ac6573ddc789b5f903de6033077d7c0a8c7e885b,0.4422,0.39171294053918315,-0.05048705946081683,0.2528396646367744,0.6010527252126829,0.17374971825271554,0.30257801899592945,0.30212573496155587,False,
1016,ontocord__RedPajama3b_v1-autoredteam_helpfulness-train,2025-01-26 18:14:05+00:00,688d8e7319d79dce498a10f37d39aa2e3b3193c6,0.2626,0.39171294053918315,0.12911294053918315,0.34566007723266806,1.0964192087290046,0.2665701308486097,0.8059701492537313,0.8258706467661692,False,
1017,Qwen__Qwen2.5-14B-Instruct-1M,2025-01-26 18:25:39+00:00,4e322595c3174f075969bb6d0be4865fe9e1d898,0.502,0.39171294053918315,-0.11028705946081685,0.2705740516014774,0.664001972209928,0.191484105217419,0.3776571687019448,0.3618272274988693,False,
1018,Danielbrdz__Barcenas-R1-Qwen-1.5b,2025-01-26 19:17:20+00:00,78b661cadbeceb3434b0a484cddfb08ec10df5cf,0.3294,0.39171294053918315,0.062312940539183126,0.3372701989974014,1.012238290143743,0.25818025261334243,0.7743102668475803,0.7706919945725916,False,
1019,DreadPoor__Minthy_V2-8B-Model_Stock,2025-01-26 19:23:51+00:00,43871ffef17fd72efdb5a65c5477a5e5c7db3387,0.4632,0.39171294053918315,-0.07148705946081685,0.22385069603386404,0.47632107723989947,0.14476074964980543,0.1112618724559023,0.09678878335594754,False,
1020,Danielbrdz__Barcenas-14b-phi-4,2025-01-26 19:24:20+00:00,764c72c644d7789e958c52310e2883b86b3f0cc3,0.5314,0.39171294053918315,-0.13968705946081683,0.3095891992931194,0.8352373797332421,0.23049925290905995,0.6142017186793306,0.5621890547263682,False,
1021,hotmailuser__Deepseek-qwen-modelstock-2B,2025-01-26 19:33:28+00:00,b527a19c2b5b8b45742114491e9dc8c328a90ce9,0.3126,0.39171294053918315,0.07911294053918316,0.3428751190251783,1.0378319820805255,0.26378517264111995,0.7951153324287653,0.7905924920850294,False,
1022,hotmailuser__FalconSlerp6-7B,2025-01-26 19:40:13+00:00,8658aefbd291836fd22468229696bbb1386ac4c9,0.4604,0.39171294053918315,-0.06868705946081682,0.2604808317470924,0.6441375382955372,0.18139088536303372,0.3383084577114428,0.3414744459520579,False,
1023,hotmailuser__Phi4-Slerp4-14B,2025-01-26 19:43:08+00:00,06d66f1d593808911b361e12cdb7ac58a5f02d62,0.5446,0.39171294053918315,-0.15288705946081682,0.3160947307167614,0.8755722155676402,0.23700478433270236,0.6571687019448214,0.6223428312980552,False,
1024,CausalLM__preview-1-hf,2025-01-26 19:50:45+00:00,e0a404fa212819f8c4fd6f79f2e4e5ce1021c5ea,0.3164,0.39171294053918315,0.07531294053918314,0.3288282977737737,0.9734293498641706,0.24973835138971504,0.7245590230664858,0.7336047037539575,False,
1025,T145__ZEUS-8B-V27,2025-01-26 19:55:42+00:00,71f3e3e695f7c6807420913ba7344f2739f3ce3e,0.4452,0.39171294053918315,-0.05348705946081683,0.2326320477414331,0.5024402149708124,0.15354210135737445,0.17458163726820444,0.1524197195838987,False,
1026,icefog72__IceNalyvkaRP-7b,2025-01-26 21:40:07+00:00,8d971c1f95c0d850973d0f2f42b5ce4bb4a701ef,0.4242,0.39171294053918315,-0.03248705946081687,0.20846772658463433,0.4275109390308949,0.12937778020057536,0.004522840343735866,0.006331976481230212,False,
1027,bunnycore__Qwen2.5-7B-RRP-1M,2025-01-26 22:10:42+00:00,997730ec95a90e7441ba7a58f9119829cea899fe,0.4862,0.39171294053918315,-0.09448705946081687,0.26774424201868247,0.683116297978053,0.1886542956346236,0.365445499773858,0.37630031659882407,False,
1028,nvidia__AceMath-72B-RM,2025-01-26 22:33:07+00:00,eada3f6185b299561514ff25734dc8475839ad98,0.224,0.39171294053918315,0.16771294053918315,0.3656667353678458,1.1784916881064293,0.28657678898378847,0.9335142469470827,0.9416553595658074,False,
1029,DreadPoor__Kindling-8B-Model_Stock,2025-01-26 23:31:45+00:00,223ae37d16abfa93cf033e1ff8819e6077a264ad,0.4694,0.39171294053918315,-0.07768705946081683,0.22889638714241758,0.4977768373502474,0.1498064407583595,0.14744459520578923,0.14337403889642697,False,
1030,mergekit-community__mergekit-ties-rraxdhv,2025-01-27 00:10:21+00:00,89c2d13be9860044b399104c2af9911b3fdd2bf9,0.3974,0.39171294053918315,-0.0056870594608168235,0.22814677173613476,0.5065645641775968,0.14905682535207546,0.1383989145183175,0.16010854816824965,False,
1031,DreadPoor__Laughing_Stock-8B-Model_Stock,2025-01-27 00:42:42+00:00,e78209311e8aa4eaffdd88f81268a9398e003839,0.4594,0.39171294053918315,-0.06768705946081682,0.22485623322232517,0.47639467490747756,0.14576628683826667,0.11940298507462686,0.09724106739032112,False,
1032,TheDrunkenSnail__Mother-of-Rhodia-12B,2025-01-27 01:11:39+00:00,de71662ed47363946df67bf1ab49e5dfc44e6849,0.4188,0.39171294053918315,-0.027087059460816854,0.2518713552578062,0.5962450062410318,0.17278140887374685,0.29579375848032563,0.2962460425146992,False,
1033,netease-youdao__Confucius-o1-14B,2025-01-27 03:09:17+00:00,6bf0637bf4b4cb78d993c872dd298f4785c8553e,0.5106,0.39171294053918315,-0.1188870594608169,0.2674710599472502,0.6542053591178363,0.18838111356319195,0.36408864767073723,0.3509724106739032,False,
1034,DoppelReflEx__MN-12B-Mimicore-WhiteSnake,2025-01-27 04:00:37+00:00,db01772ccd23c05d6a2b81980acc40b0ae6f57f1,0.4566,0.39171294053918315,-0.06488705946081685,0.247902477660262,0.5802415533534203,0.16881253127620274,0.27905924920850295,0.2731795567616463,False,
1035,DoppelReflEx__MN-12B-Mimicore-GreenSnake,2025-01-27 04:06:46+00:00,cc9b5beec6514b311e7bc11c6145d7754e5ceaff,0.452,0.39171294053918315,-0.06028705946081686,0.25069593405323565,0.590642885169878,0.17160598766917654,0.2935323383084577,0.2872003618272275,False,
1036,grimjim__SauerHuatuoSkywork-o1-Llama-3.1-8B,2025-01-27 08:10:09+00:00,38685bdb807ce70b0f0ef5b3b854fdb4c65d267e,0.4426,0.39171294053918315,-0.05088705946081684,0.24798201703301706,0.5829202330953672,0.16889207064895773,0.2804161013116237,0.27951153324287653,False,
1037,Spestly__Atlas-Pro-1.5B-Preview,2025-01-27 08:36:28+00:00,6712176b3ecc9922e01c471448e91eabd9eca16d,0.3212,0.39171294053918315,0.07051294053918317,0.34108596279499104,1.0387648755671046,0.26199601641093107,0.7883310719131614,0.7914970601537765,False,
1038,Spestly__Atlas-Pro-7B-Preview,2025-01-27 08:37:13+00:00,dfaac60f9168cdc081f794fd19b794f9f60b380a,0.421,0.39171294053918315,-0.029287059460816833,0.305714449564553,0.8888613827007057,0.22662450318049376,0.5793758480325645,0.6458616010854816,False,
1039,jpacifico__Lucie-Boosted-7B-Instruct,2025-01-27 08:39:23+00:00,c54ca6ba267b3ed18f3042df60da2483ef96c610,0.288,0.39171294053918315,0.10371294053918317,0.34463508150658484,1.0635162500705069,0.26554513512252725,0.8009950248756219,0.8046132971506106,False,
1040,SicariusSicariiStuff__Impish_QWEN_14B-1M,2025-01-27 08:39:59+00:00,3f39239e53bebb51258b491ce5dcf837bc940ed5,0.5442,0.39171294053918315,-0.15248705946081687,0.30121579633502,0.8139197702862743,0.2221258499509615,0.5508819538670285,0.5368611488014473,False,
1041,sthenno__tempesthenno-nuslerp-0124,2025-01-27 08:41:33+00:00,17b7bc56705eccb333747c3f7d057d1e37b904f3,0.579,0.39171294053918315,-0.1872870594608168,0.32989420302500505,0.9473561803190201,0.25080425664094586,0.7327001356852103,0.7150610583446404,False,
1042,jpacifico__Chocolatine-2-14B-Instruct-v2.0b3,2025-01-27 08:52:50+00:00,c7cc8225f5a97dceca4c20aec4f0be02154dea7b,0.5714,0.39171294053918315,-0.17968705946081687,0.31777127486000384,0.8869930150242169,0.23868132847594542,0.6666666666666666,0.642243328810493,False,
1043,silma-ai__SILMA-Kashif-2B-Instruct-v1.0,2025-01-27 09:10:44+00:00,86450e0b74b059f060e92fc2b1defca806bb045e,0.3114,0.39171294053918315,0.08031294053918314,0.30104354941055506,0.8225513516161762,0.2219536030264961,0.550429669832655,0.5463591135232926,False,
1044,EleutherAI__pythia-1b,2025-01-27 10:10:37+00:00,94dc7dd5716bf7d12d00de761d988469ead2ed19,0.252,0.39171294053918315,0.13971294053918315,0.3662848571342758,1.1662299372906946,0.28719491075021675,0.9362279511533242,0.9280868385345997,False,
1045,YOYO-AI__Qwen2.5-14B-YOYO-0805,2025-01-27 10:13:50+00:00,0a3450e69d53fb731a8eb1cd2bc58cb3ecd24d1c,0.545,0.39171294053918315,-0.1532870594608169,0.2959820848370179,0.7871340421340266,0.21689213845295907,0.5255540479421077,0.5074626865671642,False,
1046,prithivMLmods__Bellatrix-1.5B-xElite,2025-01-27 10:31:53+00:00,091f7446efb3794434a8f19b594f091eeb408276,0.2922,0.39171294053918315,0.09951294053918314,0.3416923870268591,1.0371820289237048,0.26260244064280114,0.7892356399819086,0.7901402080506558,False,
1047,Triangle104__DS-R1-Distill-Q2.5-7B-RP,2025-01-27 13:37:27+00:00,b0dc8c4d051e5759971b98c0dda45e2161bbdf7d,0.3892,0.39171294053918315,0.0025129405391831616,0.3096883481027836,0.8952250869603003,0.23059840171872406,0.6155585707824514,0.6612392582541836,False,
1048,Triangle104__Chatty-Harry_V3.0,2025-01-27 13:40:22+00:00,2a14d5e767e6d5afd8ea00e5558b3d97dc9c0552,0.4492,0.39171294053918315,-0.057487059460816836,0.23149073485167843,0.505332044028565,0.1524007884676194,0.16689280868385345,0.15739484396200815,False,
1049,Triangle104__Hermes3-L3.1-DirtyHarry-8B,2025-01-27 13:44:32+00:00,2e00526ad9123afe16006207aaa544b3b8f2830f,0.399,0.39171294053918315,-0.007287059460816869,0.2264621199624796,0.4981127385209036,0.14737217357842045,0.12890094979647218,0.14382632293080055,False,
1050,Triangle104__Chatty-Harry_V2.0,2025-01-27 13:48:44+00:00,ef1c9b666e5a781c191b3456ecb28903de6b4485,0.4378,0.39171294053918315,-0.04608705946081687,0.24531463074684393,0.5664710867995535,0.16622468436278418,0.25870646766169153,0.2573496155585708,False,
1051,Triangle104__Q2.5-Humane-RP,2025-01-27 13:49:52+00:00,d3be244b9ae693977ff740cd941837d64344f42b,0.4844,0.39171294053918315,-0.09268705946081685,0.2758492293578286,0.7140257369242508,0.1967592829737704,0.4016282225237449,0.4097693351424695,False,
1052,Triangle104__Q2.5-EvaHumane-RP,2025-01-27 14:09:31+00:00,25b8d67cdce20869d899007a90ee71cbf431eb20,0.4584,0.39171294053918315,-0.06668705946081682,0.2556348354061805,0.6407132593697857,0.17654488902212176,0.31614654002713705,0.33695160560832205,False,
1053,Triangle104__Minerva-1.5b,2025-01-27 14:14:17+00:00,b91455706f9f2362ea3637d98a3a4c25687433ae,0.3338,0.39171294053918315,0.057912940539183166,0.3035322722750467,0.8454224651122165,0.22444232589098678,0.5644504748982361,0.574400723654455,False,
1054,Triangle104__Minerva-1.5b_V0.2,2025-01-27 14:18:45+00:00,054c8c6c8b9fbeed86aa2845c26846af8baec9b6,0.3322,0.39171294053918315,0.05951294053918316,0.2864470008105486,0.7556682201126734,0.2073570544264897,0.47444595205789236,0.46449570330167345,False,
1055,Triangle104__Hermes-Llama-3.2-CoT,2025-01-27 14:22:26+00:00,abc3969059227f95533f77cde9428765e1749d4a,0.383,0.39171294053918315,0.008712940539183145,0.2694527214455073,0.6811367461027634,0.1903627750614475,0.373134328358209,0.3753957485300769,False,
1056,Triangle104__Phi-4-AbliteratedRP,2025-01-27 14:22:33+00:00,9badfa0b2beb09ccd10eed35787316f02ff03c5c,0.5644,0.39171294053918315,-0.17268705946081686,0.3180143376898954,0.8857748352630636,0.23892439130583762,0.668475802804161,0.6363636363636364,False,
1057,Triangle104__Minerva-7b,2025-01-27 14:26:00+00:00,a67a5c2b5e971e8569e2248099e4641335a5dd31,0.457,0.39171294053918315,-0.06528705946081687,0.26210775843649575,0.6630845961691292,0.18301781205243792,0.34780642243328813,0.36001809136137497,False,
1058,Triangle104__Hermes-Llama-3.2-CoT-Summary,2025-01-27 14:30:07+00:00,8c6a764cf1427fed47d8dce23edbbbb2398cd7e2,0.3566,0.39171294053918315,0.03511294053918318,0.28454652468929587,0.7554666724691222,0.20545657830523673,0.4622342831298055,0.46404341926729986,False,
1059,Triangle104__Minerva-8b,2025-01-27 14:38:43+00:00,ad2feb5cd23d8ad214e11e19c2f2275d4f1ded93,0.3628,0.39171294053918315,0.02891294053918314,0.2611537645136525,0.6521261817011654,0.1820638181295943,0.34328358208955223,0.3487109905020353,False,
1060,Triangle104__Herodotos-14B,2025-01-27 14:38:57+00:00,146d0a9b5daa71f6897308abab7ed55949472ee5,0.5614,0.39171294053918315,-0.16968705946081686,0.3128555202773944,0.8870735945820996,0.23376557389333516,0.6363636363636364,0.6426956128448665,False,
1061,Triangle104__Minerva-10b,2025-01-27 14:44:43+00:00,a7d50e306b340b40cb7b6f86ac307cca0270d94c,0.3492,0.39171294053918315,0.04251294053918314,0.2807945315364693,0.7409126092260765,0.20170458515241024,0.43419267299864317,0.4459520578923564,False,
1062,Triangle104__Dolphin3-Llama3.2-Smart,2025-01-27 14:48:05+00:00,844359477e04d2689c010faa3168575fe2968835,0.3326,0.39171294053918315,0.059112940539183145,0.2992658025015752,0.8182719447601193,0.22017585611751575,0.5427408412483039,0.5422885572139303,False,
1063,Triangle104__Annunaki-12b,2025-01-27 14:58:30+00:00,f77121002d6cba0d92d54753e7bd73b33c58a08d,0.4534,0.39171294053918315,-0.06168705946081687,0.23107525569390924,0.507856473437799,0.1519853093098501,0.16191768430574402,0.1623699683401176,False,
1064,Triangle104__DS-R1-Llama-8B-Harmony,2025-01-27 15:05:07+00:00,59c18554b47387277159c449a33ced80908b5ef4,0.3678,0.39171294053918315,0.023912940539183136,0.3354138605183858,1.0140025390771248,0.25632391413432637,0.7657168701944821,0.7715965626413388,False,
1065,Triangle104__Distilled-Whiskey-8b,2025-01-27 15:07:36+00:00,ce6edea0c9bc8281419c161590bdd37be8f0dd10,0.4288,0.39171294053918315,-0.03708705946081686,0.2605963662029874,0.6490372571078615,0.18150641981892882,0.33966530981456355,0.34509271822704657,False,
1066,Triangle104__Q2.5-EVACOT-7b,2025-01-27 15:08:17+00:00,2aa8ba504e3e417123a52dae3491a23105ee29cc,0.4604,0.39171294053918315,-0.06868705946081682,0.24730246494095048,0.5994039687565379,0.16821251855689182,0.2749886928991407,0.30031659882406153,False,
1067,Triangle104__Q2.5-AthensCOT,2025-01-27 15:11:27+00:00,027b89f52a651dc8921c4d9676dca49f48f0ed75,0.4644,0.39171294053918315,-0.07268705946081683,0.2756280357384099,0.717817984533718,0.19653808935435133,0.40072365445499775,0.4151967435549525,False,
1068,Triangle104__Minerva-14b,2025-01-27 15:17:06+00:00,424b473d7627e82d6a253acad1d4f0f3e037046c,0.5342,0.39171294053918315,-0.14248705946081686,0.29288739054317964,0.7738147840941083,0.21379744415912086,0.5092718227046585,0.4889190411578471,False,
1069,Triangle104__DS-Distilled-Hermes-Llama-3.1,2025-01-27 15:23:31+00:00,ac24df547a44df0d37f6e54e61a44bdb23f7b2cf,0.4338,0.39171294053918315,-0.04208705946081687,0.26524319924588,0.6908543073646101,0.1861532528618206,0.3568521031207598,0.3835368611488014,False,
1070,Triangle104__DS-R1-Distill-Q2.5-10B-Harmony,2025-01-27 15:36:14+00:00,322fb7da877ac98bc08891af57f07f15f435ec5f,0.215,0.39171294053918315,0.17671294053918316,0.364434573914895,1.161181267201847,0.28534462753083734,0.9262777023971054,0.919041157847128,False,
1071,FlofloB__smollm2-135M_pretrained_1200k_fineweb_uncovai_human_removed,2025-01-27 15:39:44+00:00,10f67d817bcb26b49db9a86edf0f1f9ad0669e7f,0.2418,0.39171294053918315,0.14991294053918316,0.3505056117049856,1.089522516359251,0.271415665320928,0.8245137946630484,0.8222523744911805,False,
1072,FlofloB__smollm2-135M_pretrained_1000k_fineweb_uncovai_human_removed,2025-01-27 15:42:54+00:00,c92092742fca428474e413a8120c911dd7d6feba,0.2456,0.39171294053918315,0.14611294053918314,0.35806061047532906,1.1180783847445865,0.2789706640912703,0.8634102216191768,0.8430574400723655,False,
1073,DreadPoor__Sun-8B-Model_Stock,2025-01-27 15:46:14+00:00,9f106f9f6a25c8935a61492066675e87f0c64baa,0.46,0.39171294053918315,-0.06828705946081687,0.2304807851608795,0.5040592283283176,0.15139083877682147,0.15694255992763456,0.15422885572139303,False,
1074,Triangle104__Minerva-14b-V0.1,2025-01-27 15:46:42+00:00,2bd3d728bf57e558f17e0ca57adf84bfc48dd368,0.508,0.39171294053918315,-0.11628705946081686,0.29900796623112097,0.7987627149124795,0.21991801984706144,0.540479421076436,0.5210312075983717,False,
1075,prithivMLmods__Calcium-Opus-14B-Elite-1M,2025-01-27 16:20:13+00:00,f281c6b320072c164c4f3296504d7bf579d259b4,0.542,0.39171294053918315,-0.15028705946081689,0.2879376316916064,0.7671573808319894,0.20884768530754735,0.4830393487109905,0.4794210764360018,False,
1076,prithivMLmods__COCO-7B-Instruct-1M,2025-01-27 16:36:38+00:00,658ab4be493a1d9622a783dbfcc5726e22cdfe0e,0.4644,0.39171294053918315,-0.07268705946081683,0.26726334629914306,0.6901235168683868,0.1881733999150846,0.3618272274988693,0.38263229308005425,False,
1077,SicariusSicariiStuff__Impish_QWEN_7B-1M,2025-01-27 16:41:57+00:00,132f459dcdf6ef24f85f73532fe94f3bd63f4b91,0.4676,0.39171294053918315,-0.07588705946081686,0.26627681721461655,0.6711366181320957,0.18718687083055766,0.36047037539574855,0.3681592039800995,False,
1078,YOYO-AI__Qwen2.5-14B-YOYO-0505,2025-01-27 16:50:11+00:00,37be17345b99e5732c686e0d459eb967642cf988,0.545,0.39171294053918315,-0.1532870594608169,0.2959820848370179,0.7871340421340266,0.21689213845295907,0.5255540479421077,0.5074626865671642,False,
1079,prithivMLmods__Bellatrix-Tiny-1B-v2,2025-01-27 17:06:05+00:00,2c34b7e0e16839488af9e59b5b3cc0d8e64df7d7,0.2646,0.39171294053918315,0.12711294053918315,0.34462286991847746,1.0429536025346555,0.2655329235344197,0.8005427408412483,0.793306196291271,False,
1080,DreadPoor__BulkUp,2025-01-27 17:16:57+00:00,0ce9cda2fe13d69d7490bfa360e2bef7617ba228,0.2394,0.39171294053918315,0.15231294053918315,0.37437563291322673,1.2098880014006224,0.29528568652916803,0.9733152419719584,0.9696969696969697,False,
1081,ontocord__starcoder2_3b-AutoRedteam,2025-01-27 17:29:07+00:00,8b5071e131ba39fdc1f7f770541babd7a35055f9,0.2782,0.39171294053918315,0.11351294053918315,0.3618637132056619,1.1460177276211863,0.28277376682160377,0.905924920850294,0.8991406603346902,False,
1082,cloudyu__Llama-3.2-3Bx4,2025-01-27 18:16:41+00:00,44e98dcfeaabdca00d7256a6e98534bc80d06fc3,0.3674,0.39171294053918315,0.024312940539183148,0.27633748136083447,0.7146763474671091,0.1972475349767753,0.40479421076436,0.41112618724559025,False,
1083,prithivMLmods__Taurus-Opus-7B,2025-01-27 18:52:39+00:00,31774cb5011a2d405235f52e89bba47b83363203,0.4462,0.39171294053918315,-0.054487059460816833,0.2683814221577393,0.674159541276118,0.1892914757736807,0.3681592039800995,0.36951605608322025,False,
1084,bunnycore__DeepSeek-R1-Distill-Qwen-7B-RRP-Ex,2025-01-27 19:38:52+00:00,d8b41466eed797bf3e213a1e142f858aed036686,0.2992,0.39171294053918315,0.09251294053918313,0.3298711671423894,1.007484450318771,0.25078122075833165,0.7322478516508367,0.7670737222976028,False,
1085,DreadPoor__test,2025-01-27 19:47:17+00:00,cdce960d38e3e382823a59ba4ca50e8b6ec6ca19,0.4176,0.39171294053918315,-0.025887059460816875,0.229045012366526,0.49268466892436447,0.14995506598246802,0.14925373134328357,0.13387607417458164,False,
1086,sthenno__tempesthenno-nuslerp-001,2025-01-27 20:00:48+00:00,b9f26f8ddab3cc910c0215d0f94b491ec3566a5c,0.5684,0.39171294053918315,-0.17668705946081686,0.3073795306278921,0.8408722312488297,0.22828958424383355,0.5933966530981456,0.5689733152419719,False,
1087,sthenno__tempesthenno-ppo-ckpt40,2025-01-27 20:01:52+00:00,429d6b07ebb4bcf95a381ca3d87e2c5b1035185d,0.5692,0.39171294053918315,-0.1774870594608169,0.3073166886959533,0.8382606008934296,0.22822674231189427,0.5924920850293984,0.566711895070104,False,
1088,sthenno__tempesthenno-0120,2025-01-27 21:20:47+00:00,4257ca0990348919efe4ed5b587d9c4b37493f80,0.5434,0.39171294053918315,-0.15168705946081684,0.31513529165628273,0.8652536711803772,0.23604534527222362,0.6508367254635912,0.6078697421981004,False,
1089,ehristoforu__moremerge,2025-01-27 21:41:21+00:00,614e77ae162ecd4f9f44445dc5156c7647ca3ab9,0.2462,0.39171294053918315,0.14551294053918315,0.355510272098698,1.1101335863844655,0.2764203257146389,0.8435097241067391,0.8335594753505201,False,
1090,ehristoforu__moremerge-upscaled,2025-01-27 21:52:46+00:00,23e5b9583b1325e778127f6d5427247c6ce7bfa4,0.227,0.39171294053918315,0.16471294053918314,0.3740108881529194,1.2157315729418736,0.2949209417688607,0.9724106739032112,0.973767526006332,False,
1091,bunnycore__Qwen2.5-7B-RRP-ID,2025-01-27 21:55:06+00:00,b31f6dbbb3d1d19105c3f4242be3752179c5d76a,0.4378,0.39171294053918315,-0.04608705946081687,0.24688838619369957,0.5725339154823323,0.16779843980964107,0.2731795567616463,0.2672998643147897,False,
1092,nlpguy__Lion-Lamarck-v.1.0.8,2025-01-27 21:59:36+00:00,005b2a6ba50370490716aab809f5f7bedf505a02,0.5098,0.39171294053918315,-0.11808705946081688,0.2904903406227233,0.8054988459989715,0.21140039423866425,0.49570330167345095,0.5282677521483492,False,
1093,rsh345__mistral-ft-optimized-1218-NeuralHermes-2.5-Mistral-7B,2025-01-27 23:02:50+00:00,84ba88c6294229fc78d8653f4767656ab83500e0,0.4206,0.39171294053918315,-0.028887059460816822,0.21405436416673015,0.44403813903676737,0.1349644177826712,0.020805065581184983,0.021709633649932156,False,
1094,ozone-ai__0x-lite,2025-01-28 03:24:22+00:00,54eec161ad3d366ca15eee789a50926c41c37313,0.5138,0.39171294053918315,-0.12208705946081688,0.2610900124928445,0.6135261307236419,0.1820000661087853,0.34237901402080506,0.3116236996834012,False,
1095,Triangle104__DS-R1-Distill-Q2.5-14B-Harmony_V0.1,2025-01-28 03:24:49+00:00,885fc6a44866b55f8349e78a9c8d98052b8ffb2e,0.5196,0.39171294053918315,-0.1278870594608168,0.30515349154795635,0.880281546681452,0.22606354516389693,0.5753052917232022,0.629127091813659,False,
1096,YOYO-AI__Qwen2.5-Coder-14B-YOYO-1010,2025-01-28 04:49:00+00:00,02cc9f110cb535c2f4ac1d4fff83949e78ec63e5,0.528,0.39171294053918315,-0.13628705946081687,0.28279352895888066,0.7379419282686528,0.20370358257482266,0.45092718227046585,0.44414292175486203,False,
1097,DoppelReflEx__MN-12B-Mimicore-Orochi,2025-01-28 04:52:14+00:00,0c30ee6241a0d86c7b991c271e31f7832fbcfc16,0.4524,0.39171294053918315,-0.06068705946081687,0.2448444741114174,0.5722514883817237,0.1657545277273582,0.2564450474898236,0.2663952962460425,False,
1098,Triangle104__Set-70b,2025-01-28 05:41:43+00:00,4a2a78fb8182b90a00bf9e0c436742c0dd0e522e,0.612,0.39171294053918315,-0.22028705946081684,0.3309072999190184,0.9265031696575299,0.25181735353495976,0.7385798281320669,0.6956128448665763,False,
1099,T145__ZEUS-8B-V28,2025-01-28 06:39:15+00:00,8b70c12a238f00572d39f97ee5d9461e544ff055,0.4456,0.39171294053918315,-0.053887059460816844,0.23037304725879681,0.49650168548450135,0.1512831008747383,0.15649027589326098,0.14066033469018543,False,
1100,DoppelReflEx__MN-12B-Mimicore-Orochi-v2-Experiment,2025-01-28 07:33:30+00:00,1cce10fde687fe49b5e6793df077f0b1610a20ee,0.4136,0.39171294053918315,-0.02188705946081687,0.24106979270570122,0.5633051697264362,0.1619798463216427,0.22930800542740842,0.25192220714608776,False,
1101,DoppelReflEx__MN-12B-Mimicore-Orochi-v3-Experiment,2025-01-28 08:45:36+00:00,8f3d8b3ae7b8984e6be3a441ce2aa8a2204ec4d2,0.4354,0.39171294053918315,-0.04368705946081686,0.23821835216275544,0.5447420606712116,0.15912840577869614,0.21528720036182722,0.2229760289461782,False,
1102,EleutherAI__pythia-1.4b,2025-01-28 10:22:22+00:00,6f7cac8392420858da0a4cded7019282973cad47,0.2608,0.39171294053918315,0.13091294053918318,0.3868962238190516,1.2637388831472771,0.3078062774349928,0.9927634554500226,0.9882406151062868,False,
1103,DoppelReflEx__MN-12B-Mimicore-Orochi-v4-Experiment,2025-01-28 11:41:50+00:00,197b9fbde1c5bf0133bbd681c17ad8893136f802,0.446,0.39171294053918315,-0.054287059460816856,0.24123258067844514,0.5604806979521295,0.16214263429438602,0.23202170963364993,0.2460425146992311,False,
1104,odyssey-labs__Astral-1-10B,2025-01-28 13:18:52+00:00,8de1a014d40566b417491c0e1d0bcc91b9901997,0.3918,0.39171294053918315,-8.705946081682958e-05,0.23754836234114077,0.5386952827526601,0.15845841595708188,0.21166892808683854,0.21709633649932158,False,
1105,Spestly__Athena-1-3B,2025-01-28 13:21:46+00:00,cbd62d356e73d5997de3e2c0c9cdf85243422c99,0.3856,0.39171294053918315,0.006112940539183154,0.2703117423589436,0.6890552280169026,0.19122179597488484,0.37630031659882407,0.3817277250113071,False,
1106,bunnycore__Phi-4-ReasoningRP,2025-01-28 13:39:39+00:00,e71ff0e4a0b22c4ca9eb78ac3457e4a5f24e4132,0.5914,0.39171294053918315,-0.19968705946081688,0.3252039051248093,0.9358628666718373,0.24611395874075107,0.7087290818634102,0.7064676616915423,False,
1107,DreadPoor__Wannabe-8B-Model_Stock,2025-01-28 14:17:49+00:00,4719664d67b8f44c9799c5934854994075fe1c1b,0.4606,0.39171294053918315,-0.06888705946081686,0.23062351897325065,0.5036433420862657,0.15153357258919292,0.1587516960651289,0.15377657168701944,False,
1108,nlpguy__Lion-Lamarck-v.1.0.9,2025-01-28 16:28:27+00:00,685c1c73edfbac0c61a148c676515cc3bfa2636b,0.5208,0.39171294053918315,-0.1290870594608169,0.3076727048009534,0.8863014224149967,0.22858275841689443,0.5970149253731343,0.6377204884667571,False,
1109,ehristoforu__ud-14b,2025-01-28 18:29:49+00:00,8500acd9b02dadfa1f9eebd9a5d8d893df2148e8,0.2852,0.39171294053918315,0.10651294053918314,0.34745824377067136,1.0819391776680871,0.2683682973866126,0.8154681139755766,0.8186341022161918,False,
1110,DreadPoor__BaeZel_V2_ALT-8B-Model_Stock,2025-01-28 19:38:59+00:00,6ae7d51d8ffa5ef1f671c451d8d6d1ce0efa3e32,0.4636,0.39171294053918315,-0.07188705946081686,0.23465392536891955,0.5213986763740623,0.15556397898486096,0.19041157847127996,0.1854364540931705,False,
1111,DreadPoor__BaeZel_V2-8B-Model_Stock,2025-01-28 19:42:29+00:00,efec7818cd9f1b4653fbc70aa305e5f8df2d1045,0.4636,0.39171294053918315,-0.07188705946081686,0.23465392536891955,0.5213986763740623,0.15556397898486096,0.19041157847127996,0.1854364540931705,False,
1112,Tarek07__Thalassic-Alpha-LLaMa-70B,2025-01-28 19:49:50+00:00,a4e47af6e0b3b636bf210cde31ebe9d1d0a56a7c,0.6028,0.39171294053918315,-0.21108705946081685,0.32798524070405827,0.9037501365530402,0.2488952943199995,0.7204884667571235,0.670737222976029,False,
1113,tensopolis__virtuoso-small-tensopolis-v1,2025-01-28 20:20:11+00:00,1cd198759cbdb794c0f3005fc3bb528f6f0d9f6a,0.5668,0.39171294053918315,-0.17508705946081682,0.2992562316940202,0.8065511173973041,0.22016628530996146,0.5422885572139303,0.5309814563545907,False,
1114,FlofloB__smollm2-135M_pretrained_1400k_fineweb_uncovai_human_removed,2025-01-28 21:14:48+00:00,b7248576b4c1f35460d850a65d3d0570ca900701,0.2464,0.39171294053918315,0.14531294053918314,0.34715177098027156,1.084866088562274,0.2680618245962138,0.8127544097693351,0.819538670284939,False,
1115,prithivMLmods__Qwen-7B-Distill-Reasoner,2025-01-28 21:40:14+00:00,d17fff9baf7ca97006d1c84c51791f9d0494c2e4,0.3884,0.39171294053918315,0.003312940539183129,0.3113832813606182,0.8937844245003082,0.232293334976559,0.6268656716417911,0.6571687019448214,False,
1116,prithivMLmods__Blaze-14B-xElite,2025-01-28 21:48:09+00:00,b2feed3bf29531378262c15935ca62da4d350899,0.53,0.39171294053918315,-0.13828705946081687,0.3124883405580145,0.8628545315148983,0.23339839417395541,0.6350067842605156,0.6019900497512438,False,
1117,arcee-ai__Virtuoso-Lite,2025-01-28 22:24:15+00:00,10e786ff61d3719f1b98ca3ee567c5ccf4e1ad75,0.5256,0.39171294053918315,-0.1338870594608168,0.2768655319485372,0.6964021735910668,0.19777558556447844,0.4084124830393487,0.3889642695612845,False,
1118,Sakalti__SakalFusion-7B-Beta,2025-01-28 22:24:15+00:00,21409dc7b9d31539d00a40c7d66dede4a02fb721,0.2384,0.39171294053918315,0.15331294053918315,0.3777617536665241,1.2319890102630437,0.2986718072824661,0.9800995024875622,0.9782903663500678,False,
1119,DreadPoor__test_ALT,2025-01-28 22:34:19+00:00,c46c3dae66ea226c561b8127e35a811e7ecc0ed5,0.4206,0.39171294053918315,-0.028887059460816822,0.24111678420534066,0.5363875822233353,0.1620268378212828,0.229760289461782,0.21212121212121213,False,
1120,ontocord__RedPajama-3B-v1-AutoRedteam-Harmless-only,2025-01-28 23:24:27+00:00,de07ccbd4afbffdffae179056fce9a50d83d769e,0.254,0.39171294053918315,0.13771294053918315,0.35343937374441764,1.13062985199848,0.2743494273603592,0.8335594753505201,0.8670284938941656,False,
1121,DreadPoor__mergekit-nuslerp-nqzkedi,2025-01-29 01:28:20+00:00,0bd0e708173b09650538b18ca6e53439b35aa265,0.466,0.39171294053918315,-0.07428705946081687,0.23591682339232634,0.5200103149548603,0.1568268770082682,0.20036182722749887,0.18317503392130258,False,
1122,DoppelReflEx__MN-12B-Mimicore-WhiteSnake-v2-Experiment-1,2025-01-29 01:43:29+00:00,635e9fa2da8b6d1da45a7c1f642c7c4079a6c5ad,0.384,0.39171294053918315,0.007712940539183144,0.26111683043727213,0.6497545955763522,0.1820268840532134,0.34283129805517865,0.34554500226142015,False,
1123,DoppelReflEx__MN-12B-Mimicore-WhiteSnake-v2-Experiment-3,2025-01-29 01:52:04+00:00,a9f9668a772a74c3afd680d030eaff2c9ef0f346,0.3794,0.39171294053918315,0.012312940539183137,0.2566230147407138,0.645260214560873,0.17753306835665522,0.32338308457711445,0.34283129805517865,False,
1124,DoppelReflEx__MN-12B-Mimicore-WhiteSnake-v2-Experiment-2,2025-01-29 02:00:11+00:00,7c2709eb51eabef2db3594dd0472db7fc5acb3e2,0.4036,0.39171294053918315,-0.011887059460816862,0.24298287390322562,0.5691958885172559,0.16389292751916712,0.24468566259611035,0.26142017186793304,False,
1125,DoppelReflEx__MN-12B-Mimicore-WhiteSnake-v2-Experiment-4,2025-01-29 02:06:50+00:00,73975752090cde941d40166bdc0731e27e3d62ca,0.4154,0.39171294053918315,-0.02368705946081684,0.256578664603587,0.6275862268455089,0.17748871821952864,0.32247851650836723,0.3256445047489824,False,
1126,DreadPoor__AnotherTest,2025-01-29 02:35:36+00:00,35ab1c9760a225695e656a887ada302422f181c9,0.382,0.39171294053918315,0.009712940539183146,0.24550123127866294,0.5678877035452324,0.1664112848946049,0.26051560379918587,0.2596110357304387,False,
1127,YOYO-AI__Qwen2.5-14B-YOYO-1010-v2,2025-01-29 02:47:03+00:00,9f650607e8e96b34ff51ec1510070551f13237f3,0.5424,0.39171294053918315,-0.15068705946081684,0.29266468397053436,0.7717439888555291,0.21357473758647588,0.5074626865671642,0.4866576209859792,False,
1128,Tarek07__Progenitor-V1.1-LLaMa-70B,2025-01-29 03:13:15+00:00,2bcb767b0ac6e337127862d8d8e0b1379709df0d,0.611,0.39171294053918315,-0.21928705946081684,0.32969373891745996,0.9091158774698862,0.2506037925334018,0.7317955676164631,0.6784260515603799,False,
1129,tensopolis__virtuoso-small-tensopolis-v2,2025-01-29 04:26:41+00:00,392d632e47010e3583ec157fa5f0297ef77bdd3a,0.5662,0.39171294053918315,-0.17448705946081688,0.3015819080386691,0.8200159946566044,0.22249196165461016,0.5549525101763908,0.5454545454545454,False,
1130,noname0202__gemma-2-2b-it-ties,2025-01-29 05:25:10+00:00,c1579d71a2601ffb17b4ebd644891692f2d6672f,0.3274,0.39171294053918315,0.06431294053918313,0.26357352162488534,0.6511354367012276,0.18448357524082654,0.35278154681139756,0.34780642243328813,False,
1131,huihui-ai__DeepSeek-R1-Distill-Qwen-14B-abliterated-v2,2025-01-29 05:41:10+00:00,a61843eb2db1e5cbc84461e4327ab5822e136365,0.3004,0.39171294053918315,0.09131294053918315,0.3393570273969825,1.0379245270776403,0.2602670810129254,0.783355947535052,0.7910447761194029,False,
1132,DoppelReflEx__MN-12B-Kakigori,2025-01-29 06:05:50+00:00,d0e5944faa134e1e59f68db6c4274525132538d5,0.4426,0.39171294053918315,-0.05088705946081684,0.24688568985295636,0.5655946154317166,0.1677957434688975,0.2727272727272727,0.2564450474898236,False,
1133,DoppelReflEx__MN-12B-LilithFrame,2025-01-29 06:14:22+00:00,8c08c9c17848b7026dcd9f07390401e6d0e6d517,0.4024,0.39171294053918315,-0.010687059460816828,0.2535468219820528,0.6143006596514677,0.1744568755979942,0.3048394391677974,0.31343283582089554,False,
1134,EpistemeAI__Reasoning-Llama-3.1-CoT-RE1-NMT,2025-01-29 06:39:49+00:00,3e81515077888b4ed3a30d90dbb25e4ac761fd90,0.3842,0.39171294053918315,0.007512940539183166,0.2333954416079962,0.5155021319202445,0.15430549522393738,0.18181818181818182,0.17774762550881953,False,
1135,sometimesanotion__Qwenvergence-14B-v11,2025-01-29 06:41:11+00:00,5e9b9cd32b2bc8ef8601ec856ee661e54fa75928,0.5702,0.39171294053918315,-0.1784870594608169,0.3274617604715657,0.9381048679758877,0.24837181408750772,0.7177747625508819,0.7082767978290366,False,
1136,Triangle104__Q2.5-Instruct-1M_Harmony,2025-01-29 07:38:24+00:00,c785f24bb6ee9dc9a34a9ab39e27035d186fda89,0.476,0.39171294053918315,-0.08428705946081683,0.2768633716257585,0.730058126102164,0.19777342524169989,0.4079601990049751,0.4319312528267752,False,
1137,Triangle104__Distilled-DarkPlanet-Allades-8B,2025-01-29 08:17:57+00:00,904f33bc336ca082d1390b97372f95bb0f868d4a,0.4066,0.39171294053918315,-0.014887059460816865,0.3172848398830613,0.9372581493624873,0.23819489349900255,0.6621438263229308,0.7073722297602895,False,
1138,thirdeyeai__elevate360m,2025-01-29 08:19:30+00:00,cc9499ff3630d5499a7587fce328f5eb1cf5f4a0,0.236,0.39171294053918315,0.15571294053918316,0.3627146235535502,1.1399451110923184,0.283624677169492,0.9140660334690185,0.8900949796472184,False,
1139,YOYO-AI__Qwen2.5-14B-YOYO-1005-v2,2025-01-29 08:44:55+00:00,2d6d0ee49092935fc7c50478d2f5aeb6accfedca,0.5458,0.39171294053918315,-0.1540870594608168,0.29521602897896043,0.7815022936704281,0.2161260825949012,0.5223880597014925,0.501130710085934,False,
1140,belztjti__dtfgv,2025-01-29 09:20:31+00:00,efc42a413d37e68a4941e2e01e0e75617a009abb,0.2802,0.39171294053918315,0.11151294053918315,0.3361707868453064,1.0235739886322386,0.25708084046124774,0.7688828584350973,0.7774762550881954,False,
1141,DoppelReflEx__MN-12B-LilithFrame-Experiment-2,2025-01-29 09:38:52+00:00,01c99f7cbfba61bc02fd91b782b7cae552f4356e,0.403,0.39171294053918315,-0.011287059460816873,0.252613689440151,0.6133813978187753,0.17352374305609242,0.3012211668928087,0.310719131614654,False,
1142,HeraiHench__Phi-4-slerp-ReasoningRP-14B,2025-01-29 13:31:02+00:00,60182106f8dc1f6620961122165dc66272c7cbe5,0.3204,0.39171294053918315,0.07131294053918313,0.30438774512294065,0.8489595375953027,0.22529779873888092,0.5676164631388512,0.5793758480325645,False,
1143,nbeerbower__Dumpling-Qwen2.5-1.5B,2025-01-29 14:03:53+00:00,0ff9b2296e63e87631f2b82df9b1545193be228b,0.3376,0.39171294053918315,0.05411294053918314,0.2815577366228928,0.734171379273326,0.2024677902388337,0.4391677973767526,0.438715513342379,False,
1144,nbeerbower__EVA-abliterated-TIES-Qwen2.5-1.5B,2025-01-29 14:28:28+00:00,af502f907c38988ebd0f9ef4bad6c3f0bf1b15f9,0.3264,0.39171294053918315,0.06531294053918313,0.2857624348019783,0.7494724768695707,0.2066724884179188,0.4690185436454093,0.4554500226142017,False,
1145,skumar9__Llama-medx_v2,2025-01-29 17:48:21+00:00,18e48f64b25d0f7de54ee3afed5f0482b30d859d,0.405,0.39171294053918315,-0.013287059460816875,0.22118980965651186,0.46583958503715367,0.1420998632724526,0.07824513794663049,0.06286748077792854,False,
1146,DreadPoor__Oh_Boy-8B-LINEAR,2025-01-29 18:18:42+00:00,9bcf0f5aa4dc97303efb3e7f2c7551b3ce9961fc,0.4626,0.39171294053918315,-0.07088705946081686,0.22857981128965926,0.49737164456932825,0.14948986490560084,0.14473089099954772,0.14246947082767977,False,
1147,prithivMLmods__Qwen2.5-7B-DeepSeek-R1-1M,2025-01-29 18:27:26+00:00,c51921724fcea7d34df52a5d86e1ccdc6d222328,0.2514,0.39171294053918315,0.14031294053918314,0.34536584624653244,1.067165716510425,0.26627589986247546,0.8037087290818634,0.8086838534599728,False,
1148,prithivMLmods__Qwen2.5-1.5B-DeepSeek-R1-Instruct,2025-01-29 18:29:27+00:00,0c0fbe1197d29c0744facc06233d9593cb98d321,0.237,0.39171294053918315,0.15471294053918316,0.3778111114552145,1.2440153694997038,0.29872116507115704,0.9805517865219358,0.9841700587969244,False,
1149,DoppelReflEx__MN-12B-LilithFrame-Experiment-3,2025-01-30 03:12:45+00:00,41e2744b1f8e451c956569cf31ee181988678eb0,0.4462,0.39171294053918315,-0.054487059460816833,0.244564328936984,0.5545524246628647,0.1654743825529253,0.25599276345545,0.2369968340117594,False,
1150,prithivMLmods__Qwen2.5-14B-DeepSeek-R1-1M,2025-01-30 04:29:38+00:00,6691f07413118c77b2a179afc9be8125b81bee09,0.5002,0.39171294053918315,-0.10848705946081683,0.29038387175927016,0.7888064805042967,0.21129392537521058,0.49525101763907736,0.5106286748077793,False,
1151,x0000001__Deepseek-Lumen-R1-Qwen2.5-14B,2025-01-30 04:31:50+00:00,790d9b084d0cb7c9f0d3a57cf234f9392d12af79,0.3734,0.39171294053918315,0.018312940539183142,0.29976593366528653,0.831735375042517,0.2206759872812279,0.5436454093170511,0.5572139303482587,False,
1152,YOYO-AI__Qwen2.5-14B-YOYO-0510-v2,2025-01-30 04:34:16+00:00,58b594d89c923cb4a6ba61efa957d90457cc812e,0.5424,0.39171294053918315,-0.15068705946081684,0.29266468397053436,0.7717439888555291,0.21357473758647588,0.5074626865671642,0.4866576209859792,False,
1153,pankajmathur__orca_mini_v9_2_70b,2025-01-31 02:31:00+00:00,755f5c8a8bfd3c710e473c01bd61461da59bad9e,0.5844,0.39171294053918315,-0.19268705946081688,0.2937023608365466,0.7619511364755723,0.21461241445248724,0.5151515151515151,0.47127996381727727,False,
1154,pankajmathur__orca_mini_v8_1_70b,2025-01-31 04:39:06+00:00,a8a38d8e08979d74d6c407c75c9b70eac657786f,0.5968,0.39171294053918315,-0.20508705946081685,0.31274191972734894,0.8490582549859828,0.23365197334328985,0.6359113523292628,0.5798281320669381,False,
1155,pankajmathur__orca_mini_v9_4_70B,2025-01-31 06:39:29+00:00,d9214b029d4c4302f49652526804dcd01761022c,0.5584,0.39171294053918315,-0.16668705946081686,0.28225769561099545,0.7185705662935202,0.20316774922693656,0.44640434192673,0.4161013116236997,False,
1156,jiviai__medX_v2,2025-01-31 22:21:05+00:00,99af0290a12f1720fc3c5ca459c3b4deeb5f260d,0.3734,0.39171294053918315,0.018312940539183142,0.2785333578661701,0.7019634007311623,0.1994434114821114,0.4188150158299412,0.39800995024875624,False,
1157,irahulpandey__mistralai-7B-slerp-v0.1,2025-02-01 01:09:26+00:00,d3a66b11b22c165d2b31a85fe0fb6dd6362419dc,0.4118,0.39171294053918315,-0.020087059460816847,0.24058949728037454,0.5496121558668869,0.16149955089631604,0.22523744911804613,0.22885572139303484,False,
1158,Quazim0t0__Phi4.Turn.R1Distill.16bit,2025-02-01 01:30:03+00:00,3683bfba0330448bdb009bb331d4c38e1f5c30ab,0.4832,0.39171294053918315,-0.09148705946081687,0.26530190754511374,0.6396934824330338,0.18621196116105485,0.3573043871551334,0.3360470375395749,False,
1159,belztjti__dffghgjh,2025-02-01 01:38:06+00:00,40dbc16311f73ea9dc391c02279a8a71aae2017b,0.3116,0.39171294053918315,0.08011294053918316,0.32409457447931006,0.9514743758920018,0.24500462809525175,0.7042062415196744,0.7182270465852555,False,
1160,Triangle104__Phi4-RP-o1,2025-02-01 01:52:08+00:00,4d7eb1a82b6259101ab0985ae0f803d93db49546,0.5368,0.39171294053918315,-0.1450870594608169,0.3152771163638356,0.8796682782937196,0.23618716997977698,0.6512890094979648,0.6277702397105382,False,
1161,sometimesanotion__Qwenvergence-14B-v12-Prose-DS,2025-02-01 01:57:30+00:00,813ab25f1d9314b78bd3d0e6da9f6ecd2b239e3c,0.5796,0.39171294053918315,-0.18788705946081685,0.3180906524327975,0.8831039736480168,0.23900070604873877,0.6711895070104026,0.6327453640886477,False,
1162,sometimesanotion__Qwenvergence-14B-v12-Prose,2025-02-01 02:00:28+00:00,cf74df600070cf2ea7373b40b63bc22adcb48cca,0.5626,0.39171294053918315,-0.17088705946081684,0.31187531942445573,0.8536224043201819,0.23278537304039656,0.629127091813659,0.5879692446856626,False,
1163,Triangle104__DS-Distilled-Hermes-Llama-3.1_TIES,2025-02-01 02:04:20+00:00,bdd405d01d1b5a7ad12cd8d498242c04555ee0ae,0.2362,0.39171294053918315,0.15551294053918316,0.3590456037600857,1.1497142056590544,0.27995565737602934,0.8738127544097694,0.903663500678426,False,
1164,ontocord__Llama_3.2_1b-autoredteam_helpfulness-train,2025-02-01 05:31:02+00:00,228ebf4af6b3de2f4d7763640a5442dfa9a8e605,0.2624,0.39171294053918315,0.12931294053918313,0.35056029707458014,1.1028762817563011,0.27147035069052244,0.824966078697422,0.8290366350067843,False,
1165,qingy2024__Qwen2.5-Coder-Draft-1.5B-Instruct,2025-02-01 05:41:06+00:00,9913ed29e6a761612b094e005544bb9454384181,0.3152,0.39171294053918315,0.07651294053918317,0.29324217077885056,0.8057400521767436,0.21415222439479134,0.5119855269109,0.52962460425147,False,
1166,AIDC-AI__Marco-o1,2025-02-01 05:51:40+00:00,c4006fd2f5568957857d145c17ea67bef9cc5621,0.4294,0.39171294053918315,-0.03768705946081685,0.24736287373731525,0.594522713570835,0.1682729273532565,0.27544097693351427,0.29488919041157846,False,
1167,Pinkstack__Superthoughts-lite-1.8B-experimental-o1,2025-02-01 06:15:03+00:00,cc538a0185945067a192edd06b09d185de5b20d2,0.2738,0.39171294053918315,0.11791294053918316,0.3295981391240618,0.9447696595876347,0.2505081927400037,0.7299864314789688,0.7146087743102668,False,
1168,tensopolis__falcon3-10b-tensopolis-v1,2025-02-01 06:40:28+00:00,11584ef2364b1073b336332c3b8e7bc15b17c92c,0.5258,0.39171294053918315,-0.1340870594608169,0.2889804525062535,0.754360458139092,0.2098905061221949,0.48801447308909995,0.4631388511985527,False,
1169,ewre324__ewre324-R1-SmolLM2-135M-Distill,2025-02-01 07:39:43+00:00,e70343d57b69dd76cfb8a939ea0d96a4f4e8b9ea,0.2494,0.39171294053918315,0.14231294053918314,0.3909166518955811,1.2881192351546586,0.31182670551152253,0.9959294436906377,0.9941203075531434,False,
1170,DoppelReflEx__MN-12B-LilithFrame-Experiment-4,2025-02-01 07:44:16+00:00,c8d6a83f7b44384b809a0d27381346f3ddf038fa,0.4448,0.39171294053918315,-0.05308705946081682,0.24197822527338617,0.5543183636879335,0.1628882788893269,0.23744911804613297,0.23609226594301222,False,
1171,Quazim0t0__Phi4.Turn.R1Distill_v1.5.1-Tensors,2025-02-01 08:08:16+00:00,d48c743ad8739957f7fccabd05f1e43094fb6d9d,0.4732,0.39171294053918315,-0.08148705946081686,0.27020346736796924,0.6644579502176396,0.19111352098391063,0.3753957485300769,0.3627317955676165,False,
1172,ehristoforu__trd-7b-it,2025-02-01 08:20:10+00:00,81d413f2160acec14644c8ac9e6ea6172b67fedc,0.256,0.39171294053918315,0.13571294053918315,0.35613644599832583,1.1310444907078723,0.27704649961426814,0.8489371325192221,0.8679330619629128,False,
1173,suayptalha__Maestro-10B,2025-02-01 08:24:13+00:00,eb239abf69c9f3e467d7ea4f16d3b2fe25e121e7,0.4772,0.39171294053918315,-0.08548705946081686,0.249407533712967,0.5786824159195737,0.1703175873289078,0.28448665762098596,0.27137042062415195,False,
1174,Azure99__Blossom-V6-7B,2025-02-01 08:38:00+00:00,d94bea1a3d4686ee0cc7a05591c266b6125491f6,0.4194,0.39171294053918315,-0.027687059460816843,0.24258661351654895,0.5572100385075792,0.16349666713249136,0.24197195838986885,0.24106739032112168,False,
1175,Quazim0t0__RZA-14B-sce,2025-02-01 08:50:42+00:00,55dd7078963cee4d7e6f44b979591382c7e068fa,0.5592,0.39171294053918315,-0.16748705946081688,0.3221558034031756,0.9385277322190343,0.24306585701911634,0.6924468566259611,0.7096336499321574,False,
1176,EpistemeAI__Reasoning-Llama-3.2-3B-Math-Instruct-RE1-ORPO,2025-02-01 08:53:00+00:00,75377e8a7e1d3bef1651792972d6baef65b5edbe,0.3978,0.39171294053918315,-0.006087059460816835,0.2822414453610899,0.727549987407073,0.20315149897703086,0.4450474898236092,0.42966983265490727,False,
1177,Quazim0t0__GZA-14B-sce,2025-02-01 08:59:49+00:00,1387ccddbb6eafb06508d36923cd0012594f19d2,0.5736,0.39171294053918315,-0.18188705946081685,0.3162035846700699,0.8948912476192445,0.2371136382860107,0.6580732700135685,0.6603346901854364,False,
1178,EpistemeAI__Reasoning-Llama-3.1-CoT-RE1-NMT-V2-ORPO,2025-02-01 09:10:46+00:00,f360a7411efc4f1f28f248c670f26446e5fe18e9,0.4022,0.39171294053918315,-0.01048705946081685,0.24096186974636488,0.5592341602328401,0.16187192336230563,0.22885572139303484,0.24423337856173677,False,
1179,Edgerunners__meta-llama-3-8b-instruct-hf-ortho-baukit-34fail-3000total-bf16,2025-02-01 09:23:20+00:00,3f25e13c62ec10292fd2e20aa5bcfe9ea85ec7e7,0.4132,0.39171294053918315,-0.02148705946081686,0.23210661507828878,0.5016138121769464,0.15301666869422995,0.17005879692446857,0.15106286748077793,False,
1180,Azure99__Blossom-V6-14B,2025-02-01 09:24:59+00:00,781279abcb696cfef44f7463737530c81ea20230,0.419,0.39171294053918315,-0.02728705946081683,0.26438497567991676,0.6615175587326112,0.18529502929585812,0.3545906829488919,0.357756671189507,False,
1181,HeraiHench__Marge-Qwen-Math-7B,2025-02-01 09:41:58+00:00,aad57e2459c51b0ca4a84a9d970c0ff9a6dca60b,0.2444,0.39171294053918315,0.14731294053918315,0.3615480103242966,1.1592850138156674,0.282458063940239,0.9014020805065581,0.9158751696065129,False,
1182,ehristoforu__rmoe-v1,2025-02-01 09:44:45+00:00,336e8580a5d5401cf2abc5c445dbc15b88023c68,0.2472,0.39171294053918315,0.14451294053918315,0.37016086102448287,1.217645221927571,0.29107091464042434,0.9597467209407508,0.9746720940750792,False,
1183,open-atlas__Atlas-Flash-1.5B-Preview,2025-02-01 09:53:25+00:00,9dc8cb025c1ca96bb756c95aaa51745d2226a6b3,0.276,0.39171294053918315,0.11571294053918313,0.3508363005573761,1.0948399658602967,0.2717463541733187,0.8254183627317956,0.8240615106286748,False,
1184,grimjim__DeepSauerHuatuoSkywork-R1-o1-Llama-3.1-8B,2025-02-01 09:55:27+00:00,cb5399f2c210c205acfabcabc820b354f2c3fb40,0.4508,0.39171294053918315,-0.059087059460816826,0.240622276016374,0.5580623571554174,0.16153232963231506,0.2261420171867933,0.24151967435549526,False,
1185,sthenno-com__miscii-14b-0130,2025-02-01 10:12:19+00:00,af8d00b99d693670f756ad6aee3ce2dfb3867cde,0.576,0.39171294053918315,-0.1842870594608168,0.32381517685647493,0.9159753824088878,0.2447252304724157,0.7019448213478064,0.6865671641791045,False,
1186,arcee-ai__Virtuoso-Small-v2,2025-02-01 10:18:08+00:00,1e7fe09f77bbbce21c6aa79b9c5adcd236c0c0b0,0.5718,0.39171294053918315,-0.18008705946081682,0.3051842362807433,0.8336585048812895,0.22609428989668418,0.5757575757575758,0.5599276345545002,False,
1187,win10__miscii-14b-1M-0128,2025-02-01 10:22:02+00:00,78495b5c5e1a26876431584b6a376363a61b33de,0.5242,0.39171294053918315,-0.13248705946081685,0.31105332797131835,0.8936034352941944,0.23196338158725943,0.6250565355042967,0.6567164179104478,False,
1188,Quazim0t0__ThinkPhi1.1-Tensors,2025-02-01 10:27:29+00:00,efef98df5c73e6c0d8ea5181fd4e4de6d398f7b4,0.478,0.39171294053918315,-0.08628705946081683,0.24971709124166114,0.5634631211157063,0.17062714485760197,0.28946178199909545,0.25237449118046135,False,
1189,mistralai__Mistral-Small-24B-Base-2501,2025-02-01 10:41:56+00:00,4dadb8d28765250ac67bdc5f56b5d4b271a8ee73,0.5054,0.39171294053918315,-0.11368705946081681,0.27424272614125605,0.6665494857121685,0.19515277975719741,0.39258254183627317,0.36408864767073723,False,
1190,HeraiHench__Double-Down-Qwen-Math-7B,2025-02-01 10:44:35+00:00,6bf0eb3919ab0588c829ffefd6d560ead38aed6d,0.2378,0.39171294053918315,0.15391294053918314,0.3687134955623035,1.1863786600042379,0.28962354917824545,0.9534147444595206,0.9511533242876526,False,
1191,ehristoforu__QwenQwen2.5-7B-IT-Dare,2025-02-01 10:49:14+00:00,5e9d77bdd8a38fa4dd0d2d3f962c60dbfeb7c88e,0.4364,0.39171294053918315,-0.04468705946081686,0.256818790378961,0.6204323195655386,0.17772884399490219,0.3247399366802352,0.31886024423337855,False,
1192,ehristoforu__QwenQwen2.5-7B-IT,2025-02-01 10:51:51+00:00,7b428520820d183b7241cb08ec0305b126d16c39,0.4364,0.39171294053918315,-0.04468705946081686,0.256818790378961,0.6204323195655386,0.17772884399490219,0.3247399366802352,0.31886024423337855,False,
1193,Triangle104__Dark-Chivalry_V1.0,2025-02-01 11:00:36+00:00,ac9687b737cdec1255383dca1d94e9890e86f7a4,0.4174,0.39171294053918315,-0.02568705946081684,0.23356177022223468,0.5263593387928375,0.15447182383817581,0.18317503392130258,0.19493441881501583,False,
1194,jeffmeloy__Qwen2.5-7B-olm-v1.4,2025-02-01 11:18:47+00:00,81b48cffee348509d2efaafbd59c98ea1eb98c54,0.4752,0.39171294053918315,-0.08348705946081686,0.27146440825066587,0.7000956206191015,0.19237446186660703,0.3817277250113071,0.3948439620081411,False,
1195,Triangle104__Pans_Gutenbergum_V0.1,2025-02-01 11:21:55+00:00,cbbf621a8f69e6ee9f06fe67da434075b6c2a810,0.4536,0.39171294053918315,-0.06188705946081685,0.24167342657172033,0.5470498917675064,0.16258348018766067,0.23428312980551785,0.22568973315241972,False,
1196,Triangle104__Pans_Gutenbergum_V0.2,2025-02-01 11:29:36+00:00,9985ce28a31d898b8d459901cd1bab3805b4beff,0.435,0.39171294053918315,-0.043287059460816846,0.22504733646208466,0.48723792501492236,0.14595739007802538,0.12121212121212122,0.12663952962460426,False,
1197,Triangle104__Pantheon_ChatWaifu_V0.2,2025-02-01 11:39:57+00:00,045a1dce9ffbd0aeafc715f8023bc03e3e57c923,0.444,0.39171294053918315,-0.052287059460816854,0.2505725827533788,0.5912567685341668,0.17148263636931957,0.2930800542740841,0.28900949796472186,False,
1198,Triangle104__Chronos-Prism_V1.0,2025-02-01 11:44:26+00:00,d68c735540a76b9b626497216d67259822aff820,0.4464,0.39171294053918315,-0.05468705946081687,0.22376845731016395,0.4797359548804269,0.1446785109261044,0.10990502035278155,0.1080958842152872,False,
1199,Triangle104__Rocinante-Prism_V2.0,2025-02-01 11:51:45+00:00,fd54ae5e563c9c3521687e0bcc6e39e0beb5dc9e,0.434,0.39171294053918315,-0.042287059460816845,0.25359971131928627,0.5933256126842156,0.17450976493522746,0.30619629127091813,0.2912709181365898,False,
1200,Triangle104__BigTalker-Lite-8B,2025-02-01 11:52:33+00:00,df71a11230bae4aadbf7a8f7ae9f89f79d9ea954,0.4276,0.39171294053918315,-0.03588705946081683,0.225667055691042,0.49850540271484417,0.14657710930698292,0.1248303934871099,0.14427860696517414,False,
1201,Triangle104__Rocinante-Prism_V2.1,2025-02-01 11:57:11+00:00,58b2a095a725fec56940bbb5df427740209e7b18,0.431,0.39171294053918315,-0.03928705946081684,0.25191440913657787,0.587666761607656,0.17282446275251895,0.2962460425146992,0.2831298055178652,False,
1202,netcat420__MFANN3bv1.3,2025-02-01 11:58:29+00:00,ebb6dc9e0da742768b42e821e04ff49a89b2d504,0.3422,0.39171294053918315,0.04951294053918315,0.2741659605378093,0.7089023585070956,0.19507601415374978,0.391677973767526,0.4043419267299864,False,
1203,open-atlas__Atlas-Flash-7B-Preview,2025-02-01 12:00:07+00:00,d3255f019e059169b4a29e6ce2048b7c310537c0,0.2998,0.39171294053918315,0.09191294053918314,0.32910182909393304,0.9935875365900624,0.2500118827098748,0.7268204432383537,0.7535052012663953,False,
1204,Triangle104__Robo-Gutenberg_V1.0,2025-02-01 12:03:20+00:00,9d5a0c243f7e574d44e0a68ced06496b17fa6005,0.542,0.39171294053918315,-0.15028705946081689,0.2916903603445589,0.7624293096397393,0.21260041396049997,0.5020352781546812,0.47218453188602444,False,
1205,SkyOrbis__SKY-Ko-Qwen2.5-7B-Instruct-SFT-step-15000,2025-02-01 12:03:41+00:00,24b437ee4cc85cb3fd956d4ab27d86d99a770dec,0.4312,0.39171294053918315,-0.039487059460816876,0.2780738111064534,0.7409020418831899,0.19898386472239424,0.4161013116236997,0.44549977385798284,False,
1206,prithivMLmods__Triangulum-v2-10B,2025-02-01 12:18:11+00:00,445d19052ad28ff73e0a845f072150d1292a0f8c,0.511,0.39171294053918315,-0.11928705946081686,0.2783210679547987,0.6971562172842682,0.19923112157074044,0.41700587969244685,0.39077340569877883,False,
1207,Sakalti__mergekit-01,2025-02-01 12:23:16+00:00,a7fe3d2ebead1ccad32a68b8a93fa775064397c1,0.4898,0.39171294053918315,-0.09808705946081686,0.2847087530614468,0.76338840301764,0.2056188066773884,0.4626865671641791,0.4735413839891452,False,
1208,nlpguy__Lion-Lamarck-v.1.1.0,2025-02-01 12:59:20+00:00,65b6e614ee636136f3135fb1bd5704ddb56e3aea,0.5264,0.39171294053918315,-0.13468705946081683,0.3081502759862135,0.8892764457501225,0.22906032960215503,0.602894617819991,0.6472184531886025,False,
1209,YOYO-AI__Qwen2.5-14B-YOYO-SCE,2025-02-01 13:00:09+00:00,b8d081fa5f4144566ef3d1370f3974f41a677f40,0.54,0.39171294053918315,-0.14828705946081688,0.2955800358279232,0.7825028957801191,0.2164900894438646,0.5237449118046132,0.5029398462234284,False,
1210,tensopolis__qwen2.5-14b-tensopolis-v1,2025-02-01 13:12:38+00:00,bfb3fbdc4d9e0f525d12df84d81c9c9dd98eda1e,0.5722,0.39171294053918315,-0.1804870594608169,0.3298945832814767,0.981086069674037,0.2508046368974178,0.7331524197195839,0.7421981004070556,False,
1211,LightningRodLabs__Flashlight-v1.2,2025-02-01 13:22:15+00:00,0f000f29150045c9859a817c2b6ef0bd7f4bb97c,0.278,0.39171294053918315,0.11371294053918313,0.34562115296399154,1.0800017238054131,0.2665312065799332,0.8055178652193578,0.8168249660786974,False,
1212,DoppelReflEx__MN-12B-WolFrame,2025-02-01 13:32:08+00:00,3962ec6cceae77e49abf8a9feafeba482e87fd5f,0.4166,0.39171294053918315,-0.024887059460816874,0.2582376308211467,0.6301023874211195,0.17914768443708803,0.32881049298959747,0.32654907281772955,False,
1213,tensopolis__virtuoso-small-v2-tensopolis-v1,2025-02-01 14:26:02+00:00,3fdbead61b9fa176d4609dc33aafc40e24102dc6,0.5858,0.39171294053918315,-0.19408705946081684,0.3180442000473305,0.902935160623597,0.2389542536632708,0.6693803708729081,0.6702849389416553,False,
1214,DreadPoor__Winter_Dusk-8B-TIES,2025-02-01 15:20:16+00:00,4c9de0d90328ff6ca1ec440e9a3b9420a50a370c,0.4176,0.39171294053918315,-0.025887059460816875,0.2267658563567808,0.47999708145906517,0.1476759099727221,0.1320669380370873,0.10900045228403438,False,
1215,icefog72__Ice0.70.1-01.02-RP,2025-02-01 15:31:14+00:00,c2649467a3b286777ff7df297424fd57276f7493,0.412,0.39171294053918315,-0.020287059460816825,0.2321287656215303,0.5311090577253887,0.15303881923747176,0.17051108095884215,0.20307553143374038,False,
1216,DreadPoor__Winter_Dawn-8B-TIES,2025-02-01 16:17:06+00:00,a23f23f7f284b8061d995d4b6f295c538ac59be2,0.4408,0.39171294053918315,-0.04908705946081687,0.24665116163413536,0.5720083895962952,0.16756121525007683,0.27137042062415195,0.26503844414292177,False,
1217,DreadPoor__Autumn_Dawn-8B-LINEAR,2025-02-01 17:06:49+00:00,868126b760a47cdbb2c099be6edfd555e7c8104d,0.4642,0.39171294053918315,-0.07248705946081685,0.22806968877911246,0.4998340527249896,0.1489797423950536,0.13794663048394393,0.14744459520578923,False,
1218,T145__KRONOS-8B-V8,2025-02-01 17:14:33+00:00,fe06931ba0ff90b3b6e61048c3d5c2fa00afa9bd,0.445,0.39171294053918315,-0.053287059460816855,0.2403277002215416,0.5485095315748035,0.16123775383748304,0.22478516508367255,0.22795115332428764,False,
1219,icefog72__Ice0.73-01.02-RP,2025-02-01 19:17:44+00:00,29dcbb29efe6b9d26b0d2b6b4e644157641aaf0d,0.417,0.39171294053918315,-0.02528705946081683,0.22151886385052608,0.4802299761441601,0.1424289174664674,0.08322026232473993,0.10945273631840796,False,
1220,Sakalti__SJT-7.5B,2025-02-01 22:03:12+00:00,e8e90d1643d8f76ddeb868a22bfcdfd7020239ed,0.4462,0.39171294053918315,-0.054487059460816833,0.2683814221577393,0.674159541276118,0.1892914757736807,0.3681592039800995,0.36951605608322025,False,
1221,Sakalti__SJT-Moe2x7.5B,2025-02-01 23:22:35+00:00,f0471a18dfa7f1d3919b3533b82e1e672bb76fc1,0.445,0.39171294053918315,-0.053287059460816855,0.2672448564152724,0.6689940426316042,0.18815491003121382,0.3613749434644957,0.36680235187697874,False,
1222,jaspionjader__slu-11,2025-02-02 02:17:06+00:00,40e34567b23b3a362c750fffd81c25e9cc6230c9,0.3866,0.39171294053918315,0.005112940539183153,0.22229798743829493,0.47041222068341915,0.14320804105423593,0.09362279511533243,0.0773405698778833,False,
1223,jaspionjader__slu-13,2025-02-02 02:20:18+00:00,c9c65bcf5de9179210c9b839c1e26c4de78f56fa,0.412,0.39171294053918315,-0.020287059460816825,0.21759090898514363,0.45630719320666446,0.13850096260108413,0.0407055630936228,0.040253279059249206,False,
1224,jaspionjader__slu-10,2025-02-02 02:20:57+00:00,5c31f3ee5823032183b5213e6bde540ab0e89918,0.4152,0.39171294053918315,-0.02348705946081686,0.22034136982473196,0.468571459614569,0.14125142344067335,0.06784260515603799,0.07327001356852103,False,
1225,jaspionjader__slu-14,2025-02-02 02:25:42+00:00,3113311222fad0dfa8d7faed92f787ad1b8f2521,0.4128,0.39171294053918315,-0.021087059460816848,0.21888563349677428,0.4614966254620179,0.1397956871127154,0.051560379918588875,0.050203527815468114,False,
1226,jaspionjader__slu-17,2025-02-02 02:42:39+00:00,57c615980ef5659d2198113e003f7edbb757abcf,0.4066,0.39171294053918315,-0.014887059460816865,0.21536005042343953,0.4484337672757863,0.13627010403937997,0.026232473993668022,0.02804161013116237,False,
1227,jaspionjader__slu-20,2025-02-02 02:43:24+00:00,7cfc425f49797ca3cf009b994bfa18ce31a7a37f,0.4108,0.39171294053918315,-0.019087059460816846,0.21378427738903197,0.4419506644034376,0.13469433100497286,0.018995929443690638,0.017639077340569877,False,
1228,jaspionjader__slu-2,2025-02-02 02:50:00+00:00,0339b55530439fb22eedc2f71201f4ce07699567,0.4,0.39171294053918315,-0.00828705946081687,0.2213705163537105,0.4710313031144017,0.14228056996965127,0.0814111261872456,0.08005427408412483,False,
1229,prithivMLmods__Bellatrix-Tiny-1.5B-R1,2025-02-02 02:55:18+00:00,e99f1eda804f3bf388600d5a485e7c97c5a3bf4f,0.3286,0.39171294053918315,0.06311294053918315,0.29619411062100703,0.8006881412039917,0.21710416423694773,0.527363184079602,0.5232926277702397,False,
1230,jaspionjader__slu-25,2025-02-02 02:56:55+00:00,80defe14a773fbb3df72272d4ed5726f3e586027,0.4166,0.39171294053918315,-0.024887059460816874,0.21668654270928378,0.45207891676015505,0.1375965963252248,0.03482587064676617,0.032564450474898234,False,
1231,jaspionjader__slu-22,2025-02-02 02:57:26+00:00,3756e6e5b63d8416adf44959984d8dd6a93cfe6b,0.4116,0.39171294053918315,-0.01988705946081687,0.21419424500629733,0.44356451174204514,0.13510429862223788,0.02125734961555857,0.020805065581184983,False,
1232,jaspionjader__slu-23,2025-02-02 02:58:33+00:00,75439dd717e9ff3bca3ff8b9cafdad447991174d,0.4154,0.39171294053918315,-0.02368705946081684,0.21717747253607564,0.4617012458566045,0.13808752615201633,0.03844414292175486,0.0506558118498417,False,
1233,jaspionjader__slu-6,2025-02-02 03:12:21+00:00,ad5eb5225a6f314fa2804aa6b574f92533059ccd,0.4128,0.39171294053918315,-0.021087059460816848,0.21660531509799472,0.45553329166237866,0.13751536871393588,0.034373586612392586,0.03934871099050204,False,
1234,jaspionjader__slu-29,2025-02-02 07:04:23+00:00,7dd772e0a7ba4ed39e5d4eaa634d122a5e8d22cc,0.416,0.39171294053918315,-0.02428705946081683,0.21672618920311093,0.4525523542516996,0.1376362428190519,0.035278154681139755,0.03346901854364541,False,
1235,DreadPoor__Summer_Dawn-8B-SCE,2025-02-02 07:15:28+00:00,d9d4a0ddd1095de978c83852bb2a125551167e63,0.4522,0.39171294053918315,-0.06048705946081684,0.2281571689519816,0.49296014120169757,0.14906722256792343,0.1388511985526911,0.1347806422433288,False,
1236,jaspionjader__slu-32,2025-02-02 07:36:20+00:00,b7e8bf992d6af31b1e3d37af74e8d0471e4ba035,0.4246,0.39171294053918315,-0.032887059460816825,0.2191019208356815,0.46781013246714864,0.14001197445162242,0.05608322026232474,0.07010402532790593,False,
1237,icefog72__Ice0.74-02.02-RP,2025-02-02 07:37:17+00:00,2a5479b3b26427b77b95a07aafa768c98968de6e,0.3668,0.39171294053918315,0.024912940539183137,0.25879730058253286,0.6413912601545836,0.17970735419847433,0.3310719131614654,0.33740388964269563,False,
1238,jaspionjader__slu-33,2025-02-02 07:56:04+00:00,db2d69b25047951faeeb1ec633864d92edb8c0c0,0.4146,0.39171294053918315,-0.022887059460816872,0.22000916505054507,0.4690858769826083,0.14091921866648582,0.06558118498417007,0.07507914970601538,False,
1239,jaspionjader__slu-mix-1,2025-02-02 10:21:21+00:00,da659edb1946627b86c0465579928858c0c95d77,0.4302,0.39171294053918315,-0.038487059460816875,0.2223919861503023,0.4794640826296025,0.14330203976624326,0.0945273631840796,0.10673903211216644,False,
1240,jaspionjader__slu-34,2025-02-02 10:24:01+00:00,b1490c5ea65c681e5bceee09da7171105aeadadb,0.4152,0.39171294053918315,-0.02348705946081686,0.21830962220318148,0.4611048467298193,0.13921967581912265,0.04613297150610583,0.048846675712347354,False,
1241,jaspionjader__slu-35,2025-02-02 10:51:55+00:00,f9db81e2b901c6d468140130dae88ddb6f588893,0.4148,0.39171294053918315,-0.02308705946081685,0.21846279222300496,0.46723153819861163,0.13937284583894596,0.04703753957485301,0.0673903211216644,False,
1242,jaspionjader__slu-36,2025-02-02 10:53:42+00:00,6861d1d65dba0c2795b496c82cb205501b6bd0bc,0.4128,0.39171294053918315,-0.021087059460816848,0.21700216860351734,0.4624449305406761,0.1379122222194582,0.036635006784260515,0.052917232021709636,False,
1243,Sakalti__mergekit-della_linear-vmeykci,2025-02-02 11:23:44+00:00,cf258633bcc717e3348cc049c402ee55f2bf6e1f,0.2404,0.39171294053918315,0.15131294053918315,0.36874256853555376,1.188425191036182,0.28965262215149534,0.9538670284938942,0.9543193125282677,False,
1244,jaspionjader__slu-37,2025-02-02 11:24:16+00:00,32c108541dc68cc9efb2405bcb7ce4a85f9285ee,0.4172,0.39171294053918315,-0.025487059460816863,0.21784444856630658,0.4625096643760444,0.13875450218224766,0.041610131162369966,0.05336951605608322,False,
1245,icefog72__Ice0.76-02.02-RP,2025-02-02 11:43:11+00:00,a290ac5b9990d7030c7a753f5fdfe209752ccce6,0.4018,0.39171294053918315,-0.010087059460816838,0.22267521807287943,0.4879644486997019,0.14358527168882082,0.09950248756218906,0.12709181365897784,False,
1246,bunnycore__Llama-3.2-3B-Bespoke-Thought,2025-02-02 11:52:09+00:00,b64cd0e8a9cf13e7d4b4101544356526a0c23795,0.366,0.39171294053918315,0.02571294053918316,0.2708068982818744,0.6831834350218586,0.19171695189781496,0.3790140208050656,0.37675260063319765,False,
1247,icefog72__Ice0.77-02.02-RP,2025-02-02 12:13:35+00:00,1e0c8d1b854f5ae9298d280a23695d60fe4cfaaf,0.4148,0.39171294053918315,-0.02308705946081685,0.21455611655782464,0.4613820868131432,0.13546617017376594,0.022614201718679332,0.04975124378109453,False,
1248,Triangle104__Q2.5-14B-Instruct-1M-Harmony,2025-02-02 12:38:25+00:00,61dd568f7fb4c6ef265a89aaa1a48013cfd66eb2,0.5526,0.39171294053918315,-0.16088705946081683,0.3030017321597448,0.8235457741560213,0.22391178577568613,0.5621890547263682,0.5481682496607869,False,
1249,bunnycore__Phi-4-RR-Shoup,2025-02-02 12:54:47+00:00,1f864b4b01116c5a603e119587c1486e00f0aea3,0.6024,0.39171294053918315,-0.2106870594608169,0.3338274537092913,0.9770197378477229,0.2547375073252329,0.7575757575757576,0.7367706919945726,False,
1250,Sakalti__ultiima-14B-v0.4,2025-02-02 14:04:15+00:00,693e94eae26dd3fe3617679a2c0309cff0a7e714,0.5334,0.39171294053918315,-0.14168705946081683,0.298050703579844,0.8061506548458075,0.21896075719578426,0.5359565807327001,0.5300768882858435,False,
1251,icefog72__Ice0.78-02.02-RP,2025-02-02 14:09:30+00:00,83d37313738e29009248ecee91820cd06756d0dc,0.4022,0.39171294053918315,-0.01048705946081685,0.21952307736727666,0.4662441168847173,0.14043313098321783,0.06151062867480778,0.0642243328810493,False,
1252,saishf__Neural-SOVLish-Devil-8B-L3,2025-02-02 14:59:03+00:00,5a417f9ffb0de9c81e9c159ceab9ae13b6451da5,0.4224,0.39171294053918315,-0.030687059460816846,0.22837374248483525,0.49962591521991756,0.14928379610077613,0.14292175486205336,0.14654002713704206,False,
1253,DreadPoor__Spring_Dusk-8B-SCE,2025-02-02 15:28:37+00:00,0af6b9a70a3b9c8cbcfaa12b2b4d8aa99e69fbf0,0.4592,0.39171294053918315,-0.06748705946081685,0.232544383679502,0.5150036952690008,0.1534544372954429,0.17322478516508366,0.17639077340569878,False,
1254,prithivMLmods__Calcium-Opus-14B-Elite2-R1,2025-02-02 23:55:12+00:00,9cca6d859a23966ca545be95b45cad32383388e5,0.5576,0.39171294053918315,-0.16588705946081683,0.3068497165943839,0.8335655699511341,0.22775977021032473,0.5888738127544098,0.5594753505201266,False,
1255,T145__ZEUS-8B-V29,2025-02-03 09:29:42+00:00,13ee54c65853ffd394ecea8efbf5cd33f212e624,0.45,0.39171294053918315,-0.05828705946081686,0.23566379661059841,0.5198560535579694,0.15657385022653997,0.19629127091813658,0.1822704658525554,False,
1256,ehristoforu__fd-lora-merged-16x32,2025-02-03 09:51:53+00:00,be6d9a714f4485a98ea41e33f15855a6200a55e3,0.2778,0.39171294053918315,0.11391294053918316,0.34744620668084925,1.0714947113890878,0.26835626029679166,0.815015829941203,0.8104929895974672,False,
1257,ehristoforu__fd-lora-merged-64x128,2025-02-03 09:52:10+00:00,509898d3ce8bbebd1355e8d79098b21b208e950b,0.2748,0.39171294053918315,0.11691294053918316,0.33427556062321423,1.0055842545854,0.25518561423915664,0.7589326096788783,0.7648123021257349,False,
1258,jaspionjader__bh-11,2025-02-03 09:54:01+00:00,581f4b60056c84db9425adedc756d40a0c5f0469,0.4776,0.39171294053918315,-0.08588705946081687,0.22316911805516015,0.4752605370981466,0.1440791716711014,0.10492989597467209,0.09362279511533243,False,
1259,jaspionjader__bh-9,2025-02-03 09:54:05+00:00,19ab4ccf81691ddc0ae02bb9575d49279f5e6864,0.4774,0.39171294053918315,-0.08568705946081684,0.2221174695412739,0.47413135457540645,0.14302752315721504,0.09090909090909091,0.09181365897783808,False,
1260,jaspionjader__bh-12,2025-02-03 09:54:07+00:00,5d21426838d2a1ef0aec4d9e44f92e3edbc7bae6,0.4736,0.39171294053918315,-0.08188705946081687,0.22188241343322637,0.4710870064443617,0.1427924670491673,0.08864767073722297,0.08050655811849841,False,
1261,jaspionjader__bh-7,2025-02-03 09:54:17+00:00,d1110f45b5a2708305104bf4190984c59aa47757,0.4746,0.39171294053918315,-0.08288705946081687,0.21919384168328138,0.4635829563914458,0.14010389529922251,0.0574400723654455,0.056535504296698326,False,
1262,jaspionjader__bh-8,2025-02-03 09:54:50+00:00,3e9ef224b9aef763cc75e7a76cce4cc58d7e217c,0.4822,0.39171294053918315,-0.09048705946081687,0.224376164971364,0.4803573187800267,0.1452862185873053,0.11533242876526459,0.10990502035278155,False,
1263,jaspionjader__bh-5,2025-02-03 09:55:10+00:00,463983f66b801b4368a16cd6675cb45cfc5afb02,0.4768,0.39171294053918315,-0.08508705946081685,0.21924210304077027,0.4642485631574902,0.14015215665671152,0.05879692446856626,0.05834464043419267,False,
1264,jaspionjader__bh-1,2025-02-03 09:55:12+00:00,ca6d380824012d07c8bcc6bd92e08bf775217900,0.4568,0.39171294053918315,-0.06508705946081683,0.23062271656015504,0.5026376736723529,0.15153277017609668,0.15829941203075532,0.15287200361827227,False,
1265,jaspionjader__bh-2,2025-02-03 09:55:16+00:00,9fc0f2a79da8ea6658ace290fcbe033df1a01216,0.4784,0.39171294053918315,-0.08668705946081684,0.22121341522323296,0.4667083791351844,0.14212346883917407,0.08005427408412483,0.06512890094979647,False,
1266,jaspionjader__bh-4,2025-02-03 09:55:18+00:00,60a5a03d98e03cf51b896578114469c9c00aee96,0.4776,0.39171294053918315,-0.08588705946081687,0.22325452999331652,0.4776361053979572,0.14416458360925805,0.10583446404341927,0.10221619176843058,False,
1267,jaspionjader__bh-3,2025-02-03 09:55:35+00:00,562f561400651ff2c866cd2810f19691baf406f9,0.4782,0.39171294053918315,-0.08648705946081686,0.2228894902677194,0.4764435632858598,0.14379954388366054,0.10176390773405698,0.09769335142469471,False,
1268,DreadPoor__Summer_Rain-8B-TIES,2025-02-03 09:55:53+00:00,589cd03b5f2a97f7d53f0c6a5084450ed4cfcfc8,0.47,0.39171294053918315,-0.07828705946081682,0.23261390248885522,0.5071794874904285,0.15352395610479624,0.17367706919945725,0.16101311623699682,False,
1269,jaspionjader__bh-10,2025-02-03 09:56:11+00:00,c93f08caa813bc76766580e0c4166eb9be1ed06b,0.476,0.39171294053918315,-0.08428705946081683,0.22130954209510642,0.4687254768390235,0.14221959571104745,0.08050655811849841,0.07372229760289462,False,
1270,jaspionjader__bh-6,2025-02-03 09:59:30+00:00,efba788f11f747abc43fe7ff50128433c29dead2,0.4772,0.39171294053918315,-0.08548705946081686,0.22031411404799706,0.46506042536832753,0.14122416766393833,0.0673903211216644,0.06151062867480778,False,
1271,jaspionjader__bh-13,2025-02-03 10:00:13+00:00,83f2080ed2263f9c2e65810a3ce203417075aa23,0.4742,0.39171294053918315,-0.08248705946081686,0.2212016442178681,0.4659334516537391,0.14211169783380906,0.07914970601537766,0.06331976481230213,False,
1272,jaspionjader__bh-15,2025-02-03 10:23:09+00:00,2a3d5530925b7d5d63dce445c4788561e3f0df3f,0.4758,0.39171294053918315,-0.08408705946081685,0.22283533288270568,0.47363005287584026,0.1437453864986467,0.1013116236996834,0.08864767073722297,False,
1273,jaspionjader__bh-17,2025-02-03 10:25:27+00:00,73109501aa6d31a32a859db74058c2abea06dad8,0.4694,0.39171294053918315,-0.07768705946081683,0.21939499606550003,0.4593711826566582,0.14030504968144114,0.06060606060606061,0.0438715513342379,False,
1274,jaspionjader__bh-16,2025-02-03 10:25:28+00:00,0895198b71eb3aa2c9f7a958017f1717767e51a6,0.4738,0.39171294053918315,-0.08208705946081685,0.22095280969914943,0.4677502966114772,0.14186286331509035,0.07553143374038897,0.06965174129353234,False,
1275,jaspionjader__bh-18,2025-02-03 10:26:07+00:00,8b2690a2864176eb59dc964a8863fc6419d1b910,0.4778,0.39171294053918315,-0.08608705946081685,0.22725505892797487,0.4911642114139116,0.1481651125439163,0.13432835820895522,0.1320669380370873,False,
1276,jaspionjader__bh-19,2025-02-03 10:28:44+00:00,eafe3424a34bd275afcb925081c9039cab55365d,0.4676,0.39171294053918315,-0.07588705946081686,0.2192164440994535,0.46204112701336264,0.1401264977153945,0.05789235639981909,0.051560379918588875,False,
1277,jaspionjader__bh-20,2025-02-03 10:30:38+00:00,1c1281f4056e22ec04f6afc628d44d421b57a026,0.4694,0.39171294053918315,-0.07768705946081683,0.2193450338234997,0.46265087402244137,0.1402550874394408,0.060153776571687016,0.054274084124830396,False,
1278,bunnycore__Phi-4-RStock-v0.1,2025-02-03 10:31:56+00:00,51655bdbbb63804c0c2e8074662c941be91f5877,0.593,0.39171294053918315,-0.20128705946081682,0.32150915527099944,0.8978335031026445,0.24241920888694113,0.6874717322478516,0.6639529624604251,False,
1279,jaspionjader__bh-22,2025-02-03 10:32:31+00:00,41fc31a3b8bd12eecde8d366019eb9fe02993cf5,0.473,0.39171294053918315,-0.08128705946081682,0.22170753261244286,0.4715331812990632,0.14261758622838414,0.08548168249660787,0.08186341022161918,False,
1280,Sakalti__SJT-8B,2025-02-03 11:12:43+00:00,63ad4dcf1235bb44bb4cba87216e591735318678,0.4668,0.39171294053918315,-0.07508705946081684,0.25994739857579185,0.6383533343134206,0.18085745219173288,0.3360470375395749,0.33469018543645407,False,
1281,jaspionjader__bh-23,2025-02-03 11:16:13+00:00,28bd8348c0b7c69f7795b1064f0c88b74626993f,0.4668,0.39171294053918315,-0.07508705946081684,0.21966357568739453,0.4655372168748229,0.14057362930333556,0.06377204884667571,0.06241519674355495,False,
1282,T145__KRONOS-8B-V9,2025-02-03 11:17:47+00:00,e3619fd217f057ed963992a9de5661f06864573f,0.4486,0.39171294053918315,-0.05688705946081685,0.2413121957303872,0.5456421458084083,0.1622222493463283,0.23247399366802352,0.2234283129805518,False,
1283,DreadPoor__Summer_Rain-8B-SCE,2025-02-03 11:17:56+00:00,a5e21d04b957681d4c5f4901108cabbfb46dfb4b,0.47,0.39171294053918315,-0.07828705946081682,0.23261390248885522,0.5071794874904285,0.15352395610479624,0.17367706919945725,0.16101311623699682,False,
1284,Xiaojian9992024__Llama3.2-1B-THREADRIPPER,2025-02-03 12:11:49+00:00,b6ffcaa2eb160f94f3e6870d084f83fafd5f3c03,0.3098,0.39171294053918315,0.08191294053918313,0.3324485048154661,0.9868891435045243,0.25335855843140676,0.7485300768882859,0.7476255088195387,False,
1285,icefog72__Ice0.80-03.02-RP,2025-02-03 12:14:23+00:00,ab80ad27cdb3e762270ba74a47bb43dde8cd2de7,0.4212,0.39171294053918315,-0.029487059460816867,0.22871585581658616,0.5090236797772081,0.14962590943252796,0.14608774310266848,0.1628222523744912,False,
1286,jaspionjader__bh-30,2025-02-03 12:21:57+00:00,173b71c822b328843c8c2d568045274742049994,0.4632,0.39171294053918315,-0.07148705946081685,0.21874167055887234,0.4609749819122884,0.13965172417481328,0.04929895974672094,0.04748982360922659,False,
1287,jaspionjader__bh-27,2025-02-03 12:22:43+00:00,6daac13949b1e859d3db8844e3327d247a4b35a2,0.4664,0.39171294053918315,-0.07468705946081683,0.2190210505761383,0.46403444779405156,0.13993110419207924,0.054274084124830396,0.0574400723654455,False,
1288,jaspionjader__bh-25,2025-02-03 12:22:55+00:00,999c900c59795e6289a4ba918a3697a412f55284,0.466,0.39171294053918315,-0.07428705946081687,0.22000026657819693,0.4662294771122156,0.1409103201941381,0.06512890094979647,0.06377204884667571,False,
1289,jaspionjader__bh-28,2025-02-03 12:22:59+00:00,f63d633902116b13a27b5434abd0d24126b16827,0.4676,0.39171294053918315,-0.07588705946081686,0.21960335110109613,0.46519811760847385,0.14051340471703683,0.06286748077792854,0.06196291270918137,False,
1290,jaspionjader__bh-26,2025-02-03 12:23:10+00:00,5528ad7a744bbbf49bbdb7685af32e912755c2ef,0.4696,0.39171294053918315,-0.07788705946081687,0.22226864478569938,0.4706255251683545,0.14317869840164035,0.09271822704658525,0.0777928539122569,False,
1291,jaspionjader__bh-29,2025-02-03 12:23:26+00:00,702cc66e117997f35ea10a66490526a73fcafa0f,0.4652,0.39171294053918315,-0.07348705946081685,0.21955887249189776,0.4629164943545969,0.1404689261078388,0.06196291270918137,0.055178652193577565,False,
1292,DreadPoor__HOT_STINKING_GARBAGE,2025-02-03 12:25:48+00:00,7576f36629186392fb9bdffc21c37388096d2dd6,0.398,0.39171294053918315,-0.006287059460816868,0.2606507450048653,0.6502659515387067,0.18156079862080643,0.34011759384893714,0.3469018543645409,False,
1293,Quazim0t0__Alien-CoT-14B-sce,2025-02-03 12:34:27+00:00,41530a53402a5ff2f45dee8392f32708973910e1,0.5466,0.39171294053918315,-0.15488705946081682,0.347394982652834,1.0657178084250396,0.26830503626877567,0.8145635459068294,0.8073270013568521,False,
1294,Quazim0t0__Knot-CoT-14B-sce,2025-02-03 12:35:19+00:00,b595ac1514df453442973843440294c3107b1e27,0.5366,0.39171294053918315,-0.1448870594608168,0.3007720079213345,0.8113126700799614,0.22168206153727552,0.5486205336951605,0.535052012663953,False,
1295,jaspionjader__bh-31,2025-02-03 12:42:30+00:00,c3f61ed0217ad9857363f4090e56bf81ca37b532,0.4638,0.39171294053918315,-0.07208705946081684,0.2177939605299685,0.45777822691565234,0.13870401414590913,0.04115784712799638,0.04206241519674356,False,
1296,jaspionjader__bh-32,2025-02-03 12:43:29+00:00,d5cd43c2aea511f0faf123ecffb5066e8c133d09,0.4636,0.39171294053918315,-0.07188705946081686,0.21848636847159184,0.4624003991942784,0.13939642208753247,0.04748982360922659,0.052464947987336044,False,
1297,jaspionjader__bh-33,2025-02-03 12:44:08+00:00,f74da52dc90d91401036e617f59ec391287c0932,0.4598,0.39171294053918315,-0.06808705946081683,0.2163161135744645,0.45389054444043714,0.13722616719040528,0.03211216644052465,0.035278154681139755,False,
1298,jaspionjader__bh-37,2025-02-03 16:49:43+00:00,326bb80a0a5a9cb11213c6b44413691b32d62348,0.4604,0.39171294053918315,-0.06868705946081682,0.21788439438619103,0.4596983854226821,0.13879444800213184,0.04296698326549073,0.04477611940298507,False,
1299,jaspionjader__bh-38,2025-02-03 17:05:46+00:00,493b313187c4116346c5bfdbf0367a71024e5dce,0.4596,0.39171294053918315,-0.06788705946081686,0.2192642410218568,0.4633607050552692,0.14017429463779774,0.05924920850293985,0.05608322026232474,False,
1300,jaspionjader__bh-41,2025-02-03 18:01:12+00:00,207b6eeabb674e65de3ce8654ff1ff037dab6f26,0.4592,0.39171294053918315,-0.06748705946081685,0.22045766590824883,0.4727675432273594,0.14136771952419006,0.0710085933966531,0.08502939846223428,False,
1301,jaspionjader__bh-42,2025-02-03 18:07:04+00:00,a791102a5ca6d025e5302ddc39c573447990c624,0.46,0.39171294053918315,-0.06828705946081687,0.21965269969529877,0.46839611288720023,0.14056275331123988,0.06331976481230213,0.07236544549977386,False,
1302,jaspionjader__bh-43,2025-02-03 18:07:39+00:00,cfdc4047f1d333d24a89d160d66abb0ff3793fe1,0.4596,0.39171294053918315,-0.06788705946081686,0.21923484605200233,0.46256506795293734,0.14014489966794336,0.05834464043419267,0.053821800090456805,False,
1303,jaspionjader__bh-46,2025-02-03 19:34:10+00:00,1617a0e2a53abd7a83e4bf0112e905e6ef5c0440,0.4614,0.39171294053918315,-0.06968705946081682,0.22093417580678237,0.47239401433230416,0.14184422942272343,0.07507914970601538,0.08367254635911352,False,
1304,jaspionjader__bh-47,2025-02-03 19:37:14+00:00,ebdb25d57a3fd0dc4c792555e5589cf047790d6d,0.4552,0.39171294053918315,-0.06348705946081684,0.22035703442382323,0.4679965941949743,0.1412670880397644,0.06829488919041157,0.07055630936227951,False,
1305,jaspionjader__bh-48,2025-02-03 19:43:40+00:00,766e38cea71ed0b01d6bb159c245a502361fc3a9,0.4526,0.39171294053918315,-0.06088705946081685,0.21894621846790646,0.46480576335653295,0.13985627208384743,0.052917232021709636,0.05970149253731343,False,
1306,jaspionjader__bh-49,2025-02-03 20:06:03+00:00,938156c31488a8c28934f7b381bf8704c70a7c67,0.4542,0.39171294053918315,-0.06248705946081684,0.22185740058848283,0.4775228976505632,0.1427674542044238,0.08819538670284939,0.10176390773405698,False,
1307,jaspionjader__bh-50,2025-02-03 20:13:37+00:00,6fef41e1bb011e2da7be1c3064a225a1739da3d6,0.4538,0.39171294053918315,-0.06208705946081683,0.2229325427015798,0.4762651087653314,0.14384259631752072,0.10266847580280417,0.09633649932157395,False,
1308,jaspionjader__bh-55,2025-02-03 20:48:24+00:00,064baea15b2842a1ee6b9b20c632f953b132bf4a,0.4568,0.39171294053918315,-0.06508705946081683,0.2225742797520749,0.47814005607060234,0.14348433336801578,0.09814563545906829,0.10357304387155133,False,
1309,zelk12__MT-Gen6fix-gemma-2-9B,2025-02-03 20:57:28+00:00,32b8e7683ba85f3b6952d1022b8ff6370f2038db,0.4378,0.39171294053918315,-0.04608705946081687,0.2246565475518583,0.4708266591539316,0.14556660116779915,0.11804613297150611,0.07914970601537766,False,
1310,DreadPoor__Winter-8B-SCE,2025-02-03 22:31:59+00:00,e6d45eb66f898ef10feb53d80200b435eea832a8,0.4524,0.39171294053918315,-0.06068705946081687,0.22736895084233116,0.49402652950383874,0.1482790044582726,0.1347806422433288,0.13658977838082315,False,
1311,ehristoforu__qwen2.5-test-32b-it,2025-02-03 22:53:59+00:00,55322cc5729b01f112e6790d7aefa957824668fe,0.562,0.39171294053918315,-0.1702870594608169,0.28222805470763684,0.7171218536832175,0.2031381083235783,0.4445952057892356,0.41383989145183175,False,
1312,FINGU-AI__Chocolatine-Fusion-14B,2025-02-03 23:51:52+00:00,7fa1f075b912e0b480cef498dd2566ccc27f3bf5,0.5638,0.39171294053918315,-0.17208705946081682,0.3078501689202258,0.8454264390814676,0.22876022253616685,0.6001809136137495,0.5748530076888286,False,
1313,jaspionjader__bh-24,2025-02-04 00:45:49+00:00,064c90cabf683a8c222e0e5cc129ab01af489a86,0.4676,0.39171294053918315,-0.07588705946081686,0.21907477781937665,0.4610429113865596,0.13998483143531773,0.055178652193577565,0.04839439167797377,False,
1314,YOYO-AI__Qwen2.5-14B-YOYO-latest,2025-02-04 03:18:40+00:00,83a305ffa5549720fc711aa051514a96ea4be8d9,0.5696,0.39171294053918315,-0.17788705946081684,0.30565271275578465,0.8342613023283241,0.2265627663717259,0.5784712799638173,0.561284486657621,False,
1315,jaspionjader__bh-54,2025-02-04 03:49:00+00:00,227d1a44c1b48a46234592c77c463584bece48a7,0.4566,0.39171294053918315,-0.06488705946081685,0.22167537219580014,0.4782962994048265,0.14258542581174113,0.08502939846223428,0.10492989597467209,False,
1316,jaspionjader__bh-36,2025-02-04 07:39:06+00:00,41f62fa3c0cbdbb871738babb98f2c608620e6a6,0.4634,0.39171294053918315,-0.07168705946081683,0.2180521189704464,0.4591029407677788,0.13896217258638716,0.04432383536861149,0.04341926729986431,False,
1317,jaspionjader__bh-39,2025-02-04 07:47:49+00:00,4d290b84e582d45fd883f11f455638cfa1834c4b,0.4636,0.39171294053918315,-0.07188705946081686,0.22075654807575443,0.46770085254318156,0.14166660169169554,0.07281772953414745,0.06874717322478517,False,
1318,SentientAGI__Dobby-Mini-Unhinged-Llama-3.1-8B,2025-02-04 08:18:59+00:00,2cf86752edb8676fb7b3652d9d9ce450a2bfbf79,0.447,0.39171294053918315,-0.055287059460816856,0.2375203164852041,0.530518925732945,0.15843037010114586,0.21121664405246496,0.2021709633649932,False,
1319,Quazim0t0__Phi4Basis-14B-sce,2025-02-04 08:19:52+00:00,8f0f43c6baedb8e8b568ab4d2c513e5904caf5dc,0.5958,0.39171294053918315,-0.20408705946081684,0.32931586036621263,0.9573337182049574,0.25022591398215427,0.7290818634102216,0.7227498869289914,False,
1320,ehristoforu__testq-32b,2025-02-04 20:22:18+00:00,79fb4e4f5e3000282a4a87e55cc8eb0588fba50c,0.2406,0.39171294053918315,0.15111294053918314,0.3555773727042439,1.122284809735526,0.27648742632018564,0.8453188602442334,0.8489371325192221,False,
1321,fblgit__miniclaus-qw1.5B-UNAMGS-GRPO,2025-02-04 21:22:40+00:00,73e1eb92aadf2446396b3f4b33a77c6daf6a3b7d,0.3586,0.39171294053918315,0.03311294053918318,0.29195956694253766,0.7927287105828684,0.21286962055847852,0.5029398462234284,0.5137946630483944,False,
1322,jaspionjader__bh-57,2025-02-04 21:22:53+00:00,07386f3c8665cfbfa65812ffb49276c455279a46,0.4438,0.39171294053918315,-0.05208705946081682,0.21957131989317272,0.46397000589156767,0.1404813735091138,0.06241519674355495,0.05698778833107191,False,
1323,netcat420__qwen2.5-MFANN-7b-SLERPv1.1,2025-02-04 21:31:27+00:00,698e293167c07d9beaee8bf3b04fbe47541ec107,0.4374,0.39171294053918315,-0.04568705946081686,0.2797080237544467,0.7259345640708639,0.20061807737038728,0.42786069651741293,0.4260515603799186,False,
1324,Quazim0t0__Loke-14B-sce,2025-02-04 21:40:35+00:00,d39ffba6e9fb9ff697aba57720b2fb2dbf66c9c8,0.593,0.39171294053918315,-0.20128705946081682,0.3210321975800871,0.8917335682467605,0.24194225119602866,0.6847580280416101,0.6521935775667119,False,
1325,Sakalti__SJT-8B-V1.1,2025-02-04 21:41:19+00:00,1965dfcfc0ae5ba077bee057b459c59e58130314,0.4302,0.39171294053918315,-0.038487059460816875,0.24370035448986951,0.5708834434812001,0.16461040810581135,0.24920850293984623,0.26322930800542743,False,
1326,bunnycore__Llama-3.2-3B-RRStock,2025-02-04 23:07:21+00:00,cc4c6fe75f635c845e4fbcadea447578c67e58ec,0.3916,0.39171294053918315,0.00011294053918314839,0.2766314020018732,0.707872327124134,0.1975414556178133,0.40615106286748076,0.40298507462686567,False,
1327,prithivMLmods__Megatron-Opus-7B-Exp,2025-02-04 23:12:22+00:00,c95b686b97dacaaa465d6c9984b8f666d72cc6c2,0.454,0.39171294053918315,-0.06228705946081686,0.26488316473268747,0.6548590548216402,0.18579321834862875,0.35549525101763907,0.3518769787426504,False,
1328,Sakalti__SJT-7B-V1.1-Multilingal,2025-02-04 23:15:42+00:00,c9c508646e3a1a624e908dc6bf6ad45f4e9b65ba,0.25,0.39171294053918315,0.14171294053918315,0.3591020496975493,1.1269252047541762,0.28001210331349086,0.8751696065128901,0.8570782451379466,False,
1329,jpacifico__Chocolatine-2-14B-Instruct-v2.0.1,2025-02-04 23:18:38+00:00,a48ec725175eb64c61e7c3a25354ce381a1ecafe,0.5588,0.39171294053918315,-0.1670870594608168,0.32999286692954344,0.9620351416402607,0.25090292054548424,0.7345092718227046,0.7241067390321122,False,
1330,Quazim0t0__Mithril-14B-sce,2025-02-04 23:26:29+00:00,457581a39a37d5b076bc46c54e358777c0b580af,0.594,0.39171294053918315,-0.20228705946081682,0.3201482169577626,0.8934023750404906,0.24105827057370402,0.6797829036635007,0.655359565807327,False,
1331,jaspionjader__bh-35,2025-02-04 23:43:46+00:00,b9c9e5cc88d5bc27c38aed11fdd7f4442c425d9d,0.4608,0.39171294053918315,-0.06908705946081684,0.21901054416159055,0.46101466489561443,0.13992059777753146,0.053821800090456805,0.04794210764360018,False,
1332,DreadPoor__tests_pending-do_not_use_yet,2025-02-04 23:47:57+00:00,f4f908709968471126711303d7293aaac9b1ec0c,0.4656,0.39171294053918315,-0.07388705946081686,0.2283700646516237,0.4989051809860851,0.14928011826756518,0.14246947082767977,0.1451831750339213,False,
1333,jaspionjader__bh-56,2025-02-04 23:49:48+00:00,0bb15aa197c6908998e103f7fa46f06c51ca33ce,0.4464,0.39171294053918315,-0.05468705946081687,0.22073489403964092,0.4687967287065091,0.14164494765558192,0.07236544549977386,0.0741745816372682,False,
1334,jaspionjader__bh-51,2025-02-04 23:49:53+00:00,57c3681dabe6ca0eda02f206720ea836f4fffe3c,0.4534,0.39171294053918315,-0.06168705946081687,0.2217286040773042,0.474096736537846,0.1426386576932453,0.08683853459972862,0.0913613749434645,False,
1335,jaspionjader__bh-58,2025-02-04 23:58:14+00:00,b94ee9610b6bf8111091277722d267820aac9b56,0.4462,0.39171294053918315,-0.054487059460816833,0.2211780746943328,0.4711499193282377,0.14208812831027373,0.0777928539122569,0.08095884215287201,False,
1336,Quazim0t0__Adamant-14B-sce,2025-02-04 23:59:14+00:00,a90c8902426f761edd79639e2f31a9060f7cbbe5,0.5826,0.39171294053918315,-0.19088705946081685,0.31432010525699355,0.8660482620826502,0.23523015887293522,0.6445047489823609,0.6096788783355948,False,
1337,zelk12__MT1-Gen6-gemma-2-9B,2025-02-05 00:09:17+00:00,84892b310f01e61e6e05b9ccf13c1244a49d25ac,0.438,0.39171294053918315,-0.04628705946081685,0.22439301430121955,0.46908356576559535,0.14530306791716044,0.11578471279963817,0.07462686567164178,False,
1338,SkyOrbis__SKY-Ko-Qwen2.5-7B-Instruct-SFT-step-5000,2025-02-05 00:10:48+00:00,77528b01119818929d92b470c818ca3e8053d1d1,0.4474,0.39171294053918315,-0.05568705946081687,0.268563447967787,0.6878810791256504,0.18947350158372864,0.36951605608322025,0.3812754409769335,False,
1339,Sakalti__SJT-7B-V1.1,2025-02-05 00:12:31+00:00,e6f6191a3521fdf444a44716ac5929573f7d311e,0.4648,0.39171294053918315,-0.07308705946081684,0.26892277568366296,0.6803776684888488,0.18983282929960432,0.3704206241519674,0.37358661239258256,False,
1340,Sakalti__SJT-2B-V1.1,2025-02-05 00:18:22+00:00,2688232a17cc1479c581b0a380b4321f0023287d,0.324,0.39171294053918315,0.06771294053918314,0.2862468137221462,0.7654521486323546,0.20715686733808647,0.4735413839891452,0.47715965626413387,False,
1341,jaspionjader__bh-40,2025-02-05 00:20:56+00:00,f7a3cc1f1ec566fbaefc739e51c40ab4ba0fe48c,0.463,0.39171294053918315,-0.07128705946081687,0.22037846922525264,0.46852626133301467,0.14128852284119356,0.06874717322478517,0.07281772953414745,False,
1342,Quazim0t0__ODB-14B-sce,2025-02-05 00:25:55+00:00,eefdb1097d8bbe64a31a6d620f9393d29cd2d4e6,0.4824,0.39171294053918315,-0.09068705946081684,0.2689548412079146,0.6612750085340524,0.18986489482385624,0.370872908186341,0.3573043871551334,False,
1343,Xiaojian9992024__Llama3.2-1B-THREADRIPPER-v0.2,2025-02-05 00:27:49+00:00,5e2cd7a7632ca1432720a059c7fe5866dc328ab8,0.3052,0.39171294053918315,0.08651294053918313,0.3444214411811873,1.0551602302938095,0.2653314947971286,0.7996381727725012,0.8018995929443691,False,
1344,EpistemeAI__Reasoning-Llama-3.2-1B-Instruct-v1.2,2025-02-05 00:42:13+00:00,143c59654439de40e074e709e8ea01f9f0db67eb,0.278,0.39171294053918315,0.11371294053918313,0.36342568906668726,1.1436699864690247,0.28433574268262907,0.921302578018996,0.8968792401628223,False,
1345,EpistemeAI__Reasoning-Llama-3.2-3B-Math-Instruct-RE1,2025-02-05 00:48:44+00:00,3b7e671a08cfe429dfbbace5b92ee5fd7dea915d,0.3534,0.39171294053918315,0.03831294053918316,0.26730175956931496,0.6798507163767583,0.18821181318525546,0.3622795115332429,0.3722297602894618,False,
1346,xwen-team__Xwen-7B-Chat,2025-02-05 00:51:38+00:00,50ce3c9c939e5a79d28633d91ba6f8065c6978e9,0.4714,0.39171294053918315,-0.07968705946081683,0.3085662895960025,0.8922774675523651,0.2294763432119434,0.6056083220262325,0.6526458616010855,False,
1347,SentientAGI__Dobby-Mini-Leashed-Llama-3.1-8B,2025-02-05 00:54:46+00:00,1f4e1bd4bb90dd6d5a5164a71a4a3652d404445c,0.4578,0.39171294053918315,-0.06608705946081683,0.23730294927153114,0.5378408155471279,0.15821300288747178,0.208955223880597,0.2157394843962008,False,
1348,Danielbrdz__Barcenas-14b-phi-4-v2,2025-02-05 01:03:57+00:00,54ec560b743505aeee20d8e394f2b809c262ecc0,0.5404,0.39171294053918315,-0.14868705946081684,0.3139104100423981,0.8651574246978191,0.23482046365833897,0.6413387607417458,0.6074174581637268,False,
1349,Quazim0t0__Halo-14B-sce,2025-02-05 01:07:36+00:00,7cb19c18069ecb7b6eb7e86a5612f4851eb3bead,0.59,0.39171294053918315,-0.19828705946081682,0.3229667150317518,0.9150270189829492,0.24387676864769328,0.6960651289009498,0.6843057440072365,False,
1350,Cran-May__SCE-3-24B,2025-02-05 01:07:56+00:00,d6cb2c49d42a31a5c7ca3067ce331e6c24760391,0.4966,0.39171294053918315,-0.10488705946081683,0.25499619328059087,0.6021721959654779,0.1759062468965318,0.31298055178652195,0.30257801899592945,False,
1351,jaspionjader__bh-52,2025-02-05 01:10:36+00:00,dc9bb816f3eda4aa1eb294f1f26e12cf8168d5eb,0.445,0.39171294053918315,-0.053287059460816855,0.2180808133477339,0.4617154808093446,0.13899086696367455,0.04477611940298507,0.05110809588421529,False,
1352,jaspionjader__bh-53,2025-02-05 01:14:03+00:00,4950f9af768ab66a8f8a096e032922d8d0e35107,0.453,0.39171294053918315,-0.06128705946081686,0.22088826436258246,0.46998445959384316,0.14179831797852338,0.07462686567164178,0.07688828584350972,False,
1353,Cran-May__SCE-2-24B,2025-02-05 01:14:42+00:00,7f7f73206397e6d7625131a1e5b6d64464e3026e,0.5118,0.39171294053918315,-0.12008705946081688,0.26116820654584305,0.6256267599677517,0.18207826016178458,0.3437358661239258,0.32247851650836723,False,
1354,sometimesanotion__Qwenvergence-14B-v13-Prose-DS,2025-02-05 01:39:41+00:00,943b3bd9df1bc29e2bcab797d8f65ebd5161ed3c,0.5752,0.39171294053918315,-0.1834870594608169,0.324456896835621,0.9152124415553915,0.24536695045156212,0.7055630936227951,0.6852103120759837,False,
1355,CultriX__Qwen2.5-14B-Ultimav2,2025-02-05 01:39:47+00:00,70b880c09dddf7737de30d11b5c1dde77d86aa51,0.569,0.39171294053918315,-0.1772870594608168,0.3147379269816592,0.8704888422777467,0.23564798059760048,0.6481230212573497,0.6160108548168249,False,
1356,jaspionjader__bh-44,2025-02-05 02:11:23+00:00,0b5bce41842005631f94ffdf83bbfd387ad2c4b9,0.4614,0.39171294053918315,-0.06968705946081682,0.2209621057034246,0.4727335982121399,0.14187215931936556,0.07598371777476255,0.0845771144278607,False,
1357,DreadPoor__Summer_Dusk-8B-TIES,2025-02-05 02:25:30+00:00,3c9446a99c45916310a5936a69b505c35c5bd15d,0.443,0.39171294053918315,-0.05128705946081685,0.21932853107916603,0.46489835765005794,0.1402385846951078,0.05970149253731343,0.060153776571687016,False,
1358,Quazim0t0__Origami-14B-sce,2025-02-05 02:29:03+00:00,1a35c9a541b61cf29f4cd772643728eeaf0b1a81,0.4976,0.39171294053918315,-0.10588705946081683,0.27665420179470324,0.7007502860309902,0.19756425541064446,0.40705563093622793,0.39574853007688826,False,
1359,Quazim0t0__Mononoke-14B-sce,2025-02-05 02:30:58+00:00,0637a1808401cf32157b24a76aee8236119cc4dd,0.5538,0.39171294053918315,-0.1620870594608168,0.31901756686005717,0.9113513335587693,0.23992762047599892,0.6739032112166441,0.6824966078697422,False,
1360,ZeroXClem__Qwen2.5-7B-CelestialHarmony-1M,2025-02-05 02:36:05+00:00,47f44ba7f7d88f1ef1c87bf3d19071d04f241d4d,0.4816,0.39171294053918315,-0.08988705946081682,0.2743769050725913,0.7250339111600244,0.19528695868853224,0.3943916779737675,0.4251469923111714,False,
1361,Sakalti__SJT-24B-Alpha,2025-02-05 02:56:01+00:00,fdf7d78d635ee1a8c4375d9f76adbc8aaefc6101,0.498,0.39171294053918315,-0.10628705946081685,0.26235062429876566,0.6473160430019546,0.18326067791470632,0.34961555857078247,0.3437358661239258,False,
1362,prithivMLmods__Megatron-Opus-14B-Stock,2025-02-05 03:02:05+00:00,e8cd37dfb3a551d58e05c63c475c45a66378e74a,0.5492,0.39171294053918315,-0.15748705946081687,0.3059710452064702,0.8407867062730442,0.22688109882241086,0.5816372682044324,0.5680687471732248,False,
1363,prithivMLmods__Megatron-Opus-14B-Exp,2025-02-05 03:02:31+00:00,6c09b5af0d8ca7e6ff07b4afec831a73d95a4ece,0.5554,0.39171294053918315,-0.16368705946081685,0.3098016954121084,0.8481223432656101,0.23071174902804883,0.6164631388511985,0.5780189959294437,False,
1364,prithivMLmods__Primal-Opus-14B-Optimus-v1,2025-02-05 03:05:20+00:00,b347eadec8a10311cb033b9978c63a30b2b69ca4,0.5498,0.39171294053918315,-0.1580870594608168,0.30963736516330576,0.8739443939156563,0.23054741877924625,0.6151062867480778,0.6209859791949344,False,
1365,Quazim0t0__Venti-20b,2025-02-05 03:22:24+00:00,aeffd13addd33dc084ff45aa15214c78ff433094,0.5788,0.39171294053918315,-0.18708705946081683,0.31110142580457273,0.8509631404812164,0.23201147942051353,0.6255088195386703,0.5829941203075532,False,
1366,FINGU-AI__RomboUltima-32B,2025-02-05 03:30:01+00:00,cfcf43fd48d0fa302b71b27517f6be70e4c48fa0,0.5974,0.39171294053918315,-0.2056870594608169,0.3237592872575855,0.9434206629344457,0.24466934087352665,0.7005879692446857,0.7137042062415196,False,
1367,Quazim0t0__InspectorDeck-14B-sce,2025-02-05 04:01:57+00:00,51f03b1c5cd24079f571badbe191faac4831807c,0.508,0.39171294053918315,-0.11628705946081686,0.2847358521527736,0.7395635203135842,0.20564590576871433,0.4635911352329263,0.4445952057892356,False,
1368,Quazim0t0__SZA-14B-sce,2025-02-05 04:05:12+00:00,5b2dcd5b6ee746c2e9c70ea6f7724ef4ee5a199c,0.595,0.39171294053918315,-0.20328705946081682,0.3380202752481468,0.9995691288992846,0.2589303288640886,0.7783808231569426,0.7580280416101312,False,
1369,LeroyDyer__CheckPoint_A,2025-02-05 05:31:50+00:00,198e267bbf0892e636c8689b83980477180c3464,0.3904,0.39171294053918315,0.0013129405391831273,0.2466314721784434,0.587657986509166,0.16754152579438492,0.27091813658977837,0.2826775214834916,False,
1370,sthenno__tempesthenno-kto-0205-ckpt80,2025-02-05 07:40:40+00:00,9bd679e27ddaee6ca5bb86fba07c14ab476db3b3,0.5554,0.39171294053918315,-0.16368705946081685,0.30155708658450764,0.8004958255999322,0.222467140200449,0.5545002261420172,0.5228403437358661,False,
1371,YOYO-AI__ZYH-LLM-Qwen2.5-14B,2025-02-05 07:58:09+00:00,b8a9cf97d4baba6b725710d9ac5609d675f61d80,0.5666,0.39171294053918315,-0.17488705946081684,0.2990437698273756,0.7955662137936483,0.21995382344331738,0.5409317051108096,0.5169606512890095,False,
1372,sometimesanotion__KytheraMix-7B-v0.2,2025-02-05 08:01:25+00:00,d256df9c713f22462938142da13338050c9719d7,0.4936,0.39171294053918315,-0.10188705946081683,0.2710712037690118,0.6978051011903211,0.19198125738495403,0.38037087290818633,0.39258254183627317,False,
1373,Krystalan__DRT-o1-7B,2025-02-05 08:03:50+00:00,021cf733190f41a5d6fae10cffb73b9a0094b55b,0.4438,0.39171294053918315,-0.05208705946081682,0.25647845717739887,0.6349895815215972,0.17738851079334064,0.3211216644052465,0.331524197195839,False,
1374,jpacifico__Chocolatine-2-14B-Instruct-v2.0,2025-02-05 09:48:22+00:00,2a73b3a7851513b8d37edab9709dd53d8bbc0bb0,0.5616,0.39171294053918315,-0.16988705946081684,0.33223826414578456,0.9709102062255291,0.25314831776172547,0.7467209407507915,0.730890999547716,False,
1375,sumink__llamaft,2025-02-05 09:51:28+00:00,376828d589004d083803273139c5d1fbfe8e2930,0.3006,0.39171294053918315,0.09111294053918317,0.30071540774918354,0.8360104293506186,0.2216254613651228,0.5481682496607869,0.5644504748982361,False,
1376,Ayush-Singh__Llama1B-sft-2,2025-02-05 09:53:31+00:00,96c7cfbd1f460dc413e1b1ae12aa3454b3f2dd9d,0.2304,0.39171294053918315,0.16131294053918316,0.38415731073365467,1.2729920255398546,0.30506736434959664,0.9895974672094076,0.9905020352781547,False,
1377,sumink__flflmillama,2025-02-05 13:05:52+00:00,8f4a6a1d3688840eeba6e5f7dbc590109cf92912,0.3146,0.39171294053918315,0.07711294053918316,0.30682111548928737,0.863858696488563,0.2277311691052271,0.5879692446856626,0.6047037539574853,False,
1378,Quazim0t0__tesseract-14b-stock,2025-02-05 15:21:27+00:00,698f9ee403bed3f72b92740ec01f23347c80767c,0.5868,0.39171294053918315,-0.19508705946081684,0.3329914211723408,0.9722827655416609,0.2539014747882828,0.7512437810945274,0.7327001356852103,False,
1379,Triangle104__L3.1-8B-Dusky-Ink,2025-02-05 15:32:47+00:00,df651fba39cf4ad58b33c51176d0dabcbc10e4c1,0.4224,0.39171294053918315,-0.030687059460816846,0.24618665051481672,0.5894886546950923,0.1670967041307574,0.26594301221166894,0.28539122568973313,False,
1380,Triangle104__Distilled-DarkPlanet-Allades-8B_TIES,2025-02-05 15:43:58+00:00,826590686dc4a2a00e86068b0121a7497fa6e4e9,0.4076,0.39171294053918315,-0.015887059460816866,0.2342253476114644,0.5357451464797562,0.1551354012274053,0.18815015829941203,0.208955223880597,False,
1381,Quazim0t0__graphite-14b-sce,2025-02-05 15:47:10+00:00,d7f78851ba862538e5e885dc9769f36d291f77d3,0.5026,0.39171294053918315,-0.1108870594608169,0.28116222122525575,0.7208408361538307,0.2020722748411968,0.4360018091361375,0.42017186793306194,False,
1382,Quazim0t0__mosaic-14b-sce,2025-02-05 15:59:06+00:00,76ef0653025baa76547341421fff0954f4a07602,0.5926,0.39171294053918315,-0.20088705946081686,0.320512253562669,0.8994864298078968,0.24142230717861057,0.6829488919041158,0.668475802804161,False,
1383,FINGU-AI__Phi-4-RRStock,2025-02-05 16:09:20+00:00,35a6d4434d3286d04d1607196623bddf7cc635c7,0.4878,0.39171294053918315,-0.09608705946081686,0.29469179408028373,0.7757138684783144,0.21560184769622448,0.5210312075983717,0.4925373134328358,False,
1384,shivank21__mistral_dpo_self,2025-02-05 16:15:32+00:00,00cca517b373737fc180a11b07e70d81f269e45f,0.2724,0.39171294053918315,0.11931294053918318,0.3499061511217132,1.0800587333880114,0.27081620473765505,0.8227046585255541,0.8172772501130711,False,
1385,DreadPoor__TEST02-Ignore,2025-02-05 16:24:43+00:00,22edbcd4e7b14a5fbd1b23eca25ac9b9d0afb88e,0.452,0.39171294053918315,-0.06028705946081686,0.22653712418604632,0.48635739357494523,0.14744717780198682,0.12980551786521935,0.1252826775214835,False,
1386,cloudyu__S1-Llama-3.2-3Bx4-MoE,2025-02-05 16:24:44+00:00,3a5ca44e2c0df102b7a44e0d85d01f8d6dfb09d6,0.3808,0.39171294053918315,0.010912940539183125,0.28262070987169585,0.7373643269113566,0.20353076348763713,0.45047489823609227,0.4423337856173677,False,
1387,Triangle104__Gemmadevi-Stock-10B,2025-02-05 16:33:05+00:00,66b9aaa7beb4af9d74bf954576bf32258749d967,0.4604,0.39171294053918315,-0.06868705946081682,0.23972096130900322,0.5391316325498318,0.1606310149249446,0.2225237449118046,0.21754862053369517,False,
1388,Quazim0t0__time-14b-stock,2025-02-05 16:48:42+00:00,a73d90efb18f05748c30bba9d91b88d69a0f45f0,0.6002,0.39171294053918315,-0.2084870594608168,0.33510177525439655,0.98523735707667,0.2560118288703385,0.7639077340569878,0.7458163726820444,False,
1389,Quazim0t0__bloom-14b-stock,2025-02-05 16:53:03+00:00,b3a217db4e62ab8aac1e5cf3430e0c2d853d63bf,0.5936,0.39171294053918315,-0.20188705946081686,0.3255332300286459,0.9382136287754765,0.2464432836445875,0.710085933966531,0.7091813658977838,False,
1390,jaspionjader__bh-59,2025-02-05 17:06:05+00:00,37b6896e2ccb5c2b3f990a7bd0667024aec009cd,0.4552,0.39171294053918315,-0.06348705946081684,0.22071666306689652,0.47516423293076493,0.1416267166828373,0.07191316146540028,0.09271822704658525,False,
1391,Quazim0t0__NovaScotia-14b-stock,2025-02-05 17:08:23+00:00,1a4afad84ac15eb6a3ef7bcbfa1dd395f4c4c058,0.6016,0.39171294053918315,-0.20988705946081687,0.32945972129358664,0.9533690554143066,0.25036977490952844,0.7295341474445952,0.7191316146540027,False,
1392,sumink__llftfl7,2025-02-05 17:27:04+00:00,c6b689c970243b0d213823d346b164fad55eb377,0.3062,0.39171294053918315,0.08551294053918312,0.3095735295638057,0.8960150105464756,0.23048358317974657,0.613749434644957,0.6621438263229308,False,
1393,LeroyDyer__CheckPoint_C,2025-02-05 18:04:10+00:00,542ea3a50b709438dcdb6203f45433cb323b0229,0.3644,0.39171294053918315,0.02731294053918315,0.2479555374171286,0.5897755547729581,0.16886559103306928,0.2799638172772501,0.2862957937584803,False,
1394,LeroyDyer__CheckPoint_B,2025-02-05 18:08:32+00:00,1a0695364809a1d4a605643ffee77bf7233bb634,0.3918,0.39171294053918315,-8.705946081682958e-05,0.22672274321228547,0.49931284283811783,0.147632796828227,0.13161465400271372,0.1456354590682949,False,
1395,Quazim0t0__Venti-Blend-sce,2025-02-05 18:33:09+00:00,de4f2fad216cd95e3badbf50758210d937e26231,0.5862,0.39171294053918315,-0.1944870594608169,0.3194006219950665,0.904723422442258,0.24031067561100777,0.6766169154228856,0.6729986431478969,False,
1396,T145__KRONOS-8B-V1-P3,2025-02-05 19:18:01+00:00,13d6e051c5289c1d9fa6cc9ade46ef414a1a5762,0.4386,0.39171294053918315,-0.04688705946081684,0.2375659987187834,0.5322721795078148,0.15847605233472428,0.21212121212121213,0.20533695160560833,False,
1397,Xiaojian9992024__Qwen2.5-THREADRIPPER-Small,2025-02-05 19:20:36+00:00,ceba61433d88be0d91154ffeca4ff9bfe2a9f313,0.4478,0.39171294053918315,-0.056087059460816824,0.25283071080638914,0.6023959903172368,0.17374076442233105,0.30212573496155587,0.3039348710990502,False,
1398,T145__KRONOS-8B-V1-P1,2025-02-05 19:21:22+00:00,eca89554ed5cef25bb1635290445190b4bbcf497,0.4468,0.39171294053918315,-0.05508705946081682,0.24174261194343466,0.5483801789846469,0.16265266555937583,0.23473541383989144,0.22704658525554047,False,
1399,bunnycore__Qwen2.5-7B-MixStock-V0.1,2025-02-05 19:27:10+00:00,560c3d7a6c0bba114c62117959a63c0fcbaf7df6,0.487,0.39171294053918315,-0.09528705946081684,0.26570680455149764,0.6689842449464292,0.186616858167439,0.357756671189507,0.36635006784260515,False,
1400,EpistemeAI__Reasoning-Llama-3.2-1B-Instruct-v1.3,2025-02-05 20:33:15+00:00,1776f7a8fb79cf247a59dcc188f21dc063f16435,0.271,0.39171294053918315,0.12071294053918313,0.33464976300837085,1.0009104538725335,0.2555598166243128,0.7611940298507462,0.7593848937132519,False,
1401,DreadPoor__TEST03-ignore,2025-02-05 21:02:01+00:00,bcf1a31e3162014a351dbcc3c6c3225e057709a4,0.461,0.39171294053918315,-0.06928705946081687,0.2218070436967791,0.4776675051248443,0.14271709731272011,0.08729081863410222,0.10266847580280417,False,
1402,Dongwei__DeepSeek-R1-Distill-Qwen-7B-GRPO,2025-02-05 21:39:59+00:00,b9eb65f1aeca1ca8bb9fd98a2a1bfe6752c82fe6,0.2966,0.39171294053918315,0.09511294053918318,0.33550013120957933,1.032484650515054,0.25641018482552247,0.7661691542288557,0.783355947535052,False,
1403,siqi00__Mistral-7B-DFT,2025-02-06 03:27:46+00:00,3559e1478fb0c84e356285e48c42e06e9b99871e,0.3942,0.39171294053918315,-0.002487059460816843,0.2408629483535154,0.5543454004946337,0.16177300196945685,0.22795115332428764,0.2365445499773858,False,
1404,tensopolis__virtuoso-lite-tensopolis-v1,2025-02-06 03:46:49+00:00,59598bad5d8d21a4526d67fc158f8a8470d4a9a6,0.526,0.39171294053918315,-0.13428705946081687,0.27882792476167845,0.7088841095954783,0.19973797837761995,0.4228855721393035,0.40388964269561284,False,
1405,notbdq__Qwen2.5-14B-Instruct-1M-GRPO-Reasoning,2025-02-06 03:51:25+00:00,d5e4713b770bcb1b9b52fb8fcce25a53ba45be8a,0.502,0.39171294053918315,-0.11028705946081685,0.2705740516014774,0.664001972209928,0.191484105217419,0.3776571687019448,0.3618272274988693,False,
1406,zelk12__MT2-Gen6-gemma-2-9B,2025-02-06 03:58:59+00:00,528073389482a2a9a89a0a7e1bd53d80574d8bc4,0.4438,0.39171294053918315,-0.05208705946081682,0.22077354944003777,0.4550755421255748,0.14168360305597918,0.07327001356852103,0.03844414292175486,False,
1407,RDson__WomboCombo-R1-Coder-14B-Preview,2025-02-06 05:14:21+00:00,cc18da2c87fc499275a0fba9db574f29a7e1845e,0.5516,0.39171294053918315,-0.15988705946081683,0.2971012420624739,0.8251359477152198,0.21801129567841496,0.5314337403889643,0.550429669832655,False,
1408,Quazim0t0__Oasis-14B-ties,2025-02-06 05:14:33+00:00,28451d646a8c16f7cd6df43c6115259c35d20d6c,0.5912,0.39171294053918315,-0.1994870594608168,0.31932273484452695,0.8867418546785649,0.24023278846046855,0.676164631388512,0.639981908638625,False,
1409,1024m__PHI-4-Hindi,2025-02-06 05:43:09+00:00,9fc60c5ef6b33db46028ea1571e5e90ce71b2261,0.5238,0.39171294053918315,-0.1320870594608169,0.30494015851200823,0.8022309466810259,0.2258502121279494,0.5725915875169606,0.5241971958389868,False,
1410,Quazim0t0__GuiltySpark-14B-ties,2025-02-06 05:43:46+00:00,56650c7c98be85e6d9df56f967e41122b4d8f999,0.59,0.39171294053918315,-0.19828705946081682,0.3194164705794606,0.888693640331385,0.24032652419540212,0.6775214834916328,0.645409317051108,False,
1411,FINGU-AI__QwQ-Buddy-32B-Alpha,2025-02-06 05:55:21+00:00,a94b6ad30cb884ce18e1e88e5de78935860331fa,0.54,0.39171294053918315,-0.14828705946081688,0.3081112697319761,0.8798918357734655,0.22902132334791658,0.6024423337856174,0.6286748077792854,False,
1412,netcat420__MFANN-phigments-slerp-V3.2,2025-02-06 05:57:48+00:00,ddf9a4ac9a7216660b0c55e776167b66d7aea867,0.3744,0.39171294053918315,0.01731294053918314,0.2617814614913877,0.6630320588394052,0.18269151510732987,0.3469018543645409,0.35956580732700133,False,
1413,Quazim0t0__Ponder-14B-linear,2025-02-06 06:19:07+00:00,2e2ac7340c5043164f4a28c1a9ba026517aefca0,0.597,0.39171294053918315,-0.20528705946081682,0.3257501275386047,0.933039454623289,0.246660181154547,0.7114427860696517,0.7028493894165536,False,
1414,DoppelReflEx__MN-12B-FoxFrame-test,2025-02-06 06:23:46+00:00,7ee0665de8cb61a687ba7737f85c5a4d6c5b264f,0.4362,0.39171294053918315,-0.044487059460816825,0.24404897528515906,0.5622525998705638,0.1649590289011003,0.2514699231117142,0.2496607869742198,False,
1415,1-800-LLMs__Qwen-2.5-14B-Hindi,2025-02-06 06:30:21+00:00,84190732eca919f453afc81549f9a340b1aa7f6a,0.546,0.39171294053918315,-0.1542870594608169,0.2978771300926334,0.7940884756596239,0.21878718370857386,0.535052012663953,0.5156037991858887,False,
1416,Sakalti__Saka-7.2B,2025-02-06 08:28:15+00:00,c43dde9f2e43634d37f15dd446e826dbf37c22e6,0.2426,0.39171294053918315,0.14911294053918314,0.3639852785401187,1.170254356908776,0.2848953321560614,0.9231117141564903,0.932157394843962,False,
1417,sarvamai__OpenHathi-7B-Hi-v0.1-Base,2025-02-06 09:41:58+00:00,ebd29492d47881f3e0a8666070915dcd7edc2aa3,0.2682,0.39171294053918315,0.12351294053918316,0.344779831055645,1.0549116598406156,0.26568988467158705,0.8014473089099955,0.8014473089099955,False,
1418,ai4bharat__Airavata,2025-02-06 09:43:13+00:00,5f42b0ab90f2689bcb7df88105cb1f33a51bf02e,0.2862,0.39171294053918315,0.10551294053918314,0.3271175132973492,0.9631089207649195,0.2480275669132913,0.7168701944821347,0.7245590230664858,False,
1419,meta-llama__Llama-3.1-8B-Instruct,2025-02-06 09:49:36+00:00,d272871fa86a268efe107aed8b82fbc4c3a0d9cb,0.432,0.39171294053918315,-0.04028705946081684,0.24582159068549467,0.580963940411076,0.16673164430143508,0.263681592039801,0.27544097693351427,False,
1420,Telugu-LLM-Labs__Indic-gemma-7b-finetuned-sft-Navarasa-2.0,2025-02-06 10:00:04+00:00,ad4081ebf7d40aa06b487d6e6f79563a46fde296,0.3292,0.39171294053918315,0.06251294053918316,0.2860332671383246,0.7642309175995243,0.20694332075426491,0.47127996381727727,0.47489823609226595,False,
1421,Telugu-LLM-Labs__Indic-gemma-2b-finetuned-sft-Navarasa-2.0,2025-02-06 10:10:58+00:00,a4b948eb664892b4e0f96a79aaebc27e695f861c,0.2702,0.39171294053918315,0.12151294053918316,0.32638357938606327,0.9799659162040767,0.2472936330020053,0.7137042062415196,0.7408412483039348,False,
1422,suayptalha__Luminis-phi-4,2025-02-06 10:20:25+00:00,0576589eacc11ae2d066d819954ff4f254c3ecdd,0.5964,0.39171294053918315,-0.2046870594608169,0.32686004372847816,0.9387216148491973,0.24777009734442,0.7150610583446404,0.710085933966531,False,
1423,Quazim0t0__Casa-14b-sce,2025-02-06 10:22:40+00:00,8644e893fb7fc04cb4a7e8f5fdfeaf965fb96239,0.6008,0.39171294053918315,-0.20908705946081685,0.33378554030414165,0.9781703259487043,0.2546955939200838,0.7566711895070104,0.7376752600633197,False,
1424,GenVRadmin__llama38bGenZ_Vikas-Merged,2025-02-06 10:43:32+00:00,9b9a620353a25b006aa035a3edf55265060db1a0,0.3744,0.39171294053918315,0.01731294053918314,0.25991208484104134,0.6436341048087629,0.18082213845698264,0.3355947535052013,0.34011759384893714,False,
1425,GenVRadmin__AryaBhatta-GemmaOrca-Merged,2025-02-06 10:43:36+00:00,8a7736d900b3da42a585bb564ce98407155423b8,0.3268,0.39171294053918315,0.06491294053918317,0.27478439132157306,0.7196331350475104,0.19569444493751356,0.39755766621438265,0.4188150158299412,False,
1426,1024m__QWEN-14B-B100,2025-02-06 10:49:33+00:00,4b25a1d35445328cd8cba5313632b7769072ff73,0.5166,0.39171294053918315,-0.1248870594608168,0.2769763727989853,0.696411810892655,0.19788642641492613,0.4088647670737223,0.3894165535956581,False,
1427,GenVRadmin__AryaBhatta-GemmaOrca-2-Merged,2025-02-06 10:54:16+00:00,7eec25e5e47a10ea4c4a6d34f3715fa131304f75,0.3186,0.39171294053918315,0.07311294053918316,0.2958709443618564,0.825285061213796,0.21678099797779704,0.5251017639077341,0.5513342379014021,False,
1428,Sakalti__Saka-14B,2025-02-06 11:02:59+00:00,99e4cad88350c176410df7fadebab93944f8dc39,0.5758,0.39171294053918315,-0.18408705946081683,0.32160361277787064,0.8992722846278526,0.2425136663938114,0.6883763003165988,0.6680235187697874,False,
1429,GenVRadmin__AryaBhatta-GemmaUltra-Merged,2025-02-06 11:04:52+00:00,2223327b355d0ba52cec86e3df3e8c066665c712,0.3368,0.39171294053918315,0.054912940539183164,0.2804348590006192,0.7335453452234181,0.20134491261656046,0.4319312528267752,0.4369063772048847,False,
1430,rombodawg__Rombos-Coder-V2.5-Qwen-7b,2025-02-06 11:11:39+00:00,73ab175adcffcb162d82a9ce2dc832d6043fb047,0.4206,0.39171294053918315,-0.028887059460816822,0.25454095502100277,0.6185013750313293,0.17545100863694316,0.3098145635459068,0.3170511080958842,False,
1431,jebish7__Nemotron-4-Mini-Hindi-4B-Instruct,2025-02-06 11:25:07+00:00,b5b2641295137a36d2c7de740944d30824bbd844,0.338,0.39171294053918315,0.05371294053918313,0.2879328257660171,0.773928029102507,0.20884287938195883,0.48258706467661694,0.4893713251922207,False,
1432,1-800-LLMs__Qwen-2.5-14B-Hindi-Custom-Instruct,2025-02-06 11:27:59+00:00,e27df7631c7ecd32ac10498b623ae06f1e61ebee,0.5206,0.39171294053918315,-0.1288870594608168,0.2811684490480741,0.7229333018677655,0.20207850266401509,0.4369063772048847,0.4228855721393035,False,
1433,Quazim0t0__Sumatra-20b,2025-02-06 11:28:46+00:00,322ab74b906e2bf7dc337886cdb84e714dc5ed4b,0.5778,0.39171294053918315,-0.18608705946081683,0.31431150111154,0.8674320034743905,0.2352215547274812,0.6440524649479873,0.6114880144730891,False,
1434,rombodawg__Rombos-Coder-V2.5-Qwen-14b,2025-02-06 11:46:46+00:00,230c5d2dd8e0aca343e9871e100395b199522709,0.5216,0.39171294053918315,-0.1298870594608168,0.2812694513238853,0.7259855381000248,0.2021795049398267,0.43826322930800543,0.4265038444142922,False,
1435,Quazim0t0__Vine-14b-sce,2025-02-06 12:02:22+00:00,879d0bd07d558c9e59aa1dc4b25c492518f8c550,0.6008,0.39171294053918315,-0.20908705946081685,0.33378554030414165,0.9781703259487043,0.2546955939200838,0.7566711895070104,0.7376752600633197,False,
1436,jebish7__Llama-3.1-8B-Instruct,2025-02-06 12:17:03+00:00,4a878f67bce594678f1fea277993ca48c1c58faf,0.434,0.39171294053918315,-0.042287059460816845,0.24626055248386852,0.5816418546679997,0.1671706060998092,0.26865671641791045,0.276797829036635,False,
1437,jebish7__Nemotron-4-Mini-Hindi-4B-Base,2025-02-06 13:06:01+00:00,3c754ade0e7a62b8508cd56f7efbcd5905e57cda,0.3218,0.39171294053918315,0.06991294053918318,0.2923903158426431,0.7998595828491675,0.2133003694585839,0.5061058344640434,0.5223880597014925,False,
1438,jebish7__Nemotron-Mini-4B-Instruct,2025-02-06 13:28:47+00:00,bc7fa0469dc47e24d0bd890c3063399c55ea1a0d,0.3536,0.39171294053918315,0.03811294053918313,0.27840080318378463,0.7418348493889276,0.1993108567997264,0.41745816372682043,0.44640434192673,False,
1439,jebish7__aya-expanse-8b,2025-02-06 14:37:29+00:00,9d45894f2a74ce5d68cb7bc3b46589bd517d44c6,0.4006,0.39171294053918315,-0.00888705946081686,0.23641244902805578,0.5327492820351722,0.15732250264399741,0.20398009950248755,0.2062415196743555,False,
1440,bunnycore__DeepThinker-7B-Sce-v1,2025-02-06 19:14:22+00:00,9cbc769fb07096f8eb0c87365b0465ef8efae049,0.2498,0.39171294053918315,0.14191294053918316,0.38786435455289525,1.283078938144625,0.3087744081688364,0.9941203075531434,0.9927634554500226,False,
1441,jaspionjader__bh-60,2025-02-06 20:00:55+00:00,4e5683bd319ef7588c33088d7361cd81daffc963,0.45,0.39171294053918315,-0.05828705946081686,0.23538376561228883,0.5318408420157035,0.15629381922822957,0.19402985074626866,0.20488466757123475,False,
1442,jebish7__gemma-2-9b-it,2025-02-06 20:01:35+00:00,ae72ea476edaf950c5bb2fee8522900e300dd8ae,0.4536,0.39171294053918315,-0.06188705946081685,0.23838714115706375,0.5360879615757843,0.15929719477300494,0.2161917684305744,0.21031207598371776,False,
1443,jaspionjader__bh-62,2025-02-06 20:10:04+00:00,d6fd293afcf2458e6f59370cdbbc049d192710f8,0.4468,0.39171294053918315,-0.05508705946081682,0.23183907821472263,0.5166463546804726,0.15274913183066374,0.16870194482134782,0.1791044776119403,False,
1444,T145__KRONOS-8B-V1-P2,2025-02-06 20:30:02+00:00,832b40657fd2be38d9ab71c365be93a8641b10ca,0.4124,0.39171294053918315,-0.020687059460816837,0.26591571565402805,0.6557526817983786,0.1868257692699688,0.3582089552238806,0.352329262777024,False,
1445,bunnycore__Phi-Seek-4-Sce-V1,2025-02-06 20:42:09+00:00,babad256ec995b4cca6885511fb844577f2d54e9,0.4702,0.39171294053918315,-0.07848705946081685,0.26623444403373436,0.6501425367788476,0.18714449764967575,0.36001809136137497,0.3464495703301673,False,
1446,jebish7__gemma-2-2b-it,2025-02-06 20:51:43+00:00,e1bdc0601c69561102af68e7f1eae689469dcbc8,0.3514,0.39171294053918315,0.04031294053918316,0.2688692189008502,0.6670123754831176,0.1897792725167914,0.36996834011759383,0.3645409317051108,False,
1447,mlx-community__Mistral-Small-24B-Instruct-2501-bf16,2025-02-07 06:30:18+00:00,d62089969886982d01f834ed37f925e1a2c93a3a,0.5666,0.39171294053918315,-0.17488705946081684,0.28480012383772285,0.7263304350557114,0.20571017745366393,0.46449570330167345,0.42695612844866576,False,
1448,Quazim0t0__Katana-8b-sce,2025-02-07 07:03:15+00:00,021d350e2eecde8068ed1343dda28a771907fdab,0.4298,0.39171294053918315,-0.03808705946081686,0.2461971982403104,0.5805804982938542,0.16710725185625172,0.2663952962460425,0.2736318407960199,False,
1449,Quazim0t0__Jekyl-8b-sce,2025-02-07 07:13:56+00:00,3ce572be4be2fad69e8b202a35a986e301c74e3b,0.4224,0.39171294053918315,-0.030687059460816846,0.25483950237945796,0.6230712653678669,0.17574955599539854,0.31252826775214837,0.3206693803708729,False,
1450,netcat420__MFANN-phigments-slerp-V3.3,2025-02-07 13:31:55+00:00,876470b38036def564f50c7f0c5dfc5b31b8cdeb,0.3796,0.39171294053918315,0.012112940539183159,0.25787912902725263,0.6448095250319188,0.17878918264319454,0.3279059249208503,0.3419267299864315,False,
1451,netcat420__MFANN3bv1.4,2025-02-07 13:33:03+00:00,775048a52eeb07e0a13cd32188f689378cff1477,0.375,0.39171294053918315,0.016712940539183152,0.26221614631499657,0.6648177968798653,0.18312619993093873,0.3487109905020353,0.36318407960199006,False,
1452,bunnycore__DeepThinker-7B-Sce-v2,2025-02-07 13:46:20+00:00,4c528ecbde0d46a6940e4a6f87dcc53f717e6124,0.2546,0.39171294053918315,0.13711294053918316,0.3877697036618613,1.2815138425118828,0.30867975727780206,0.9936680235187698,0.9923111714156491,False,
1453,tensopolis__virtuoso-lite-tensopolis-v2,2025-02-07 13:57:54+00:00,cf9251d543dbf1bf270134970793455e78f24a13,0.5238,0.39171294053918315,-0.1320870594608169,0.2763194928035787,0.6979357161973124,0.19722954641952034,0.4043419267299864,0.39303482587064675,False,
1454,EpistemeAI__ReasoningCore-3B-T1_1,2025-02-07 13:59:03+00:00,98e570eebf959a18a5d3e492f0b4932b06306c09,0.4004,0.39171294053918315,-0.008687059460816826,0.2819578278491284,0.7239317333021095,0.2028678814650694,0.4414292175486205,0.4233378561736771,False,
1455,Sakalti__Saka-1.5B,2025-02-07 14:41:29+00:00,b9cc1ab4e8a06f2340635347a06a7a6574476a74,0.3238,0.39171294053918315,0.06791294053918318,0.29355552201419954,0.7836167832517084,0.2144655756301402,0.5137946630483944,0.5052012663952963,False,
1456,Sakalti__Saka-7.6B,2025-02-07 14:58:27+00:00,a8aa244fb173372dd888b03f24a2dff0c5954aef,0.4868,0.39171294053918315,-0.09508705946081686,0.27718780586169156,0.7281016955877746,0.19809785947763295,0.4097693351424695,0.43012211668928085,False,
1457,T145__ZEUS-8B-V30,2025-02-07 15:35:33+00:00,146b5f04e453c9986e5ee1f39a52dbcf17ab75f2,0.451,0.39171294053918315,-0.05928705946081686,0.23758597147882587,0.531795912077143,0.1584960250947677,0.2130257801899593,0.20443238353686116,False,
1458,sometimesanotion__Qwen2.5-7B-Gordion-v0.1,2025-02-07 16:17:48+00:00,8dfcc5268c32ecd2d8c15fe20ff70416ab84a70b,0.4864,0.39171294053918315,-0.09468705946081685,0.25473448519054004,0.6353411304647517,0.1756445388064815,0.3120759837177748,0.33197648123021256,False,
1459,Quazim0t0__Chromatic-8b-sce,2025-02-07 16:19:08+00:00,faf02c4d0ddfc635446e6578471a81aab13e9c43,0.4272,0.39171294053918315,-0.03548705946081687,0.24410828736275203,0.5708355721172541,0.16501834097869278,0.25237449118046135,0.26277702397105385,False,
1460,Quazim0t0__GivingTree-8b-sce,2025-02-07 16:19:13+00:00,37b5fb1a825f6f8874a9e873b1e5e76b030e1334,0.4274,0.39171294053918315,-0.03568705946081685,0.2463622961261944,0.5780921468962872,0.1672723497421352,0.2700135685210312,0.27091813658977837,False,
1461,Quazim0t0__TBL-8B-sce,2025-02-07 16:19:51+00:00,2c309881dfa4b9bb32cf088a3a65e6e3d7a4219e,0.42,0.39171294053918315,-0.028287059460816832,0.2523579777284526,0.6093724357508297,0.17326803134439336,0.29941203075531436,0.3075531433740389,False,
1462,DreadPoor__TEST06-ignore,2025-02-07 16:33:44+00:00,7b0cad6ec3e2a741fb62e0d6abf1586d71f0767e,0.4606,0.39171294053918315,-0.06888705946081686,0.22482248469456095,0.4822389201314043,0.14573253831050192,0.11895070104025328,0.11804613297150611,False,
1463,jlzhou__Qwen2.5-3B-Infinity-Instruct-0625,2025-02-07 16:35:39+00:00,fbd54fcf9bc5e719ea29d3c2900862a4f4bc8f9c,0.3706,0.39171294053918315,0.021112940539183167,0.2591683096058139,0.643979902051997,0.18007836322175402,0.33288104929895973,0.3405698778833107,False,
1464,bunnycore__Phi-4-Sce-exp-v0.1,2025-02-07 16:42:41+00:00,c0740d1d30cf0b9bc40259e6b724d9ec082f6159,0.605,0.39171294053918315,-0.21328705946081683,0.3365217078166644,0.9924738060836413,0.25743176143260654,0.7715965626413388,0.7526006331976481,False,
1465,Quazim0t0__Wu-14b-sce,2025-02-07 16:58:58+00:00,5d66dc231f4fd44065f39870f302d71edb30556a,0.563,0.39171294053918315,-0.1712870594608168,0.3009930158247799,0.7873943096112272,0.22190306944072122,0.5499773857982814,0.5083672546359114,False,
1466,Quazim0t0__Spok-14b-sce,2025-02-07 17:04:30+00:00,b4efeb9aca577e793ffd907825a8a9894f1ac8c6,0.568,0.39171294053918315,-0.1762870594608168,0.3039105977995021,0.8051147444804694,0.22482065141544294,0.5653550429669832,0.5278154681139756,False,
1467,Quazim0t0__Hyde-14b-sce,2025-02-07 17:04:44+00:00,00b5c06e8eb4466d6838a1a700dd99c3c0e6924e,0.5676,0.39171294053918315,-0.17588705946081684,0.3047094316733467,0.8069905099713164,0.22561948528928832,0.5698778833107191,0.5314337403889643,False,
1468,jaspionjader__bh-61,2025-02-07 17:07:40+00:00,dfc0ec1c16ea0a103f78e57b0eead530eb4889b0,0.4388,0.39171294053918315,-0.04708705946081687,0.23574560659648947,0.536666266109678,0.15665566021243038,0.19810040705563092,0.2125734961555857,False,
1469,SaisExperiments__Not-So-Small-Alpaca-24B,2025-02-07 17:15:40+00:00,da7e2a4e60b456923ef6fad41f5297f817705366,0.4696,0.39171294053918315,-0.07788705946081687,0.2945566624011153,0.771277193442983,0.2154667160170559,0.519674355495251,0.4862053369516056,False,
1470,prithivMLmods__WebMind-7B-v0.1,2025-02-07 17:33:50+00:00,aca51e0b4055b21f86611e1d9d9adce1eb84f488,0.4624,0.39171294053918315,-0.07068705946081683,0.2577604516420026,0.6440597333670391,0.17867050525794392,0.3274536408864767,0.3410221619176843,False,
1471,prithivMLmods__Sqweeks-7B-Instruct,2025-02-07 17:50:17+00:00,53c97e2a9311022ed2bd3e980db15a5e8ecf62dd,0.4068,0.39171294053918315,-0.015087059460816843,0.30363173420941925,0.8586482209403205,0.2245417878253604,0.5649027589326097,0.5956580732700135,False,
1472,jpacifico__Chocolatine-2-14B-Instruct-v2.0.3,2025-02-07 17:51:47+00:00,f6a1435c5a028e591d8c1869391ed20baa321b75,0.5764,0.39171294053918315,-0.18468705946081687,0.3190969146085399,0.8940870081149552,0.24000696822448137,0.6748077792853913,0.6589778380823157,False,
1473,DreadPoor__TEST07-ignore,2025-02-07 17:51:50+00:00,2df3eef97b6e41fc351498c8ee1d599e2dcadfc4,0.4726,0.39171294053918315,-0.08088705946081687,0.22586160375048098,0.4889260839336121,0.1467716573664218,0.12618724559023067,0.12890094979647218,False,
1474,prithivMLmods__Elita-1,2025-02-07 17:52:34+00:00,d7ed62fc9fb5544aca27a3f32f68df7cd8e39863,0.5564,0.39171294053918315,-0.16468705946081685,0.30953641748231997,0.8495096021410052,0.23044647109825978,0.6128448665762098,0.5807327001356852,False,
1475,prithivMLmods__Jolt-v0.1,2025-02-07 17:53:47+00:00,e58a95a3f442f6ce4aab2ac39a3e9c83a0ef8929,0.5586,0.39171294053918315,-0.16688705946081683,0.3130031124635888,0.8654994794734039,0.23391316607952917,0.6377204884667571,0.608322026232474,False,
1476,DreadPoor__TEST08-ignore,2025-02-07 17:56:10+00:00,2c8f7ea5052a13417f26ea5cd8ea0c2c86f3ed5c,0.4698,0.39171294053918315,-0.07808705946081684,0.22572838338315565,0.4868737742969037,0.14663843699909707,0.1252826775214835,0.1257349615558571,False,
1477,prithivMLmods__Megatron-Corpus-14B-Exp.v2,2025-02-07 17:57:29+00:00,9b578bcc7da40a8ee4b2079be7d1720fc5dfcfe4,0.5274,0.39171294053918315,-0.13568705946081683,0.2877306079059396,0.7565774998850229,0.20864066152188038,0.48077792853912255,0.4654002713704206,False,
1478,Sakalti__Saka-24B,2025-02-07 18:05:21+00:00,e776e6f85d2990880173139f74d26ed5dfb5466f,0.4956,0.39171294053918315,-0.10388705946081683,0.26420631322615784,0.6428160128076432,0.1851163668420989,0.3541383989145183,0.33966530981456355,False,
1479,suayptalha__Lamarckvergence-14B,2025-02-07 18:13:15+00:00,44a4917dedea26dd53c244a80bf292cac27ed44a,0.523,0.39171294053918315,-0.13128705946081687,0.2697777529838813,0.650452544262105,0.19068780659982282,0.37403889642695615,0.3473541383989145,False,
1480,cognitivecomputations__Dolphin3.0-R1-Mistral-24B,2025-02-07 18:14:37+00:00,ac7c0f39b124c4465a050107e05fe7c9f50a7969,0.443,0.39171294053918315,-0.05128705946081685,0.25231106583135254,0.6243576788124453,0.17322111944729346,0.29850746268656714,0.32202623247399365,False,
1481,prithivMLmods__Viper-Coder-v0.1,2025-02-07 18:15:52+00:00,abb13787ad3c2b670901bf5bf1f224c9717d6454,0.53,0.39171294053918315,-0.13828705946081687,0.28488372791071354,0.7509237471987643,0.20579378152665503,0.4654002713704206,0.4577114427860697,False,
1482,Quazim0t0__TB0-8B-sce,2025-02-07 18:24:03+00:00,a91ef932eb42ea1291b65d642b7a03c3c5a720f1,0.4298,0.39171294053918315,-0.03808705946081686,0.2461971982403104,0.5805804982938542,0.16710725185625172,0.2663952962460425,0.2736318407960199,False,
1483,Quazim0t0__Aura-8B-Linear,2025-02-07 18:32:45+00:00,92ece9eeffe9dec9ad595c3637a60ac8c44ad4ea,0.4416,0.39171294053918315,-0.04988705946081684,0.23666407981353008,0.5250430755745588,0.15757413342947146,0.20578923563998192,0.1917684305744007,False,
1484,SicariusSicariiStuff__Redemption_Wind_24B,2025-02-07 18:53:28+00:00,e0660b9f2b9af874e3fbfa46c4986b76f1b9fc64,0.5078,0.39171294053918315,-0.11608705946081688,0.25938573016268834,0.6140656883824309,0.18029578377862915,0.3337856173677069,0.31252826775214837,False,
1485,ehristoforu__della-70b-test-v1,2025-02-08 04:12:29+00:00,9fc7770b2c55062f3c5f40e9f9bd8c6d5e883361,0.2782,0.39171294053918315,0.11351294053918315,0.3514744100896677,1.1117209872509177,0.2723844637056095,0.8272274988692899,0.8353686114880144,False,
1486,kavonalds__Lancer-1-1b-Instruct,2025-02-18 13:56:40+00:00,aa1e04c6b9519133376831e79af811766a7e5e76,0.2802,0.39171294053918315,0.11151294053918315,0.3745666193703159,1.2109138792987544,0.2954766729862576,0.973767526006332,0.9710538218000905,False,
1487,Nexesenex__Llama_3.2_3b_Kermes_v1,2025-02-18 14:12:45+00:00,1a7bcd0e1c0611f6dfe9f227d18e726c210353a2,0.3578,0.39171294053918315,0.033912940539183145,0.25409496240786517,0.6231684305782511,0.17500501602380594,0.30800542740841247,0.32157394843962006,False,
1488,Josephgflowers__Tinyllama-r1,2025-02-18 14:12:51+00:00,e50d1d602369038bb9a6b97527e7754e92c98829,0.251,0.39171294053918315,0.14071294053918315,0.37844837775568124,1.227782374910151,0.29935843137162316,0.9832654907281773,0.9769335142469471,False,
1489,HarbingerX__Zeitgeist-3b-V1,2025-02-18 14:24:48+00:00,0631c3e92bef3773bdbc99a015f5882febab201d,0.3808,0.39171294053918315,0.010912940539183125,0.290876693993657,0.783079531711535,0.21178674760959798,0.49886928991406604,0.5038444142921755,False,
1490,Triangle104__RomboHermes3-R1-Llama3.2-3b,2025-02-18 14:53:53+00:00,c964dde2c5dba99ca6c03a22fd222cd7d9cd83b0,0.3512,0.39171294053918315,0.04051294053918314,0.29381768151970034,0.7899956877417345,0.21472773513563975,0.5160560832202623,0.5119855269109,False,
1491,tensopolis__phi-4-tensopolis-v1,2025-02-18 14:54:39+00:00,529402c67092a3363f5cadb8815c62da326b3d29,0.5966,0.39171294053918315,-0.20488705946081687,0.3343237821215665,0.9914747386152061,0.2552338357375081,0.7598371777476255,0.7521483491632746,False,
1492,cjvt__GaMS-1B,2025-02-18 15:04:05+00:00,fbd79704abe528b1c6fb68a78b7a6dae28281134,0.2532,0.39171294053918315,0.13851294053918317,0.38334756873044484,1.2726558788981859,0.3042576223463855,0.9882406151062868,0.9900497512437811,False,
1493,Nexesenex__Llama_3.2_3b_Kermes_v2,2025-02-18 15:08:37+00:00,6f5f5650483c0f9252347cd601d2780bc233b962,0.3696,0.39171294053918315,0.022112940539183168,0.24766514514675433,0.588505852580056,0.16857519876269583,0.2772501130710086,0.28448665762098596,False,
1494,Nexesenex__Llama_3.2_3b_Kermes_v2.1,2025-02-18 15:12:18+00:00,5f523f3f926cd74c5c754c03eb638523054d4143,0.3706,0.39171294053918315,0.021112940539183167,0.24385951607689854,0.5688871698145663,0.16476956969283993,0.250565355042967,0.26096788783355945,False,
1495,Pinkstack__Superthoughts-lite-v1,2025-02-18 15:13:13+00:00,beeef3b4d2c4185d8b271fec9eb2476f8df4f3ca,0.2836,0.39171294053918315,0.10811294053918313,0.31787654230166884,0.9011903652622463,0.23878659591761026,0.6680235187697874,0.6698326549072817,False,
1496,sometimesanotion__Qwentessential-14B-v1,2025-02-18 15:25:24+00:00,156cc89ec9cef159231af7c3e5661dae68638adf,0.5758,0.39171294053918315,-0.18408705946081683,0.3217076263889808,0.9052876069483043,0.24261768000492162,0.6897331524197196,0.6743554952510177,False,
1497,bunnycore__Phi-4-Trim-Exp1,2025-02-18 15:28:02+00:00,c8f01f34d8dbc1298544d83677e9f692d075694c,0.244,0.39171294053918315,0.14771294053918316,0.3768003461011,1.2277828743939698,0.2977103997170414,0.9769335142469471,0.9773857982813207,False,
1498,gz987__qwen2.5-7b-cabs-v0.3,2025-02-18 15:42:18+00:00,8a07bcf0f64e535bc7863f24f3cf590bcbd5c1be,0.5134,0.39171294053918315,-0.12168705946081682,0.30956871446778883,0.8983707933681493,0.23047876808373,0.6132971506105834,0.666214382632293,False,
1499,gz987__qwen2.5-7b-cabs-v0.1,2025-02-18 15:46:23+00:00,94aeacda0b88f0e0b3cdee58f8f5a75e687e1dbe,0.5122,0.39171294053918315,-0.12048705946081684,0.3071576517477353,0.8895871134895368,0.2280677053636762,0.5902306648575305,0.6476707372229761,False,
1500,gz987__qwen2.5-7b-cabs-v0.2,2025-02-18 15:52:23+00:00,05f7eb8d1f9f71e4b180df8214dc56dc3dcf1a54,0.5128,0.39171294053918315,-0.12108705946081688,0.3087480034585436,0.893463953475892,0.22965805707448458,0.6074174581637268,0.6558118498417006,False,
1501,gz987__qwen2.5-7b-cabs-v0.4,2025-02-18 15:56:18+00:00,68b8b65c1d5598b9161f3c9c636bba3bfa070027,0.5138,0.39171294053918315,-0.12208705946081688,0.3064483369105856,0.8805039011069737,0.22735839052652682,0.5852555404794211,0.6300316598824062,False,
1502,EpistemeAI__OpenReasoner-Llama-3.2-3B-rs1.0,2025-02-18 16:15:15+00:00,94a13f85c65ada518c4676b63cc663ed21158c1e,0.3906,0.39171294053918315,0.0011129405391831493,0.2837536522706156,0.7490867885158865,0.20466370588655616,0.45635459068294887,0.4549977385798281,False,
1503,jebish7__Llama-3-Nanda-10B-Chat,2025-02-18 16:16:27+00:00,86135cf863b925529c9c62459858ff2230d3da76,0.3886,0.39171294053918315,0.003112940539183151,0.22893728366042318,0.5119091598591871,0.14984733727636515,0.1483491632745364,0.16779737675260065,False,
1504,allenai__OLMoE-1B-7B-0125-Instruct,2025-02-18 16:55:52+00:00,d2252d59ba3de90f0660cd558c8b60bbf2ea5026,0.351,0.39171294053918315,0.04071294053918317,0.32161022650828447,0.9330686081741721,0.24252028012422597,0.6888285843509724,0.7033016734509272,False,
1505,mobiuslabsgmbh__DeepSeek-R1-ReDistill-Llama3-8B-v1.1,2025-02-18 17:01:12+00:00,ed937eab4c3dddd5b472c47cb6c4dc2782de3ea3,0.3324,0.39171294053918315,0.05931294053918318,0.3942275655719019,1.2858378315489762,0.3151376191878433,0.9963817277250113,0.9932157394843962,False,
1506,cloudyu__Mixtral_11Bx2_MoE_19B,2025-02-18 17:13:49+00:00,9bd566ef672ff4652712ddb4526ca85dac71333e,0.4222,0.39171294053918315,-0.030487059460816868,0.23790368096201878,0.5372364938902483,0.15881373457796036,0.21393034825870647,0.21483491632745363,False,
1507,Xiaojian9992024__Reflection-L3.2-JametMiniMix-3B,2025-02-18 17:14:31+00:00,0bafc6d9d618750ac1734595d79b25db8c2ca55c,0.3788,0.39171294053918315,0.012912940539183126,0.27918586756732805,0.7295223442832491,0.2000959211832698,0.4251469923111714,0.431026684758028,False,
1508,bunnycore__Qwen-2.5-7B-Deep-Sky-T1,2025-02-18 17:44:15+00:00,ba1cb004817f60b4976a95a0707f6c7cb640f6df,0.3418,0.39171294053918315,0.04991294053918316,0.3121265405748148,0.8989994982260828,0.23303659419075612,0.6318407960199005,0.6671189507010402,False,
1509,mobiuslabsgmbh__DeepSeek-R1-ReDistill-Qwen-7B-v1.1,2025-02-18 17:47:34+00:00,ffab64f268e9135c1ba35a589fc6d3064d571f14,0.3518,0.39171294053918315,0.03991294053918315,0.364359973105723,1.1614544718717499,0.28527002672166457,0.9258254183627318,0.9199457259158752,False,
1510,bunnycore__Qwen-2.5-7B-Deep-Stock-v5,2025-02-18 17:48:12+00:00,ec3f311c20faaba261abe743d7006533a69626b0,0.3872,0.39171294053918315,0.004512940539183163,0.2699708630383759,0.6857889083032234,0.19088091665431695,0.37449118046132973,0.37991858887381275,False,
1511,tensopolis__qwen2.5-3b-or1-tensopolis,2025-02-18 17:54:12+00:00,b1cea4f2fd2789dd7ac2dc65b739e834d1b5dc50,0.3756,0.39171294053918315,0.016112940539183163,0.27305217438249024,0.6971304856510087,0.1939622279984308,0.3857982813206694,0.39032112166440525,False,
1512,JayHyeon__Qwen_0.5-cDPO_5e-7-3ep_0vpo_const_0.3,2025-02-18 17:55:05+00:00,153f4928ba858deda4b246f40013f08dd432eed1,0.2722,0.39171294053918315,0.11951294053918315,0.3691032853819504,1.171620391156481,0.2900133389978922,0.9561284486657621,0.9362279511533242,False,
1513,JayHyeon__Qwen_0.5-rDPO_5e-7-3ep_0vpo_const_0.3,2025-02-18 18:02:30+00:00,90880b3e0cdfc7e4114c7ffdb1bd145edfa16637,0.2756,0.39171294053918315,0.11611294053918314,0.3700460528827492,1.1820493761710569,0.29095610649869075,0.9588421528720036,0.9466304839439168,False,
1514,tensopolis__mistral-small-r1-tensopolis,2025-02-18 18:08:25+00:00,bc412278fbebe59dd3265d02a990c3db4b9e080a,0.4658,0.39171294053918315,-0.07408705946081684,0.2870158634461249,0.7641912717095453,0.20792591706206617,0.4767073722297603,0.47444595205789236,False,
1515,baconnier__Napoleon_24B_V0.2,2025-02-18 18:37:10+00:00,e4434b230184a397444ed227ad14d96523c63f74,0.4708,0.39171294053918315,-0.07908705946081684,0.25547762567396687,0.6158155381804293,0.17638767928990767,0.3152419719583899,0.3147896879240163,False,
1516,tensopolis__mistral-small-2501-tensopolis-v1,2025-02-18 18:47:48+00:00,d6f92ae4e8a934ef5eeb5a30886560b2df20caf9,0.5788,0.39171294053918315,-0.18708705946081683,0.3150539420521191,0.8981320056688679,0.23596399566806053,0.649932157394844,0.6648575305291723,True,3
1517,DreadPoor__Winter_Night-8B-Model_Stock,2025-02-18 19:05:09+00:00,fb2e1b64d5ef3794d8bd1e0b39786525e6c9a47f,0.439,0.39171294053918315,-0.04728705946081685,0.23601874147671437,0.5208719996558442,0.15692879509265545,0.2021709633649932,0.18498417005879692,False,
1518,jayasuryajsk__Qwen2.5-3B-reasoner,2025-02-18 19:05:54+00:00,3db75de89db456d945b33db0cde21643873c9f4e,0.3994,0.39171294053918315,-0.007687059460816825,0.289825817544294,0.7817367582651689,0.21073587116023515,0.4925373134328358,0.5015829941203076,False,
1519,EpistemeAI__ReasoningCore-3B-0,2025-02-18 19:06:52+00:00,66f142fdad1a3849aa5cd5fef55469b3d7fdb3bf,0.3966,0.39171294053918315,-0.004887059460816856,0.2861099553727881,0.7583284438838254,0.20702000898872774,0.47218453188602444,0.46766169154228854,False,
1520,sometimesanotion__Qwen2.5-7B-Gordion-v0.1-Reason,2025-02-18 19:23:06+00:00,c1353f0b4e5dc8ad7c5d44d3e6b8ceb1b4889f00,0.4746,0.39171294053918315,-0.08288705946081687,0.2523159006446797,0.6230924474950404,0.17322595426062065,0.2989597467209408,0.3211216644052465,False,
1521,Triangle104__Porpoise-R1-Llama3.2-3b,2025-02-18 19:24:08+00:00,6755e979a0f4d3bc833b9a8b833929839ab3cd1c,0.3272,0.39171294053918315,0.06451294053918316,0.3050965301037067,0.8438296938791818,0.22600658371964846,0.5748530076888286,0.5730438715513342,False,
1522,Quazim0t0__Motion-8B-Linear,2025-02-18 19:28:38+00:00,f1b47cc95aac457b9a30c7738dc14752217875b7,0.4416,0.39171294053918315,-0.04988705946081684,0.2374833882245874,0.5333244909934675,0.15839344184052853,0.20985979194934418,0.20669380370872908,False,
1523,EpistemeAI__ReasoningCore-3B-R01,2025-02-18 19:40:08+00:00,627d564f593fe911c9e4c1ccf4ba4bb9d27f357f,0.347,0.39171294053918315,0.04471294053918318,0.2808157421370132,0.7282224168630013,0.2017257957529535,0.43464495703301675,0.43057440072365444,False,
1524,JayHyeon__Qwen_0.5-VIPO_5e-7-3ep_10vpo_const,2025-02-18 19:46:27+00:00,9b1ed11794a4c48e6bc678ac09313e2e3ca483f6,0.2836,0.39171294053918315,0.10811294053918313,0.37095868643864155,1.1811378630616878,0.29186874005458424,0.9633649932157394,0.9448213478064225,False,
1525,JayHyeon__Qwen_0.5-VIPO_5e-7-3ep_30vpo_const,2025-02-18 19:49:37+00:00,fa6b73f3933225a1eacd1d200d7e9d0a542ba3b1,0.283,0.39171294053918315,0.10871294053918318,0.3674288201106615,1.1644356746647155,0.2883388737266037,0.9434644957033017,0.9249208502939846,False,
1526,JayHyeon__Qwen_0.5-VIPO_5e-7-3ep_1vpo_const,2025-02-18 19:58:38+00:00,1e51de24175aed59cdc9cba9d5d6bc1d21957201,0.282,0.39171294053918315,0.10971294053918318,0.3691997611556177,1.181607765862443,0.29010981477156017,0.9565807327001357,0.9461781999095432,False,
1527,JayHyeon__Qwen_0.5-VIPO_5e-7-3ep_3vpo_const,2025-02-18 19:58:39+00:00,e8b6c6b96eedc7adec67446e5b53ebbff666be73,0.2816,0.39171294053918315,0.11011294053918314,0.36996762132441313,1.1887015845970943,0.29087767494035544,0.95838986883763,0.9547715965626413,False,
1528,sometimesanotion__Qwen2.5-7B-Gordion-v0.1-Prose,2025-02-18 19:58:59+00:00,660766701253dec6b6b41b1ca2e26f64141617cc,0.4836,0.39171294053918315,-0.09188705946081682,0.2612829774679099,0.6662305637812753,0.18219303108385138,0.344640434192673,0.36363636363636365,False,
1529,Triangle104__Mistral-Redemption-Arc,2025-02-18 19:59:33+00:00,d666a1bb679170b7a143110caf15aa2980fb7550,0.5394,0.39171294053918315,-0.14768705946081684,0.28888537905931455,0.7885830429840399,0.20979543267525577,0.4871099050203528,0.5097241067390321,False,
1530,Quazim0t0__Charlie-8B-Linear,2025-02-18 20:12:34+00:00,920f78b6b59b5f43cb02af26cd36d8fa321f5953,0.454,0.39171294053918315,-0.06228705946081686,0.24062817869612987,0.5732361390568531,0.16153823231207118,0.2265943012211669,0.26820443238353686,False,
1531,oopere__Llama-FinSent-S,2025-02-18 20:22:43+00:00,587cbec0452424ce7ed541296fde367f10d603da,0.2672,0.39171294053918315,0.12451294053918316,0.3586756959484115,1.1136971000180946,0.27958574956435256,0.8710990502035278,0.8376300316598824,False,
1532,DoppelReflEx__MN-12B-FoxFrame2-test,2025-02-18 20:23:39+00:00,13d2909091ec0355a637800dd82301560809e6dd,0.449,0.39171294053918315,-0.05728705946081686,0.2512606123066228,0.5969536990423109,0.1721706659225633,0.29488919041157846,0.29760289461781997,False,
1533,FuseAI__FuseChat-Llama-3.2-3B-Instruct,2025-02-18 20:26:22+00:00,5784e027f8822e82af43078cda344c676d56a671,0.4204,0.39171294053918315,-0.028687059460816844,0.2716784827035521,0.6903038799219572,0.19258853631949302,0.38308457711442784,0.38308457711442784,False,
1534,DoppelReflEx__MN-12B-FoxFrame3-test,2025-02-18 20:33:25+00:00,5124a2c76c30692f73669439595a8d0ae6589a33,0.444,0.39171294053918315,-0.052287059460816854,0.2427968398819194,0.5741516501182794,0.16370689349786,0.24287652645861602,0.26865671641791045,False,
1535,bunnycore__Qwen-2.5-7B-Exp-Sce,2025-02-18 20:49:57+00:00,fdd05f852698a9efbbb7b7ff76ab87287a5acab1,0.4938,0.39171294053918315,-0.10208705946081686,0.2705403291402485,0.6985314469306346,0.19145038275618986,0.37720488466757124,0.39348710990502034,False,
1536,Daemontatox__Cogito-MIS,2025-02-18 21:15:34+00:00,25c94031d684cdf5717fddf3360876ed38c4898c,0.3856,0.39171294053918315,0.006112940539183154,0.2847701124115663,0.7338169795216942,0.20568016602750722,0.46404341926729986,0.43826322930800543,False,
1537,YOYO-AI__ZYH-LLM-Qwen2.5-14B-V2,2025-02-18 21:18:56+00:00,848874f18349b237be46d23231b80cae1d51d898,0.5488,0.39171294053918315,-0.1570870594608168,0.30943159231767897,0.8610035643924291,0.23034164593361953,0.6114880144730891,0.6001809136137495,False,
1538,EpistemeAI__ReasoningCore-3B-T1-V1,2025-02-19 13:35:25+00:00,a281c73f5e9e369478d8987951c88fa9f6923d76,0.3974,0.39171294053918315,-0.0056870594608168235,0.2816033781238936,0.7274529245180161,0.20251343173983463,0.4396200814111262,0.4292175486205337,False,
1539,prithivMLmods__Elita-0.1-Distilled-R1-abliterated,2025-02-19 13:39:10+00:00,6b069edd13c501a3f7e12db39c14d549f39c20d4,0.3506,0.39171294053918315,0.04111294053918313,0.321118723177209,0.9336470067610441,0.24202877679314966,0.6852103120759837,0.7037539574853008,False,
1540,prithivMLmods__Megatron-Opus-14B-2.0,2025-02-19 13:39:31+00:00,36b0b3075aa76b1dd36f37eb243ac96319d9bd48,0.5696,0.39171294053918315,-0.17788705946081684,0.30792336538091236,0.8231393956673199,0.22883341899685342,0.6010854816824966,0.5477159656264133,False,
1541,EpistemeAI__Fireball-R1-Llama-3.1-8B,2025-02-19 13:46:24+00:00,d5ceaa5eb7930d9ffaf42dbd00783230319e0b51,0.3476,0.39171294053918315,0.04411294053918313,0.37081427683445795,1.1776351838223968,0.29172433045039914,0.9629127091813658,0.9407507914970602,False,
1542,nbeerbower__EVA-abliterated-TIES-Qwen2.5-14B,2025-02-19 13:52:14+00:00,4b2368e2a9345cff889a3cf35c537eea52189eae,0.5788,0.39171294053918315,-0.18708705946081683,0.328891867064384,0.9673587765147386,0.24980192068032453,0.725463591135233,0.728629579375848,False,
1543,SicariusSicariiStuff__Phi-lthy4,2025-02-19 13:53:25+00:00,4efa5f0c78822d4f784e99961ca76e7d0d62d51c,0.488,0.39171294053918315,-0.09628705946081684,0.277714756702532,0.7108706034319016,0.19862481031847326,0.41383989145183175,0.4056987788331072,False,
1544,open-thoughts__OpenThinker-7B,2025-02-19 14:21:36+00:00,b15b841a4544059d13f0af628c5a111853d4e89e,0.4562,0.39171294053918315,-0.06448705946081684,0.2966771642935855,0.832888934036708,0.2175872179095266,0.5305291723202171,0.5585707824513795,False,
1545,bunnycore__Qwen2.5-7B-MixStock-Sce-V0.3,2025-02-19 14:27:06+00:00,e0a59f3d2c5bac2a3d043763114ab377077ffe35,0.3176,0.39171294053918315,0.07411294053918316,0.3633345515019582,1.1558064229211877,0.2842446051178992,0.9208502939846224,0.9127091813658977,False,
1546,prithivMLmods__Sombrero-Opus-14B-Elite5,2025-02-19 14:30:33+00:00,60a5e371604db3d71f67012523fcd01a587ead84,0.5862,0.39171294053918315,-0.1944870594608169,0.333470881492562,0.9973086081979078,0.25438093510850296,0.7544097693351425,0.7557666214382632,False,
1547,prithivMLmods__Viper-Coder-v1.1,2025-02-19 14:58:59+00:00,a088b5f512cd25e1532433221743c5cb3264c2e0,0.5852,0.39171294053918315,-0.1934870594608169,0.33529112527921745,1.0258270692440654,0.25620117889515825,0.7648123021257349,0.7788331071913162,False,
1548,Nitral-AI__Captain-Eris_Violet-GRPO-v0.420,2025-02-19 15:03:38+00:00,18d8562be26b3d307097dbfc6a238493faa1e8ca,0.4386,0.39171294053918315,-0.04688705946081684,0.25314337591040553,0.596915661586522,0.17405342952634698,0.3034825870646766,0.2971506105834464,False,
1549,bunnycore__Gemma2-9B-TitanFusion,2025-02-19 15:04:17+00:00,4845dd60579e6ecbf594b6bbcf600867a2395813,0.4382,0.39171294053918315,-0.046487059460816826,0.22968889369181028,0.5001955765222267,0.15059894730775142,0.1519674355495251,0.1483491632745364,False,
1550,bunnycore__Qwen2.5-7B-Sky-R1-Mini,2025-02-19 15:06:21+00:00,6849ad177d89d805ab8135fe408f117ab9c31e64,0.2908,0.39171294053918315,0.10091294053918315,0.3547466023652673,1.1064622947476268,0.2756566559812088,0.8389868837630031,0.8308457711442786,False,
1551,prithivMLmods__Magellanic-Opus-14B-Exp,2025-02-19 15:07:38+00:00,89251f39a2721d43f072396082f9c04558494c0b,0.5702,0.39171294053918315,-0.1784870594608169,0.3148732570002021,0.8760760764574496,0.23578331061614263,0.6485753052917232,0.6232473993668024,False,
1552,bunnycore__Qwen2.5-7B-RRP-1M-Thinker,2025-02-19 15:11:52+00:00,33a728726e40e9fbde84b19a95bb216a9106fe78,0.3178,0.39171294053918315,0.07391294053918313,0.3641653060565955,1.1629959387757418,0.285075359672536,0.924468566259611,0.9222071460877431,False,
1553,prithivMLmods__Dinobot-Opus-14B-Exp,2025-02-19 15:13:15+00:00,fa69f234f480f464caaea42f70aeb35b3294799c,0.5724,0.39171294053918315,-0.18068705946081687,0.32664765942103674,0.9642276550758723,0.24755771303697743,0.7146087743102668,0.7250113071008594,False,
1554,SicariusSicariiStuff__Phi-Line_14B,2025-02-19 15:13:19+00:00,83d85cc10432afe752374268d0a35ae937ba2582,0.5414,0.39171294053918315,-0.14968705946081684,0.3426915197672172,1.0151270513118116,0.26360157338315926,0.7942107643600181,0.7720488466757124,False,
1555,EpistemeAI__ReasoningCore-3B-RE1-V2,2025-02-19 15:17:10+00:00,559f4fa7d64df303f36cb36e603c0d184be26c49,0.3976,0.39171294053918315,-0.005887059460816857,0.2852721494538164,0.7538986437109453,0.20618220306975668,0.46766169154228854,0.4622342831298055,False,
1556,nbeerbower__Dumpling-Qwen2.5-14B,2025-02-19 15:17:35+00:00,a0ecf04623d422cfdc6a98f86c0622a940347b43,0.5416,0.39171294053918315,-0.14988705946081682,0.30482809323306076,0.8251682364190019,0.2257381468490012,0.5712347354138398,0.5508819538670285,False,
1557,allura-org__TQ2.5-14B-Neon-v1,2025-02-19 15:27:17+00:00,caef250b014909979009ca7cb9c989e68f0b9bf7,0.5688,0.39171294053918315,-0.17708705946081682,0.30878321831645095,0.8473145950878388,0.22969327193239222,0.608322026232474,0.5771144278606966,False,
1558,agentlans__Llama3.1-LexiHermes-SuperStorm,2025-02-19 15:29:05+00:00,f20c8130daa76854a8fce543693d867e0aca34a8,0.4584,0.39171294053918315,-0.06668705946081682,0.22528526932819182,0.4829251034944118,0.1461953229441334,0.12256897331524197,0.12121212121212122,False,
1559,prithivMLmods__Evac-Opus-14B-Exp,2025-02-19 15:41:42+00:00,c65541f5627abcfe4571e4cdbe9d5aae4dde80b0,0.5708,0.39171294053918315,-0.17908705946081682,0.321304142590735,0.9283222411938268,0.24221419620667597,0.6861148801447309,0.6974219810040706,False,
1560,prithivMLmods__Megatron-Corpus-14B-Exp,2025-02-19 16:04:41+00:00,1194e77f69ca60547b79fff8dc5d9d85165785cc,0.545,0.39171294053918315,-0.1532870594608169,0.3074523957198538,0.8596944607578414,0.22836244933579392,0.5943012211668928,0.5979194934418816,False,
1561,PocketDoc__Dans-PersonalityEngine-V1.2.0-24b,2025-02-19 16:08:55+00:00,a9e79578a1509f315808217802f322e9079ef135,0.5434,0.39171294053918315,-0.15168705946081684,0.28619165639211147,0.7301913502820648,0.20710171000805225,0.472636815920398,0.4323835368611488,False,
1562,nbeerbower__DoppelKartoffel-Mistral-Nemo-23B,2025-02-19 16:14:38+00:00,86b90d9ea8e90e08415f5c10aedf5a202b122d5b,0.4196,0.39171294053918315,-0.02788705946081682,0.24510335982301534,0.5772763997378867,0.1660134134389561,0.25780189959294436,0.2700135685210312,False,
1563,fluently-lm__FluentlyLM-Prinum,2025-02-20 02:55:58+00:00,c065619973b88afb1443a964de63573f3d02c5e4,0.6346,0.39171294053918315,-0.2428870594608169,0.34433299964852493,1.0562682979642048,0.2652430532644662,0.7991858887381276,0.8023518769787427,False,
1564,braindao__iq-code-evmind-0.5b,2025-02-23 21:26:36+00:00,ffb2ab94e45f6fd0535fda48c2ffdc8f92756d22,0.2636,0.39171294053918315,0.12811294053918315,0.34708190976703,1.0878447948230732,0.2679919633829717,0.8118498417005879,0.8213478064224333,False,
1565,braindao__DeepSeek-R1-Distill-Qwen-1.5B-Blunt,2025-02-23 21:30:25+00:00,e3e289a1497a1d64dc852c8830112aedda70709f,0.2604,0.39171294053918315,0.13131294053918313,0.37567084967225806,1.211045162019796,0.29658090328819847,0.9760289461781999,0.9715061058344641,False,
1566,braindao__DeepSeek-R1-Distill-Qwen-1.5B-Reflective,2025-02-23 21:31:12+00:00,03fdefe75faaffed6bba5383cda965d8aee7a357,0.2714,0.39171294053918315,0.12031294053918318,0.37205221301983815,1.2144648436684957,0.29296226663577896,0.9656264133876075,0.9733152419719584,False,
1567,SpaceYL__ECE_Poirot,2025-02-23 21:32:30+00:00,51492c6c73bc45d34c2bce1ca12e62c5539ffe5f,0.3544,0.39171294053918315,0.03731294053918316,0.29269114144164976,0.7944967137217338,0.21360119505759048,0.5083672546359114,0.5160560832202623,False,
1568,AI4free__Dhanishtha,2025-02-23 21:34:09+00:00,13e175233819e8bc91b57c3a4915be4303dea61c,0.3126,0.39171294053918315,0.07911294053918316,0.3814377925731915,1.248187773763686,0.3023478461891339,0.9864314789687924,0.9859791949344188,False,
1569,jaspionjader__bh-64,2025-02-23 21:53:38+00:00,72d18655e4229c469d63c51a0a50d252b1061c34,0.4456,0.39171294053918315,-0.053887059460816844,0.23397409723996493,0.5283966191790106,0.15488415085590596,0.1854364540931705,0.19855269109000453,False,
1570,Youlln__ECE-MIRAGE-1-12B,2025-02-23 21:56:25+00:00,fed1eefc18fd9482d57683f52e12a5ea65334a17,0.2468,0.39171294053918315,0.14491294053918316,0.34906740866943,1.09606628676677,0.26997746228537184,0.8208955223880597,0.824966078697422,False,
1571,Youlln__ECE-MIRAGE-1-15B,2025-02-23 21:58:55+00:00,c46aeabe061280a38b763f2ae2cac511ec6f13ac,0.2468,0.39171294053918315,0.14491294053918316,0.34906740866943,1.09606628676677,0.26997746228537184,0.8208955223880597,0.824966078697422,False,
1572,arcee-ai__Arcee-Blitz,2025-02-23 22:03:50+00:00,ef449528285146e7468650aa1f1b15a115fde026,0.57,0.39171294053918315,-0.1782870594608168,0.3014328153623656,0.8110527241775639,0.22234286897830666,0.5522388059701493,0.5345997286295794,False,
1573,sthenno-com__miscii-14b-0218,2025-02-23 22:12:46+00:00,f086b2c0af1321a8797c38c4b74a76a32612a873,0.592,0.39171294053918315,-0.20028705946081682,0.33042397927833606,0.9742199187032553,0.25133403289427686,0.7372229760289462,0.7340569877883311,False,
1574,LeroyDyer__CheckPoint_R1,2025-02-24 16:29:41+00:00,1b1985eebcc523848bec5d328e1987c0769058f9,0.3282,0.39171294053918315,0.06351294053918316,0.28481800981049604,0.7721566588852263,0.20572806342643685,0.46494798733604703,0.48756218905472637,False,
1575,failspy__Meta-Llama-3-8B-Instruct-abliterated-v3,2025-02-24 16:35:00+00:00,49bf6c4d82c573117fd9c72e6bfd24975ae6aaed,0.4182,0.39171294053918315,-0.026487059460816864,0.23462761713716804,0.5104017254375045,0.1555376707531094,0.18995929443690637,0.1655359565807327,False,
1576,Davidsv__SUONG-1,2025-02-24 16:35:21+00:00,2cc0bd598e4e6c2ec5baa7ba06bed8dd970ecd2c,0.2324,0.39171294053918315,0.15931294053918316,0.36714483970028444,1.1801360823156415,0.28805489331622636,0.942107643600181,0.9434644957033017,False,
1577,EnnoAi__EnnoAi-7B-French-Instruct-202502,2025-02-24 16:36:17+00:00,10f41648241d78fd1155c1e02cafc9da9e9ec150,0.4954,0.39171294053918315,-0.10368705946081685,0.28417032467617415,0.7704128218280452,0.20508037829211526,0.45906829488919043,0.48484848484848486,False,
1578,ilsp__Llama-Krikri-8B-Instruct,2025-02-24 16:38:40+00:00,703ff685ff8a0485080689457c5df007eb349418,0.4246,0.39171294053918315,-0.032887059460816825,0.23281007046434737,0.5204006595545425,0.15372012408028832,0.1759384893713252,0.18407960199004975,False,
1579,DoppelReflEx__MN-12B-Unleashed-Twilight,2025-02-24 16:40:05+00:00,228471fdffbb6178857efd0e63723ac23ffcb379,0.4512,0.39171294053918315,-0.05948705946081684,0.22878987366339046,0.5031883032930454,0.14969992727933137,0.14699231117141565,0.15332428765264586,False,
1580,DreadPoor__Yafune-8B-Model_Stock,2025-02-24 16:41:29+00:00,23260b583c7ea2c69e0aaf3ca3fa9eb2bf1ab553,0.469,0.39171294053918315,-0.07728705946081682,0.23016145602547664,0.5013955184833564,0.1510715096414184,0.1555857078245138,0.15015829941203077,False,
1581,Sourjayon__DeepSeek-R1-8b-Sify,2025-02-24 16:42:05+00:00,b14266fc1d53ed9336fe5a7db6e47c3cde7f38ca,0.3134,0.39171294053918315,0.07831294053918314,0.3747161766597325,1.2086533566947988,0.2956262302756746,0.9742198100407056,0.9687924016282226,False,
1582,MagusCorp__grpo_lora_enem_llama3_7b,2025-02-24 16:45:10+00:00,ac15bbf7335f13b349e943eb75b5cf21d16e16d5,0.4042,0.39171294053918315,-0.012487059460816852,0.24136286579452168,0.5623210700602441,0.16227291941046249,0.2329262777023971,0.2501130710085934,False,
1583,JayHyeon__Qwen_0.5-VDPO_5e-7-3ep_3vpo_const,2025-02-24 16:45:58+00:00,d65ec821c8cedf4ba64ec2a926efa6420466c045,0.2746,0.39171294053918315,0.11711294053918314,0.3713169352186874,1.180767146042633,0.2922269888346292,0.9638172772501131,0.9443690637720489,False,
1584,jebish7__qwen2.5-0.5B-IHA-Hin,2025-02-24 16:46:03+00:00,cb28a8bbcd52a7413ec84f410f09ceb3b3f19695,0.2488,0.39171294053918315,0.14291294053918316,0.3623868098108087,1.1605040999941276,0.2832968634267511,0.9099954771596562,0.9176843057440073,False,
1585,JayHyeon__Qwen_0.5-VDPO_5e-7-3ep_1vpo_const,2025-02-24 16:47:11+00:00,1e248179b49885e5053fbc75c3f7700c675f5a6c,0.2744,0.39171294053918315,0.11731294053918317,0.3740920132370181,1.1938015930667107,0.2950020668529597,0.9728629579375848,0.9601990049751243,False,
1586,mrm8488__phi-4-14B-grpo-limo,2025-02-24 16:47:47+00:00,7da038ded2842d430bdd6d8a3ca219bc1e6ed49d,0.5852,0.39171294053918315,-0.1934870594608169,0.32997223241660933,0.9566760895688756,0.2508822860325506,0.7340569877883311,0.7222976028946179,False,
1587,arshiaafshani__Arsh-V1,2025-02-24 16:48:01+00:00,dfc53cbb40d58ae8e73e3236807757e74986592f,0.5632,0.39171294053918315,-0.17148705946081688,0.3173906090666736,0.8636544745236951,0.23830066268261507,0.6635006784260515,0.6037991858887382,False,
1588,mrm8488__phi-4-14B-grpo-gsm8k-3e,2025-02-24 16:48:06+00:00,58c255322fb71765a480c25c3dbb92518b9f60af,0.5862,0.39171294053918315,-0.1944870594608169,0.33113030700082224,0.9582155801709107,0.25204036061676327,0.7403889642695612,0.723202170963365,False,
1589,Daemontatox__mini-Cogito-R1,2025-02-24 16:55:05+00:00,20e8c55ada97373945a809b6ab0de741a9d4f364,0.3024,0.39171294053918315,0.08931294053918315,0.3677849298548287,1.174298894656092,0.2886949834707698,0.945273631840796,0.9380370872908186,False,
1590,nbeerbower__Dumpling-Qwen2.5-7B-1k-r64-2e-5,2025-02-24 16:56:33+00:00,be71c3231a6fbbd8ffc4a7636145a931dff8323d,0.44,0.39171294053918315,-0.04828705946081685,0.2592930390191531,0.6392107220945462,0.18020309263509401,0.3333333333333333,0.3355947535052013,False,
1591,mkxu__llama-3-8b-instruct-fpo,2025-02-24 16:56:51+00:00,ab9f9c02066ff3709da795ecc610dc6c5c5c1260,0.412,0.39171294053918315,-0.020287059460816825,0.2368209253498369,0.5235281623539852,0.15773097896577806,0.2062415196743555,0.18860244233378562,False,
1592,mindw96__DeepSeek-llama3.3-Bllossom-8B-DACON-LLM3,2025-02-24 17:03:32+00:00,8fe84e633f0a93bdb9ba9445b56305598d4e5ebc,0.2504,0.39171294053918315,0.14131294053918314,0.38662750099171905,1.3062902717997809,0.3075375546076628,0.9918588873812755,0.9954771596562642,False,
1593,Xiaojian9992024__Phi-4-Megatron-Empathetic,2025-02-24 17:10:11+00:00,c898aa0fd680fbf2f0c3a88fcc56429ea77915cd,0.5268,0.39171294053918315,-0.1350870594608169,0.306589499466976,0.8298152441803744,0.22749955308291633,0.5857078245137947,0.5554047942107644,False,
1594,Xiaojian9992024__Qwen2.5-THREADRIPPER-Small-AnniversaryEdition,2025-02-24 17:17:52+00:00,ea6b1e8805971eed21e57979d092932339268905,0.4976,0.39171294053918315,-0.10588705946081683,0.31763094704950834,0.9323847806344197,0.23854100066544848,0.6648575305291723,0.7019448213478064,False,
1595,hotmailuser__Mistral-modelstock2-24B,2025-02-24 17:18:34+00:00,2f684fa2842a2acf49081f21d6444dcb32ee8ae9,0.5482,0.39171294053918315,-0.15648705946081687,0.2776528919714135,0.7122197716554608,0.19856294558735418,0.4129353233830846,0.4075079149706015,False,
1596,oopere__pruned40-llama-3.2-1B,2025-02-24 17:19:20+00:00,78a8b2ac16d5965689e4c7388ce17b3b7cf60c71,0.2522,0.39171294053918315,0.13951294053918317,0.362872519590406,1.1621141367937518,0.28378257320634753,0.9163274536408865,0.921302578018996,False,
1597,HoangHa__Pensez-Llama3.1-8B,2025-02-24 17:22:22+00:00,20c065390a0c9ee28c0647b8289098d7f0f45737,0.3842,0.39171294053918315,0.007512940539183166,0.25464046040377275,0.613966951858905,0.17555051401971353,0.310719131614654,0.3120759837177748,False,
1598,ymcki__Llama-3.1-8B-GRPO-Instruct,2025-02-24 17:37:03+00:00,a94312e36efe51976e20f2ca0c2ef82490036ec7,0.4494,0.39171294053918315,-0.05768705946081687,0.24443395398976722,0.5611468669521729,0.16534400760570805,0.2541836273179557,0.24785165083672547,False,
1599,JayHyeon__Qwen_0.5-VIPO_5e-7-1ep_3vpo_const,2025-02-24 17:43:58+00:00,a814ce08ce9333e6dd8414c9ee3acb5353069b6d,0.2776,0.39171294053918315,0.11411294053918314,0.3721091427474372,1.1905507222284897,0.29301919636337875,0.966078697421981,0.9579375848032564,False,
1600,Daemontatox__Research_PathfinderAI,2025-02-24 17:46:33+00:00,1343b1101da7093acfa6efe266aaca1a04392abb,0.2718,0.39171294053918315,0.11991294053918317,0.3821616112340987,1.2431098714553606,0.30307166485003934,0.9873360470375395,0.9832654907281773,False,
1601,bunnycore__Maestro-S1k-7B-Sce,2025-02-24 17:53:09+00:00,4060bbe7935837a1660c0bb37c800190d0bca7e6,0.265,0.39171294053918315,0.12671294053918314,0.357514484832888,1.1151468237369166,0.2784245384488301,0.8575305291723202,0.8394391677973767,False,
1602,grimjim__Magnolia-v4-12B,2025-02-24 17:55:38+00:00,dd2ebb9321aef9e996aef8cb89bacf99fed84716,0.4462,0.39171294053918315,-0.054487059460816833,0.23705401553781955,0.5301585595269657,0.15796406915375988,0.20714608774310267,0.20036182722749887,False,
1603,grimjim__Magnolia-v5a-12B,2025-02-24 17:56:49+00:00,54e5232982714ff1fbbb3a502cc0665d8454f7c8,0.4428,0.39171294053918315,-0.051087059460816875,0.24558160175812369,0.5643176360643042,0.16649165537406452,0.26232473993668026,0.25463591135232927,False,
1604,prithivMLmods__Megatron-Opus-14B-2.1,2025-02-24 17:58:24+00:00,aeff68342a024329dc0bdb05d1806c6a82d55feb,0.5276,0.39171294053918315,-0.1358870594608168,0.3059968033584833,0.8216364921691205,0.226906856974424,0.582089552238806,0.545906829488919,False,
1605,nbeerbower__Dumpling-Qwen2.5-7B-1k-r16,2025-02-24 18:04:16+00:00,e0867e87e87797e18663624eaed149bb3067003e,0.438,0.39171294053918315,-0.04628705946081685,0.2821976266739443,0.7660232518631915,0.20310768028988524,0.44414292175486203,0.4785165083672546,False,
1606,prithivMLmods__Viper-Coder-HybridMini-v1.3,2025-02-24 18:08:39+00:00,a9ec2b952972230c369340fb8744f92edccb933b,0.4966,0.39171294053918315,-0.10488705946081683,0.29607951376841307,0.8478894834301823,0.21698956738435413,0.5269109000452284,0.5775667118950701,False,
1607,allura-org__L3.1-8b-RP-Ink,2025-02-24 18:09:01+00:00,ad71cd14f80cee4a94bfaea58bedcc01b04565ea,0.4212,0.39171294053918315,-0.029487059460816867,0.2532867674479688,0.5989190922801175,0.17419682106391007,0.3043871551334238,0.29986431478968795,False,
1608,nbeerbower__Nemoties-ChatML-12B,2025-02-24 18:13:34+00:00,3018d77aafc900b3f855c475e2d8d326a422978b,0.4538,0.39171294053918315,-0.06208705946081683,0.21813932500529387,0.4642512307687896,0.1390493786212346,0.04568068747173225,0.05879692446856626,False,
1609,Nitral-AI__Captain-Eris-BMO_Violent-GRPO-v0.420,2025-02-24 18:18:58+00:00,9f5f66d03ca5db70f55edef851c3094ead67e21f,0.4336,0.39171294053918315,-0.04188705946081683,0.25955725721890427,0.632892298696316,0.18046731083484469,0.33469018543645407,0.32971506105834464,False,
1610,Nitral-AI__Captain-Eris_BMO-Violent-12B,2025-02-24 18:19:30+00:00,a3de6290b1c4fdd21219d1607a282911559db7cf,0.4358,0.39171294053918315,-0.04408705946081687,0.2576701831833901,0.6317435405301488,0.1785802367993306,0.32654907281772955,0.3283582089552239,False,
1611,Triangle104__L3.1-8B-Dusky-Ink_v0.r1,2025-02-24 18:26:35+00:00,bddadde212e111f68c344ae05db86ca08677b699,0.3474,0.39171294053918315,0.044312940539183165,0.292574399171471,0.8183694626889275,0.21348445278741096,0.5070104025327906,0.5427408412483039,False,
1612,Nexesenex__Nemotron_W_4b_Halo_0.1,2025-02-24 19:00:09+00:00,afce05ace047db9ca8141f8af45bbb0ee14745ff,0.3356,0.39171294053918315,0.05611294053918314,0.2793535695357759,0.7451112568300475,0.2002636231517167,0.4260515603799186,0.45137946630483944,False,
1613,Nexesenex__Llama_3.2_1b_Dolto_0.1,2025-02-24 19:15:00+00:00,7e06160d88522ca16c98e774b64b929645324c1f,0.2954,0.39171294053918315,0.09631294053918316,0.36449779073095456,1.1444191638308783,0.2854078443468953,0.9271822704658526,0.8977838082315694,False,
1614,Nexesenex__Llama_3.2_1b_OpenTree_R1_0.1,2025-02-24 19:15:05+00:00,2e2fe58d729f4994f2423e0f5549d29c12bfbdf3,0.2844,0.39171294053918315,0.10731294053918317,0.35726827059536675,1.1110185576863674,0.2781783242113074,0.8543645409317051,0.8344640434192673,False,
1615,Nexesenex__Llama_3.2_1b_RandomLego_RP_R1_0.1,2025-02-24 19:19:12+00:00,b8359b2939bb42d164f1ea7cf3bf742288f13e2b,0.304,0.39171294053918315,0.08771294053918316,0.35015707718771516,1.0748525187661293,0.27106713080365613,0.8240615106286748,0.8141112618724559,False,
1616,Nexesenex__Llama_3.2_1b_Syneridol_0.2,2025-02-24 19:20:24+00:00,b6b0f2f0a57d0b12fcc600669e465c461dc17e02,0.2554,0.39171294053918315,0.13631294053918314,0.3452395193505788,1.0655537893876919,0.26614957296652064,0.8023518769787427,0.8068747173224785,False,
1617,Wladastic__Mini-Think-Base-1B,2025-02-24 19:20:30+00:00,c83ec560194558c8392d8fdd998f3c1185511e0d,0.3174,0.39171294053918315,0.07431294053918314,0.33269715325135535,0.9948150291670047,0.2536072068672966,0.7503392130257802,0.7539574853007689,False,
1618,Nexesenex__Llama_3.2_1b_AquaSyn_0.1,2025-02-24 19:23:40+00:00,fd7cb889e318cfd02cf3c4499cb38016bcf9ab3d,0.2716,0.39171294053918315,0.12011294053918314,0.3408595600572237,1.0292321292888666,0.2617696136731669,0.7874265038444143,0.7824513794663048,False,
1619,Nexesenex__Llama_3.2_1b_Sydonia_0.1,2025-02-24 19:31:31+00:00,c0189c5faaa152dc4fa98aefabbda68680f8fc0b,0.2548,0.39171294053918315,0.13691294053918313,0.3471662596020838,1.0719818167544841,0.2680763132180263,0.8132066938037087,0.8113975576662144,False,
1620,qingy2024__Benchmaxx-Llama-3.2-1B-Instruct,2025-02-24 19:32:22+00:00,4fb34ff9d4d6036b7544098e205e60d46f34b50a,0.6378,0.39171294053918315,-0.24608705946081688,0.43099965408575946,1.5301591378429513,0.3519097077017022,1.0,1.0,False,
1621,mrdayl__OpenThink,2025-02-24 19:34:21+00:00,d72a42b31de8b47df2df4796d4c17079d09ace2d,0.3196,0.39171294053918315,0.07211294053918316,0.3573235600025882,1.1132187761363856,0.27823361361852944,0.8557213930348259,0.8371777476255088,False,
1622,Nexesenex__Llama_3.2_1b_Synopsys_0.1,2025-02-24 19:34:37+00:00,b469c3a5d860adcd63ba1515baa07517c57d22c7,0.2584,0.39171294053918315,0.13331294053918313,0.3456049532958938,1.0587181823057903,0.2665150069118362,0.8050655811849842,0.8037087290818634,False,
1623,Nexesenex__Llama_3.2_1b_Odyssea_V1,2025-02-24 19:38:32+00:00,716da2c42f0d31ab7ce2070f236bb74a9a456e6e,0.2494,0.39171294053918315,0.14231294053918314,0.3521673290128217,1.1005989672187624,0.2730773826287631,0.8285843509724107,0.8281320669380371,False,
1624,ozone-research__Chirp-01,2025-02-24 19:53:07+00:00,a85ddfea704bab61b2dfb0d37227d6700439a4b2,0.4368,0.39171294053918315,-0.04508705946081687,0.31040656116046716,0.8975251461129401,0.23131661477640714,0.6218905472636815,0.6635006784260515,False,
1625,formulae__mita-v1-7b,2025-02-24 20:06:08+00:00,1950a193a7d4e77cb60d5ca185cb394ad6f38112,0.2526,0.39171294053918315,0.13911294053918316,0.3543443708696615,1.1216409601840742,0.2752544244856032,0.8371777476255088,0.8471279963817278,False,
1626,suayptalha__DeepSeek-R1-Distill-Llama-3B,2025-02-24 20:06:58+00:00,51b2f33d5881d37d7862d1716773f793fcf53606,0.3942,0.39171294053918315,-0.002487059460816843,0.2798904978657579,0.7224693578730393,0.2008005514816987,0.43012211668928085,0.4224332881049299,False,
1627,suayptalha__Clarus-7B-v0.1,2025-02-24 20:31:29+00:00,f9af9aa249763638cb41dfec7c1623afde1fcbf4,0.5132,0.39171294053918315,-0.12148705946081684,0.30992691048751947,0.901153514953661,0.23083696410346066,0.6187245590230664,0.6693803708729081,False,
1628,suayptalha__Clarus-7B-v0.2,2025-02-24 20:34:39+00:00,254623d8e80712874a3f77f6552e44042653480f,0.5122,0.39171294053918315,-0.12048705946081684,0.3064302957609621,0.8797559256485643,0.22734034937690362,0.5843509724106739,0.6282225237449118,False,
1629,formulae__mita-v1.2-7b-2-24-2025,2025-02-24 20:38:40+00:00,0b11632f98ee82389c334987176cd4a1879c274c,0.4562,0.39171294053918315,-0.06448705946081684,0.31578869592551895,0.9664564861056683,0.23669874954146058,0.655359565807327,0.7272727272727273,False,
1630,formulae__mita-v1.1-7b-2-24-2025,2025-02-24 20:39:18+00:00,9d6371a1f9c3b5fe26de7dc581b044eb4ce01045,0.4806,0.39171294053918315,-0.08888705946081688,0.28364367884799724,0.788196955026713,0.20455373246393876,0.4559023066485753,0.5092718227046585,False,
1631,ModelSpace__GemmaX2-28-9B-v0.1,2025-02-24 20:52:52+00:00,4c3e91a5d41292228b159b7d69ac35d8839758a2,0.2898,0.39171294053918315,0.10191294053918315,0.3376904257414324,0.9883699761359539,0.2586004793573743,0.7765716870194482,0.7507914970601538,False,
1632,Danielbrdz__Barcenas-3b-GRPO,2025-02-24 21:04:07+00:00,ba1551e3056c4bfd46f41cbb1ab2a99c6355b1f9,0.3852,0.39171294053918315,0.006512940539183165,0.2743415860261161,0.7052777483448404,0.195251639642057,0.39348710990502034,0.3998190863862506,False,
1633,netcat420__qwen2.5-MFANN-7b-SLERP-V1.2,2025-02-24 21:06:23+00:00,1ba94c326b755883db1b62bd9a1119578b202db1,0.4602,0.39171294053918315,-0.06848705946081685,0.2932151606588198,0.8055163888328285,0.21412521427476128,0.5115332428765265,0.5287200361827228,False,
1634,netcat420__qwen2.5-MFANN-7b-v1.1,2025-02-24 21:08:08+00:00,97fc36dd9dd76a3916fd6e9b04bde05493577229,0.4406,0.39171294053918315,-0.04888705946081684,0.298319641393645,0.8368364310395818,0.21922969500958603,0.5386702849389416,0.5653550429669832,False,
1635,DevQuasar__DevQuasar-R1-Uncensored-Llama-8B,2025-02-24 21:08:12+00:00,dee4aa4fe14005e9c344e1b465c3103149327259,0.4544,0.39171294053918315,-0.06268705946081687,0.25826319891346977,0.6609996574502829,0.17917325252941074,0.32971506105834464,0.3568521031207598,False,
1636,Sakalti__SakaMoe-3x1.6B-Instruct,2025-02-24 21:23:06+00:00,e184a4420270696247084852d29e1fc333c9c1d6,0.2714,0.39171294053918315,0.12031294053918318,0.354417535293579,1.1115448749008998,0.2753275889095186,0.838082315694256,0.8349163274536409,False,
1637,jeanmichela__o-distil-qwen,2025-02-24 21:26:55+00:00,8e25aa237ab43e121931a949012c4926b74a9f3f,0.5508,0.39171294053918315,-0.1590870594608168,0.3291486724166506,1.015302568050804,0.2500587260325909,0.7272727272727273,0.772501130710086,False,
1638,sometimesanotion__Lamarck-14B-v0.7-Fusion,2025-02-24 21:57:33+00:00,9e2cf70e0f210a0e52e4af265b6107de8a3c5e0f,0.5822,0.39171294053918315,-0.1904870594608169,0.31849209566338843,0.8875223663157332,0.23940214927933035,0.6725463591135233,0.6440524649479873,False,
1639,FINGU-AI__Ultimos-32B,2025-02-24 22:00:23+00:00,376cf28519b681450624538b26b23a659acc432b,0.2406,0.39171294053918315,0.15111294053918314,0.3672699308102587,1.1821504272625716,0.288179984426202,0.9425599276345545,0.9470827679782904,False,
1640,bunnycore__Qwen-2.5-7b-S1k,2025-02-24 22:40:59+00:00,78e388a430c9e7fd25b8da4dc80c3281dd850629,0.5074,0.39171294053918315,-0.11568705946081681,0.3060143627483377,0.8817220480444635,0.22692441636427915,0.5825418362731796,0.6309362279511533,False,
1641,JayHyeon__Qwen_0.5-cDPO_5e-7-3ep_0vpo_const_0.1,2025-02-24 22:44:47+00:00,6eacf6e8a6c0eea5c9579c7b4bc874c3a005562d,0.2742,0.39171294053918315,0.11751294053918315,0.3733216401344463,1.1883526943350435,0.2942316937503881,0.9678878335594754,0.9538670284938942,False,
1642,JayHyeon__Qwen_0.5-rDPO_5e-7-3ep_0vpo_const_0.1,2025-02-24 22:44:58+00:00,609cf17d2c900dddad4fb092ce1043ecc25f2497,0.2756,0.39171294053918315,0.11611294053918314,0.3715352378071156,1.183166306123987,0.29244529142305725,0.9647218453188603,0.947535052012664,False,
1643,bunnycore__QwQen-3B-LCoT-R1,2025-02-24 22:45:03+00:00,1bba21c50431c2e00570208f39832bb4f279c165,0.4268,0.39171294053918315,-0.03508705946081686,0.3022245249896505,0.8513227784182361,0.22313457860559124,0.5585707824513795,0.5834464043419267,False,
1644,kayfour__T3Q-Qwen2.5-7B-it-KOR-Safe,2025-02-24 23:12:06+00:00,a6d892733f04213a849dbd44da4fae90fd929e22,0.4964,0.39171294053918315,-0.10468705946081686,0.2917593249537041,0.8082058559839226,0.21266937856964563,0.5024875621890548,0.5323383084577115,False,
1645,insightfactory__Llama-3.2-3B-Instruct-unsloth-bnb-4bitlora_model,2025-02-24 23:21:35+00:00,e6d27467a684f9b9ea3701fc763c7a1cef246c7a,0.3596,0.39171294053918315,0.03211294053918318,0.3017136051070164,0.8348586163905757,0.22262365872295736,0.555857078245138,0.5617367706919946,False,
1646,JayHyeon__Qwen_0.5-VIPO_5e-7-1ep_1vpo_const,2025-02-24 23:22:12+00:00,3c090f73d58d0ccb3484753f26d36c15e268744a,0.2794,0.39171294053918315,0.11231294053918317,0.3718596676680571,1.190363863407039,0.29276972128399903,0.9651741293532339,0.9574853007688828,False,
1647,CultriX__Qwen2.5-14B-ReasoningMerge,2025-02-24 23:23:48+00:00,a7d06ff34e1e8b660b2f2b0b78359cebc6674a35,0.5832,0.39171294053918315,-0.1914870594608169,0.3335025164955461,0.9886803330914068,0.25441257011148694,0.7548620533695161,0.7512437810945274,False,
1648,YOYO-AI__Qwen2.5-14B-YOYO-latest-V2,2025-02-24 23:24:52+00:00,0eb0d72da583ef9bc0ceb86fb5d5f7f5470e522f,0.5682,0.39171294053918315,-0.1764870594608169,0.31852459268917294,0.9305239983961794,0.23943464630511285,0.6729986431478969,0.7001356852103121,False,
1649,Lunzima__NQLSG-Qwen2.5-14B-MegaFusion-v3,2025-02-24 23:30:58+00:00,3b083bec0e54503a6e3460eef4019bf3cee81075,0.5794,0.39171294053918315,-0.18768705946081687,0.3271051330363684,0.9284724368359286,0.24801518665230934,0.7164179104477612,0.6978742650384442,False,
1650,Lunzima__NQLSG-Qwen2.5-14B-MegaFusion-v4,2025-02-24 23:31:10+00:00,dd380d781b1910bb025586c59744043cbb6969f3,0.5668,0.39171294053918315,-0.17508705946081682,0.30641340365594055,0.8357579266081724,0.22732345727188163,0.5838986883763003,0.5639981908638625,False,
1651,zelk12__MT1-Gen7-gemma-2-9B,2025-02-24 23:34:48+00:00,bc1f3ffe4009a3042c4bb6e0c8770fc28616bc8b,0.451,0.39171294053918315,-0.05928705946081686,0.23324361763191115,0.5118714963737808,0.1541536712478522,0.18046132971506107,0.16734509271822703,False,
1652,Triangle104__DSR1-Distill-Qwen-7B-RP,2025-02-24 23:56:34+00:00,f7d2aef8880ba19836bdb709633a02a2d6a06144,0.4168,0.39171294053918315,-0.025087059460816852,0.3359652683464768,1.0462887547758077,0.25687532196241725,0.76797829036635,0.7960199004975125,False,
1653,nbeerbower__DoublePotato-Mistral-Nemo-13B,2025-02-24 23:57:57+00:00,545806129a21d0fa8de30f45d06a4b71d8fc3a20,0.4562,0.39171294053918315,-0.06448705946081684,0.226387335258584,0.4837743013011066,0.14729738887452523,0.1284486657620986,0.12211668928086838,False,
1654,allura-org__MN-12b-RP-Ink,2025-02-24 23:58:17+00:00,0aba5383abe5a044a4febd29d4cd1d6c8f94fc53,0.416,0.39171294053918315,-0.02428705946081683,0.2661082788400719,0.660577528109336,0.18701833245601288,0.35956580732700133,0.35594753505201265,False,
1655,Triangle104__Llama3.1-Allades-Lit-8b,2025-02-24 23:59:59+00:00,4e85aea19d4cab8f77c528c18d0992731f476f4a,0.3334,0.39171294053918315,0.05831294053918318,0.26520340046338153,0.6894525046157227,0.18611345407932262,0.35639981908638624,0.38218000904568067,False,
1656,Lunzima__NQLSG-Qwen2.5-14B-MegaFusion-v5,2025-02-25 00:00:31+00:00,3488ce61a1204acca29a4614aeac63afd4fbcd52,0.5762,0.39171294053918315,-0.1844870594608169,0.3122905398958831,0.8703305867406541,0.2332005935118246,0.6341022161917684,0.6151062867480778,False,
1657,Triangle104__Llama3.1-cc-Lit-8b,2025-02-25 00:05:21+00:00,59921fcc22f2fdb8788010b2f25c2aa085ff3bb1,0.3206,0.39171294053918315,0.07111294053918316,0.29806696693764273,0.8293836578248612,0.21897702055358376,0.5364088647670737,0.5545002261420172,False,
1658,Triangle104__DSR1-Distill-Llama-Lit-8B,2025-02-25 00:07:42+00:00,3043d628b622c971459d5700aac7d90e225742f3,0.373,0.39171294053918315,0.018712940539183154,0.33505812899165643,1.0028963532317439,0.25596818260759713,0.7630031659882406,0.7611940298507462,False,
1659,Triangle104__LThreePointOne-8B-HermesBlackroot,2025-02-25 00:10:27+00:00,9fb5d1ea37e16f2842c40fcf666a5533dd671e4b,0.3826,0.39171294053918315,0.009112940539183156,0.2459275379561743,0.594378331405797,0.16683759157211564,0.2645861601085482,0.2930800542740841,False,
1660,Triangle104__LThreePointOne-8B-HermesInk,2025-02-25 00:12:55+00:00,ca0fca3ae2731f07638fbd65765c234cf4aabff0,0.436,0.39171294053918315,-0.04428705946081685,0.2373215016113039,0.5495878341852165,0.15823155522724505,0.2094075079149706,0.22840343735866123,False,
1661,Xiaojian9992024__Qwen2.5-Ultra-1.5B-25.02-Exp,2025-02-25 00:14:31+00:00,5f573bc956e4fa40b3dd9b2f7eb9d4dd1b4c74e8,0.3306,0.39171294053918315,0.06111294053918315,0.305680788240528,0.8592913635894154,0.22659084185646822,0.5789235639981909,0.5974672094075079,False,
1662,JayHyeon__Qwen_0.5-VDPO_5e-7-1ep_10vpo_const,2025-02-25 00:37:20+00:00,2b57e9dd8603ec24e619d85b1a7cb026168e817a,0.2744,0.39171294053918315,0.11731294053918317,0.3668717901153204,1.1612313138586081,0.28778184373126164,0.9407507914970602,0.9194934418815016,False,
1663,JayHyeon__Qwen_0.5-VDPO_5e-7-1ep_3vpo_const,2025-02-25 00:38:17+00:00,d40e3c7dc974c497bad218b5c249ee6bb3476f04,0.2746,0.39171294053918315,0.11711294053918314,0.3677108844224515,1.1646553500231207,0.2886209380383928,0.9448213478064225,0.9258254183627318,False,
1664,Nexesenex__Nemotron_W_4b_MagLight_0.1,2025-02-25 00:40:45+00:00,0c7467a197d42fc68421f1dcc01f31fb26d0ed4b,0.3514,0.39171294053918315,0.04031294053918316,0.2732018796310858,0.7039691412687729,0.1941119332470265,0.38670284938941657,0.3989145183175034,False,
1665,tensopolis__qwen2.5-7b-tensopolis-v1,2025-02-25 00:48:32+00:00,0e79ac48b30bc68e34c85a3030c1759d22d22093,0.4984,0.39171294053918315,-0.10668705946081686,0.3098365385136696,0.8982826355878205,0.23074659212961038,0.6173677069199457,0.6653098145635459,False,
1666,Triangle104__Q2.5-R1-3B,2025-02-25 00:51:30+00:00,0dce759ea8d8b4ae676f68a6e9d3fefed0fbbaed,0.4292,0.39171294053918315,-0.037487059460816874,0.2892756596803109,0.7866566160154299,0.21018571329625174,0.4889190411578471,0.5070104025327906,False,
1667,arcee-ai__Arcee-Maestro-7B-Preview,2025-02-25 00:53:47+00:00,1424174ce055a0bc44d78b48747ae5625b449890,0.427,0.39171294053918315,-0.03528705946081684,0.3245667494344946,0.9971982817246917,0.24547680305043487,0.7064676616915423,0.7553143374038896,False,
1668,YOYO-AI__Qwen2.5-14B-1M-YOYO-V3,2025-02-25 01:27:29+00:00,6a9dd09af9bce72b4529d159c2410c3791d81164,0.5872,0.39171294053918315,-0.1954870594608169,0.3302372285340762,0.9882783415839842,0.25114728215001664,0.7358661239258254,0.7503392130257802,False,
1669,YOYO-AI__ZYH-LLM-Qwen2.5-14B-V3,2025-02-25 01:34:11+00:00,9e77f515d343496b3aad9ab1148a40466331ff83,0.5786,0.39171294053918315,-0.18688705946081685,0.31969682229764507,0.9278472935526763,0.2406068759135863,0.6788783355947535,0.6965174129353234,False,
1670,aixonlab__Zara-14b-v1.2,2025-02-25 01:40:35+00:00,b11dc57a7a282a4842f7182ea8338bb5383270dc,0.5626,0.39171294053918315,-0.17088705946081684,0.31009524703357416,0.850294673647221,0.23100530064951472,0.6196291270918136,0.582089552238806,False,
1671,zake7749__gemma-2-9b-it-chinese-kyara,2025-02-25 01:40:46+00:00,46baa7eddfcda7e8496a70f531a28d7f5d1caf86,0.4586,0.39171294053918315,-0.06688705946081686,0.2497037748611471,0.5721742737964509,0.17061382847708867,0.2885572139303483,0.26594301221166894,False,
1672,zelk12__MT2-Gen7-gemma-2-9B,2025-02-25 01:41:00+00:00,da9509b8978a698dd928cfece74f4479088d7aeb,0.4654,0.39171294053918315,-0.07368705946081683,0.2330035010151902,0.512029874205914,0.15391355463113146,0.17729534147444595,0.16824966078697423,False,
1673,nlpguy__Miisce-one,2025-02-25 02:04:07+00:00,62d34a1b1cda23067f151b4f5dfc59e6223acab0,0.576,0.39171294053918315,-0.1842870594608168,0.32820143594714635,0.9355144040800484,0.2491114895630872,0.7218453188602443,0.7060153776571687,False,
1674,zelk12__MT-Gen7-gemma-2-9B,2025-02-25 02:04:12+00:00,a24d15db5683cfcf053ec37d7ccf77fb2149c9f5,0.4522,0.39171294053918315,-0.06048705946081684,0.23868356169757732,0.5359008687693598,0.1595936153135185,0.21754862053369517,0.2094075079149706,False,
1675,hotmailuser__Mistral-modelstock-24B,2025-02-25 02:04:27+00:00,9b65b3e78c6d96e5ad41deda8679760a03f121f8,0.5144,0.39171294053918315,-0.12268705946081682,0.2589005219668308,0.6130800620329474,0.17981057558277222,0.331524197195839,0.3102668475802804,False,
1676,prithivMLmods__Viper-Coder-Hybrid-v1.3,2025-02-25 02:04:29+00:00,3a0101a9d33b8538bb7231fe26cfe04cd1a1469a,0.576,0.39171294053918315,-0.1842870594608168,0.3069722756012497,0.8645593353951974,0.22788232921719068,0.5897783808231569,0.6060606060606061,False,
1677,Sorawiz__Gemma-9B-Base,2025-02-25 02:06:44+00:00,8969b6c984223915a8da2a0494a4220325eab427,0.4558,0.39171294053918315,-0.06408705946081683,0.23253693724598976,0.5136073622232334,0.1534469908619308,0.17277250113071008,0.17277250113071008,False,
1678,Sorawiz__Gemma-Creative-9B-Base,2025-02-25 02:11:02+00:00,477db2ea8d561bf623499cce31b08bc33609272c,0.421,0.39171294053918315,-0.029287059460816833,0.2604262453342319,0.6537779861630035,0.18133629895017317,0.33740388964269563,0.35052012663952964,False,
1679,zelk12__MT3-Gen6-gemma-2-9B,2025-02-25 02:19:01+00:00,2f4110e9b551c648aa9098966554121269e63185,0.4588,0.39171294053918315,-0.06708705946081683,0.2356586732136508,0.5234713554759225,0.15656872682959191,0.195838986883763,0.18815015829941203,False,
1680,ontocord__starcoder2-29b-ls,2025-02-25 02:39:31+00:00,4869bf9f080c5e8b1fc9d4d59611bc2732b45807,0.2954,0.39171294053918315,0.09631294053918316,0.3253398667582327,0.9307086643955014,0.24624992037417381,0.7096336499321574,0.7010402532790593,False,
1681,Triangle104__Phi4-RP-o1-Ablit,2025-02-25 02:45:04+00:00,da47642181b25ddeb021bcac964061deef2e2204,0.542,0.39171294053918315,-0.15028705946081689,0.3212738716176875,0.9133807265183288,0.24218392523362794,0.6856625961103573,0.683853459972863,False,
1682,JayHyeon__Qwen_0.5-VIPO_5e-7-1ep_10vpo_const,2025-02-25 02:57:19+00:00,1d5827b5688c41c21cd30c99c17695856b3b99f6,0.2804,0.39171294053918315,0.11131294053918317,0.3714720245020372,1.189734245839582,0.29238207811797845,0.9642695612844867,0.9565807327001357,False,
1683,zelk12__MT-Merge6-gemma-2-9B,2025-02-25 03:01:56+00:00,edc07abc185a42e93d374d6d25a1a51663fd5f1b,0.4514,0.39171294053918315,-0.05968705946081687,0.23413537187031355,0.5128579766930358,0.1550454254862547,0.18724559023066487,0.16960651289009498,False,
1684,CultriX__Qwen2.5-14B-HyperMarck-dl,2025-02-25 03:04:34+00:00,66874bc5f4b734ec9df29eb74333e3af6f3865bc,0.5584,0.39171294053918315,-0.16668705946081686,0.3423820802925338,1.051420853146387,0.2632921339084744,0.7924016282225237,0.7978290366350068,False,
1685,Triangle104__Rombos-Novasky-7B_V1c,2025-02-25 03:10:14+00:00,de414e81844de6039a6817547e07aa0f94d2666d,0.3706,0.39171294053918315,0.021112940539183167,0.30690914860358637,0.8705307021564791,0.22781920221952764,0.5893260967887833,0.6164631388511985,False,
1686,prithivMLmods__Sombrero-Opus-14B-Elite6,2025-02-25 03:12:01+00:00,c9af37be5ac10a337a0f114d37046681162c0476,0.584,0.39171294053918315,-0.1922870594608168,0.32777439822140364,0.9351718732473131,0.2486844518373446,0.7195838986883764,0.704658525554048,False,
1687,jaspionjader__bh-63,2025-02-25 03:18:07+00:00,54df6021b07bfe726640663fd850c0c1dc230ab0,0.4094,0.39171294053918315,-0.017687059460816834,0.2555723902764465,0.617266168860014,0.1764824438923878,0.31569425599276346,0.31614654002713705,False,
1688,JayHyeon__Qwen_0.5-VIPO_5e-7-1ep_30vpo_const,2025-02-25 03:20:47+00:00,7b3ee45dcdf100e4983f6e52bf1342b29300a4a6,0.2816,0.39171294053918315,0.11011294053918314,0.37007205750503647,1.1843842346806104,0.29098211112097777,0.9592944369063772,0.9484396200814111,False,
1689,prithivMLmods__Viper-Coder-Hybrid-v1.2,2025-02-25 03:27:18+00:00,516afe8eccf1d7d2881f09d9b3fc92af1a266c16,0.5604,0.39171294053918315,-0.16868705946081686,0.3048404796656238,0.825364495991629,0.22575053328156441,0.5716870194482134,0.5517865219357757,False,
1690,JayHyeon__Qwen_0.5-VDPO_5e-7-1ep_1vpo_const,2025-02-25 03:28:02+00:00,09e998e72d251697d0d360a650bf54445e21005a,0.2772,0.39171294053918315,0.11451294053918315,0.36806506357923485,1.166558770313392,0.28897511719517627,0.9479873360470376,0.9285391225689733,False,
1691,Triangle104__Herodotos-14B_V0.1,2025-02-25 03:31:09+00:00,ebfc882f8d918f3909023dfc5e5da54f33a91a5c,0.2508,0.39171294053918315,0.14091294053918313,0.3540059680822844,1.1232376550228682,0.2749160216982265,0.8362731795567616,0.8502939846223428,False,
1692,Triangle104__Mistral-Small-24b-Harmony,2025-02-25 03:44:30+00:00,d0f2a78caca3fa1241494f7d1c3d00436b129c7b,0.5064,0.39171294053918315,-0.11468705946081681,0.2736401902359509,0.6685158131756797,0.19455024385189207,0.3889642695612845,0.36589778380823157,False,
1693,saishshinde15__TethysAI_Base_Reasoning,2025-02-25 19:41:29+00:00,3fb40daa79bdc0f169403f07c1c457b857e59212,0.4174,0.39171294053918315,-0.02568705946081684,0.3130484592869868,0.907098482454055,0.23395851290292743,0.6381727725011307,0.6757123473541384,False,
1694,DreadPoor__Cadence-8B-LINEAR,2025-02-25 20:04:12+00:00,863a42a083fd6b6769c79ad7f3a358f47ef1b46e,0.4652,0.39171294053918315,-0.07348705946081685,0.23020469144763434,0.5058445202022913,0.15111474506357578,0.1560379918588874,0.15920398009950248,False,
1695,eworojoshua__vas-01,2025-02-25 20:04:43+00:00,77b847e3d44063c0514e9a5a5969bceddbf31186,0.499,0.39171294053918315,-0.10728705946081685,0.3098669851716801,0.8933814272682005,0.23077703878762154,0.6182722749886929,0.6549072817729534,False,
1696,DreadPoor__Decayed-8B-LINEAR,2025-02-25 20:09:23+00:00,e6fff94d00c31fb1e4744aa31dbf17528b1a8614,0.4652,0.39171294053918315,-0.07348705946081685,0.23070218632782438,0.5068655574428073,0.15161223994376613,0.15920398009950248,0.16056083220262324,False,
1697,EpistemeAI__ReasoningCore-3B-RE1-V2B,2025-02-25 20:09:35+00:00,ba08578cd5ab4f8e7e71a87c712345d2804f08fd,0.3566,0.39171294053918315,0.03511294053918318,0.2981018822766435,0.7986181112318534,0.21901193589258383,0.5368611488014473,0.5201266395296246,False,
1698,EpistemeAI__ReasoningCore-3B-RE1-V2A,2025-02-25 20:32:49+00:00,6b55c162621b25fd585d6cad0dbeb1a631923a91,0.36,0.39171294053918315,0.031712940539183165,0.29775549748978836,0.799390085250536,0.21866555110572866,0.5345997286295794,0.5219357756671189,False,
1699,saishshinde15__TethysAI_Vortex,2025-02-25 20:43:36+00:00,060070d0447114be4a1943ee5f0134e333ac0a31,0.423,0.39171294053918315,-0.031287059460816835,0.3089672310855103,0.8733915049486181,0.22987728470145036,0.6096788783355948,0.6196291270918136,False,
1700,ZHLiu627__zephyr-7b-gemma-rpo-avg,2025-02-25 20:45:03+00:00,32cdbd3b8404b650b28a15443e602c0aa8e757c6,0.3412,0.39171294053918315,0.05051294053918315,0.2830151742931422,0.7506034945055408,0.20392522790908316,0.4527363184079602,0.45680687471732245,False,
1701,saishshinde15__TethysAI_Vortex_Reasoning,2025-02-25 20:45:24+00:00,66ca7e7919dc092dd468d0f50c5b37a4f82e064a,0.4006,0.39171294053918315,-0.00888705946081686,0.2962830517089638,0.8084035026294711,0.21719310532490385,0.5282677521483492,0.532790592492085,False,
1702,ZHLiu627__zephyr-7b-gemma-dpo-avg,2025-02-25 20:45:44+00:00,fd0a69e1728b11a1508da11344d3ce3e6e5d99fc,0.3378,0.39171294053918315,0.05391294053918316,0.28403814977476693,0.7534128338044079,0.204948203390708,0.45861601085481685,0.46087743102668477,False,
1703,jpacifico__Lucie-7B-Instruct-DPO-v1.1,2025-02-25 21:32:52+00:00,d836a54cb7eed14682c65b6ab89b9039a8cb723d,0.3156,0.39171294053918315,0.07611294053918316,0.3094920938819263,0.8711630769401698,0.23040214749786797,0.6123925825418363,0.6173677069199457,False,
1704,formulae__mita-math-v2.3-2-25-2025,2025-02-25 21:36:36+00:00,cf0af67439faaf070f4b84d1221d6adb114f8125,0.2468,0.39171294053918315,0.14491294053918316,0.36262230420988123,1.151562445158205,0.28353235782582253,0.9122568973315242,0.9068294889190411,False,
1705,sumink__bbhqwen,2025-02-25 21:41:01+00:00,3ee355602b3339f06dc5e4985f4999d5fe99e254,0.2794,0.39171294053918315,0.11231294053918317,0.3455712915315759,1.0661524845437986,0.2664813451475175,0.8046132971506106,0.8082315694255993,False,
1706,OpenLLM-France__Lucie-7B-Instruct-v1.1,2025-02-25 21:47:13+00:00,df37d2aeef0bdc6d7ff3c36ff1d8db1812fb221b,0.3204,0.39171294053918315,0.07131294053918313,0.3166204505961314,0.9106766271024266,0.23753050421207322,0.6598824061510629,0.6793306196291271,False,
1707,formulae__mita-elite-v1.2-7b-2-26-2025,2025-02-26 00:44:47+00:00,868cb9a54ac799303442c28272f2e6a0cdfad4b5,0.2506,0.39171294053918315,0.14111294053918316,0.3605839965312487,1.1469260804367116,0.28149405014719175,0.8896426956128448,0.9000452284034374,False,
1708,formulae__mita-gen3-7b-2-26-2025,2025-02-26 00:45:00+00:00,e1950cf078210c01bffe81cec079312694a0a9b5,0.2522,0.39171294053918315,0.13951294053918317,0.34804846972757475,1.096833762257939,0.2689585233435165,0.8186341022161918,0.8267752148349163,False,
1709,formulae__mita-gen3-v1.2-7b-2-26-2025,2025-02-26 01:16:13+00:00,0a5ad52c75618d91b661c8a4d955b4fdedf4d730,0.2622,0.39171294053918315,0.12951294053918316,0.34903621729838913,1.1086435066331481,0.26994627091433077,0.8204432383536862,0.8326549072817729,False,
1710,DeepMount00__Lexora-Lite-3B_v2,2025-02-26 01:20:11+00:00,5977dbc17acc5b85482d108626bc3543e936d216,0.4246,0.39171294053918315,-0.032887059460816825,0.29826702937949273,0.8276746376576053,0.21917708299543415,0.5377657168701945,0.55359565807327,False,
1711,formulae__mita-elite-v1.1-7b-2-25-2025,2025-02-26 01:49:21+00:00,51f1629b8732b37e95f99b3cf0d771e932ad5023,0.2354,0.39171294053918315,0.15631294053918315,0.376932727031119,1.2196725882334567,0.2978427806470608,0.9782903663500678,0.9760289461781999,False,
1712,sumink__bbhqwen3,2025-02-26 01:52:16+00:00,840475599c4bde610dca0539c6788d3a92d3c2e5,0.254,0.39171294053918315,0.13771294053918315,0.36544949149692013,1.1724844517527646,0.28635954511286077,0.9317051108095884,0.9371325192220714,False,
1713,bunnycore__Qwen2.5-3B-Model-Stock-v3.1,2025-02-26 01:54:52+00:00,bfffd8fb168be5e16a47a731df7fc20a75b15b86,0.4404,0.39171294053918315,-0.04868705946081686,0.3029141632015451,0.864065858234407,0.22382421681748543,0.561284486657621,0.6056083220262325,False,
1714,sumink__bbhqwen2,2025-02-26 02:23:53+00:00,c76f202323e3ed90d3e39e77c98bb3b651ec3c38,0.2594,0.39171294053918315,0.13231294053918313,0.3653848119954269,1.1614888979526785,0.2862948656113684,0.9312528267752148,0.9203980099502488,False,
1715,formulae__mita-elite-v1.1-gen2-7b-2-25-2025,2025-02-26 02:24:39+00:00,24f669fdfb2d2f3e844c2f55534b268aeaeb4467,0.2394,0.39171294053918315,0.15231294053918315,0.37501866964027447,1.2139701341855846,0.2959287232562169,0.9746720940750792,0.9728629579375848,False,
1716,sumink__bbhqwen4,2025-02-26 02:24:50+00:00,8b70026eb27f0faf8b2deeaefd36d7f7ed00bc42,0.2646,0.39171294053918315,0.12711294053918315,0.3771061617564585,1.2343866736598355,0.29801621537239936,0.979194934418815,0.9796472184531886,False,
1717,Xiaojian9992024__Qwen2.5-Dyanka-7B-Preview,2025-02-26 02:53:55+00:00,1cef6f68533a9ae2d6c446eccf5bff8b40eedd51,0.5186,0.39171294053918315,-0.1268870594608168,0.3052004105483542,0.8821120245046746,0.22611046416429498,0.5762098597919494,0.6313885119855269,False,
1718,sumink__bbhqwen6,2025-02-26 03:00:00+00:00,ff4d0708abe1a66bf6e9c25424004f96024527ba,0.2372,0.39171294053918315,0.15451294053918316,0.40019905262231625,1.350065200628105,0.3211091062382568,0.9986431478968792,0.9981908638625057,False,
1719,sumink__bbhqwen5,2025-02-26 03:28:14+00:00,f08cf80deda88d9854a63a47cde60c8fbea07d7a,0.2494,0.39171294053918315,0.14231294053918314,0.38219251102861584,1.2545427775949884,0.3031025646445572,0.9877883310719131,0.9864314789687924,False,
1720,formulae__mita-elite-sce-gen1.1-v1-7b-2-26-2025-exp,2025-02-26 05:33:45+00:00,cc7a1e87eab8aa746cd4a90163d930ac9ff02556,0.2524,0.39171294053918315,0.13931294053918314,0.35553188420047177,1.1261724231397654,0.27644193781641463,0.8439620081411127,0.8561736770691994,False,
1721,DreadPoor__Lydia_of_Whiterun-8B-LINEAR,2025-02-26 06:05:05+00:00,09bd727deda984a219826a45acfa49483f229560,0.4632,0.39171294053918315,-0.07148705946081685,0.23122824644367024,0.5101593766677319,0.15213830005961193,0.16417910447761194,0.16463138851198553,False,
1722,Rakuten__RakutenAI-2.0-mini-instruct,2025-02-26 06:47:24+00:00,591f4fb553f65273e45e07565762a307b05dab51,0.2792,0.39171294053918315,0.11251294053918315,0.3689727044680368,1.1668908472433734,0.2898827580839776,0.9556761646313885,0.9294436906377205,False,
1723,Lunzima__NQLSG-Qwen2.5-14B-MegaFusion-v6,2025-02-26 07:03:43+00:00,5bb07f97d6683f03f33d29865589da8b9e25409e,0.5748,0.39171294053918315,-0.18308705946081683,0.3256631472869678,0.9241444265533088,0.24657320090290877,0.7109905020352781,0.6933514246947082,False,
1724,sometimesanotion__LamarckInfusion-14B-v1,2025-02-26 07:11:16+00:00,4be37b7ddf0e98b325b16b30ed5773109485d615,0.5826,0.39171294053918315,-0.19088705946081685,0.32430412184015917,0.9184382986924169,0.2452141754560999,0.704658525554048,0.6874717322478516,False,
1725,wanlige__li-14b-v0.4-slerp,2025-02-26 07:11:32+00:00,db3c1887cc0bcbcc8543dca80d12a79f81ee044e,0.5678,0.39171294053918315,-0.17608705946081682,0.31580515690844574,0.8860118315431933,0.2367152105243863,0.6558118498417006,0.6368159203980099,False,
1726,mergekit-community__JAJUKA-WEWILLNEVERFORGETYOU-3B,2025-02-26 08:59:13+00:00,2af741ce0a524dd802b0832d0f59c470d341fa7d,0.3766,0.39171294053918315,0.015112940539183162,0.2776650604251208,0.7247824121939936,0.19857511404106157,0.41338760741745817,0.42469470827679784,False,
1727,Hastagaras__L3.2-JametMini-3B-MK.III,2025-02-26 09:03:39+00:00,35da6f1389d8298f199c0be3ddd2d1d8fcf60a55,0.3926,0.39171294053918315,-0.0008870594608168525,0.29225361377150844,0.7777677198908279,0.2131636673874489,0.5047489823609227,0.49570330167345095,False,
1728,HarbingerX__Zeitgeist-3b-V1.2,2025-02-26 09:09:18+00:00,8cd728bbdb62b1d288ca63935fc69e62ce77aa8c,0.383,0.39171294053918315,0.008712940539183145,0.2942850532219543,0.7976728309806195,0.21519510683789525,0.5183175033921302,0.5178652193577566,False,
1729,bunnycore__Qwen2.5-3B-Model-Stock-v3.2,2025-02-26 09:09:36+00:00,25ae4ced358118fc4dc12bacbec7efc53ea21260,0.4372,0.39171294053918315,-0.045487059460816825,0.300553843869997,0.8575359920962901,0.22146389748593723,0.5468113975576662,0.5933966530981456,False,
1730,jpacifico__Lucie-7B-Instruct-Merged-Model_Stock-v1.0,2025-02-26 09:33:34+00:00,a80d1cf6323f310bb37de5c17c7f7e9daf1cfb86,0.3192,0.39171294053918315,0.07251294053918317,0.313057694117635,0.8941120562937105,0.23396774773357673,0.6386250565355043,0.6594301221166893,False,
1731,bunnycore__DeepQwen-3B-LCoT-SCE,2025-02-26 09:39:49+00:00,4585202d08fb07f9859ff0daaf989e3a390abafa,0.3894,0.39171294053918315,0.002312940539183128,0.2821934604474223,0.7461591458604321,0.20310351406336216,0.44369063772048845,0.4522840343735866,False,
1732,Supichi__NJS26,2025-02-26 10:23:16+00:00,958cf661d9c95c060b0811def7e2476f495390d4,0.3652,0.39171294053918315,0.026512940539183127,0.2418138687243259,0.5409008000212833,0.16272392234026709,0.23609226594301222,0.2198100407055631,False,
1733,sometimesanotion__Qwenvergence-14B-v15-Prose-MS,2025-02-26 10:26:21+00:00,9e42a2c20925cbf0648ff77c744798cfd46e0435,0.5678,0.39171294053918315,-0.17608705946081682,0.31440489340988037,0.8784295410355116,0.23531494702582104,0.6458616010854816,0.6264133876074175,False,
1734,Lunzima__NQLSG-Qwen2.5-14B-MegaFusion-v6-cpt,2025-02-26 10:43:48+00:00,a47b94cea80e3457cd78cc8f600ac523c5902859,0.531,0.39171294053918315,-0.13928705946081688,0.30748645743421027,0.8622390017432595,0.22839651105015063,0.5952057892356399,0.6015377657168702,False,
1735,kavonalds__BunderMaxx-0710,2025-02-26 10:49:18+00:00,d7483c42bce710ce018de6aebf80cf7386f3cb8a,0.4898,0.39171294053918315,-0.09808705946081686,0.3229636708749574,0.9306758261703076,0.24387372449089822,0.6956128448665763,0.7005879692446857,False,
1736,kavonalds__BunderMaxx-1010,2025-02-26 11:25:23+00:00,1e6ca452cf82a032582c6f97d3eac3fbce37f577,0.5092,0.39171294053918315,-0.11748705946081683,0.33702727636282837,1.0079865688034886,0.2579373299787696,0.7738579828132067,0.7675260063319764,False,
1737,SaisExperiments__QwOwO-7B-V1,2025-02-26 11:48:16+00:00,77f55bba9c633342d77f60dba0673c1d87824b09,0.4722,0.39171294053918315,-0.08048705946081686,0.2887646897145195,0.7977211502620731,0.20967474333046063,0.4862053369516056,0.5187697874265038,False,
1738,Supichi__HF_TOKEN,2025-02-26 11:52:07+00:00,37ab9e938475c9f77199a7e8a6804917e63a8dd7,0.2312,0.39171294053918315,0.16051294053918316,0.3595428195748153,1.1529443404767887,0.28045287319075785,0.8792401628222524,0.9095431931252826,False,
1739,RezVortex__Jajuka-3b,2025-02-26 14:28:48+00:00,cb8af9af47712f5a96259290ab04c2f2065ff9ef,0.398,0.39171294053918315,-0.006287059460816868,0.28225016989861784,0.7324364663202004,0.20316022351455867,0.4459520578923564,0.4364540931705111,False,
1740,RezVortex__JAJUKA-WEWILLNEVERFORGETYOU-3B,2025-02-26 14:42:52+00:00,8a54e877cdedd5840c4e17c07d75c8ded1d3d10d,0.397,0.39171294053918315,-0.0052870594608168675,0.27785282566797026,0.7191637741200314,0.19876287928391098,0.4151967435549525,0.417910447761194,False,
1741,Supichi__BBA99,2025-02-26 15:01:37+00:00,e4c40c7f9e18b25739c79323fc2bbc7c58da58c0,0.231,0.39171294053918315,0.16071294053918314,0.36087070191403114,1.161795627267893,0.2817807555299738,0.8923563998190864,0.9208502939846224,False,
1742,Supichi__BBAI_QWEEN_V000000_LUMEN_14B,2025-02-26 15:03:55+00:00,7f2da1d9a59e5fc2a4b346e4bf7458836d8826b7,0.2026,0.39171294053918315,0.18911294053918315,0.3842554119232124,1.2453574249424015,0.3051654655391538,0.9900497512437811,0.9850746268656716,False,
1743,Supichi__BBA-123,2025-02-26 15:11:43+00:00,f6fb2c68cddbf39a49ed2d67cf90b632cc780109,0.2496,0.39171294053918315,0.14211294053918316,0.365681918096664,1.1850013915731157,0.28659197171260586,0.9339665309814563,0.9502487562189055,False,
1744,Nexesenex__Llama_3.2_1b_AquaSyn_0.11,2025-02-27 06:52:15+00:00,91c914a32082d5bb6269120a7e6717a41089916f,0.2558,0.39171294053918315,0.13591294053918312,0.3339806530723327,1.0179839358542848,0.2548907066882741,0.7584803256445047,0.7738579828132067,False,
1745,Nexesenex__Llama_3.2_1b_Synopsys_0.11,2025-02-27 06:52:39+00:00,fa1504f2b800d366a2e950a164e258818e1d7558,0.2592,0.39171294053918315,0.13251294053918317,0.3441709212577973,1.0745318970331843,0.2650809748737387,0.7982813206693804,0.8136589778380823,False,
1746,Nexesenex__Llama_3.2_1b_Odyssea_V1.01,2025-02-27 06:52:43+00:00,cc855893e92a93260c634ba7b757b485ee0b30a9,0.249,0.39171294053918315,0.14271294053918315,0.35223070186962646,1.1014318616445626,0.2731407554855678,0.8290366350067843,0.8285843509724107,False,
1747,Lawnakk__BBA100,2025-02-27 07:05:09+00:00,73bb03f1ada74827799fd16a2c9e27d58da4ebb3,0.2354,0.39171294053918315,0.15631294053918315,0.39641957490931906,1.3566582687333488,0.31732962852526153,0.9977385798281321,0.9986431478968792,False,
1748,lkoenig__BBAI_230_Xiaqwen,2025-02-27 07:05:12+00:00,aceab5ef39ed41fe799479b02fbf608f8652e55e,0.4876,0.39171294053918315,-0.09588705946081683,0.2825675508691188,0.7676238241213446,0.20347760448506055,0.4500226142017187,0.4798733604703754,False,
1749,lkoenig__BBAI_145_,2025-02-27 07:09:52+00:00,b235b493ca9248955068f233a46c19696094e2d2,0.4848,0.39171294053918315,-0.09308705946081686,0.2820082615643085,0.7647004573524103,0.20291831518024986,0.4418815015829941,0.4758028041610131,False,
1750,prithivMLmods__Tadpole-Opus-14B-Exp,2025-02-27 07:59:02+00:00,bbb3be2db44630e88fcd39e083b03c7aed8dbed1,0.5454,0.39171294053918315,-0.15368705946081684,0.3073345965984821,0.8417788006028093,0.2282446502144227,0.592944369063772,0.5698778833107191,False,
1751,AicoresSecurity__Cybernet-Sec-3B-R1-V0-Coder,2025-02-27 08:25:31+00:00,b7c53cbc5f6f925a9680dfeb08687d3ca1b19d27,0.3926,0.39171294053918315,-0.0008870594608168525,0.27860334684030663,0.7188978821466323,0.19951340045624716,0.42017186793306194,0.41745816372682043,False,
1752,AicoresSecurity__Cybernet-Sec-3B-R1-V0,2025-02-27 08:26:22+00:00,704c18f68fa782e6d5bc8e18e073768d43b044c4,0.3808,0.39171294053918315,0.010912940539183125,0.26240322545808353,0.6473957574117518,0.18331327907402448,0.35006784260515605,0.3441881501582994,True,2
1753,Amaorynho__BBAI270V4,2025-02-27 08:30:10+00:00,e16cdb479e8e40fb1050e65718c482bc5fbe6512,0.256,0.39171294053918315,0.13571294053918315,0.36992926059110354,1.1897012414062682,0.2908393142070455,0.9579375848032564,0.9561284486657621,False,
1754,marcuscedricridia__cursorr-o1.2-7b,2025-02-27 08:30:19+00:00,0ed6689d4f7cfc9387836bc8f7700fb7c686ec99,0.249,0.39171294053918315,0.14271294053918315,0.35382402430701054,1.1117521664274146,0.27473407792295346,0.8349163274536409,0.835820895522388,False,
1755,wanlige__li-14b-v0.4-slerp0.1,2025-02-27 09:05:20+00:00,c454abdddea3a5113399dc5762fb5b36a4ae32e3,0.5884,0.39171294053918315,-0.19668705946081688,0.3281057770109266,0.9668831509153021,0.24901583062686786,0.7209407507914971,0.7281772953414745,False,
1756,wanlige__li-14b-v0.4,2025-02-27 09:05:31+00:00,c7233a1fc696923b6cf927e12acf4d0071ef2281,0.5922,0.39171294053918315,-0.2004870594608168,0.3326719378163201,1.0032991438589136,0.25358199143226073,0.7498869289914066,0.7620985979194934,False,
1757,siqi00__Mistral-7B-DFT2,2025-02-27 09:08:17+00:00,0ee50b3af727aaf53a49c85ac54bc08cdaceccb9,0.3598,0.39171294053918315,0.03191294053918314,0.2777465629327529,0.7543012576146307,0.19865661654869377,0.41429217548620534,0.4626865671641791,False,
1758,Xiaojian9992024__Qwen2.5-Dyanka-7B-Preview-v0.2,2025-02-27 09:11:00+00:00,af5a4b48764bab5b4a237c707ae8b42c09bef99a,0.499,0.39171294053918315,-0.10728705946081685,0.30276523594696575,0.8695012639506445,0.2236752895629069,0.5608322026232474,0.6146540027137042,False,
1759,LeroyDyer___Spydaz_Web_AI_AGI_R1_001,2025-02-27 09:18:14+00:00,d1853184a370196ea1537e3dd191f30f78ebfd29,0.3782,0.39171294053918315,0.013512940539183171,0.2527054320775721,0.6001994457541052,0.17361548569351323,0.3016734509271823,0.3007688828584351,False,
1760,DreadPoor__Nwah-8B-Model_Stock,2025-02-27 09:24:10+00:00,2664aebdfd5fc735d27f54686700bed477c63ffa,0.4644,0.39171294053918315,-0.07268705946081683,0.2308091134382408,0.512243740797408,0.15171916705418229,0.15965626413387607,0.1691542288557214,False,
1761,marcuscedricridia__olmner-7b,2025-02-27 09:29:23+00:00,4d6644077a4b947918d51346e872d91e56839a7b,0.5088,0.39171294053918315,-0.11708705946081688,0.29899829435016767,0.8466170869836651,0.21990834796610925,0.5400271370420624,0.576662143826323,False,
1762,marcuscedricridia__fan-o1-7b,2025-02-27 09:30:31+00:00,330469f85b3169d06b2fc0232da6d447840b16d5,0.4078,0.39171294053918315,-0.016087059460816844,0.2628674174419737,0.6625775399390931,0.18377747105791517,0.3514246947082768,0.35911352329262775,False,
1763,Quazim0t0__Jigsaw-14B-Linear,2025-02-27 09:38:00+00:00,3c78238c03b07e75388b15904e70d6d956346a3a,0.567,0.39171294053918315,-0.1752870594608168,0.30309371967256216,0.7933176203736908,0.22400377328850282,0.5626413387607417,0.5146992311171416,False,
1764,Quazim0t0__Edu-14B-Linear,2025-02-27 09:38:23+00:00,caf0e630c10793557bde976e550169a6ed60bb9a,0.5558,0.39171294053918315,-0.1640870594608168,0.2945642462769806,0.7653973177854054,0.21547429989292094,0.5201266395296246,0.4767073722297603,False,
1765,Quazim0t0__CoT_Phi,2025-02-27 09:38:42+00:00,f9de7a60be3f3711e42dcbffc99faf39a2481e1b,0.5686,0.39171294053918315,-0.17688705946081684,0.29569347337762286,0.7834786937566356,0.21660352699356378,0.5241971958389868,0.5047489823609227,False,
1766,Quazim0t0__Math_Phi4_Reason,2025-02-27 09:40:45+00:00,90c6101634a2f4e58c3a5dc9e77bd3167fc94507,0.5126,0.39171294053918315,-0.12088705946081679,0.3109599502963942,0.8648510404787001,0.23187000391233473,0.6246042514699232,0.6069651741293532,False,
1767,Quazim0t0__Insom,2025-02-27 09:42:08+00:00,c8bcbb8e2d2ed0204861c02d730710c78c75ffc0,0.5868,0.39171294053918315,-0.19508705946081684,0.3162125165059006,0.8881572367163598,0.23712257012184132,0.6585255540479421,0.6445047489823609,False,
1768,jeffmeloy__Qwen2.5-7B-olm-v1.5,2025-02-27 09:43:54+00:00,bb42624d1b69dd80f722ce0b05d62fad7f7cb9a6,0.478,0.39171294053918315,-0.08628705946081683,0.2605010409284486,0.6598897565826355,0.18141109454438945,0.3387607417458164,0.3550429669832655,False,
1769,ruizhe1217__sft-s1-qwen-0.5b,2025-02-27 10:24:49+00:00,9048b5e6c31b16763e20c714f1ffa56398a93633,0.2744,0.39171294053918315,0.11731294053918317,0.3473621786794718,1.0711833179272254,0.2682722322954129,0.8141112618724559,0.80958842152872,False,
1770,Triangle104__Q2.5-R1-7B,2025-02-27 10:27:04+00:00,0cac58d9b4215029b57f4bfc0c78d85ed09eeabf,0.2502,0.39171294053918315,0.14151294053918317,0.39000406021487566,1.3147345793762657,0.3109141138308173,0.9950248756218906,0.9963817277250113,False,
1771,JayHyeon__Qwen_0.5-rDPO_3e-6-1ep_0vpo_const_0.1,2025-02-27 10:38:24+00:00,b691798fdaddcf541ba8693035dbd349b23a2615,0.2718,0.39171294053918315,0.11991294053918317,0.37540550533893413,1.2181508135693921,0.29631555895487555,0.9755766621438263,0.9751243781094527,False,
1772,JayHyeon__Qwen_0.5-VDPO_3e-6-1ep_3vpo_const,2025-02-27 10:46:50+00:00,dddf39947359663eb607527650ed1a3ac951373e,0.2644,0.39171294053918315,0.12731294053918313,0.37693128776371043,1.2056863605881483,0.29784134137965235,0.9778380823156942,0.966078697421981,False,
1773,Supichi__BBAI_135_Gemma,2025-02-27 11:19:00+00:00,7ed6d4fbbedf894fd0211eaccf5a245691485e01,0.2772,0.39171294053918315,0.11451294053918315,0.333272843769215,1.0017999382072638,0.2541828973851577,0.7526006331976481,0.7602894617819991,False,
1774,lkoenig__BBAI_200_Gemma,2025-02-27 11:24:53+00:00,c8c7dd5e168c11e17bb589940d81c3862d678872,0.2718,0.39171294053918315,0.11991294053918317,0.3330875734760241,0.9954348216411683,0.2539976270919662,0.751696065128901,0.7544097693351425,False,
1775,NJS26__NJS_777,2025-02-27 11:28:58+00:00,95c74686b2ad51cbeb478ce9de73ad9cab847ed5,0.1934,0.39171294053918315,0.19831294053918316,0.3811423224441084,1.2353294957726326,0.30205237606005014,0.9859791949344188,0.9800995024875622,False,
1776,Lawnakk__BBALAW1,2025-02-27 11:53:33+00:00,f0d0e9c0de6c402dafe6924014beea06e7c9d32f,0.2388,0.39171294053918315,0.15291294053918314,0.3954460403030399,1.3369975398379308,0.31635609391898123,0.9972862957937585,0.9972862957937585,False,
1777,Amaorynho__BBAI_375,2025-02-27 12:12:57+00:00,5a597ec76e6afc75a867537b15a5d090e4d0212a,0.2332,0.39171294053918315,0.15851294053918316,0.36548503659248816,1.1847206390929113,0.2863950902084314,0.932157394843962,0.9493441881501583,False,
1778,rubenroy__Geneva-12B-GCv2-5m,2025-02-27 12:17:33+00:00,52218726670afbbe4ca43327677d51bfb21e5279,0.4124,0.39171294053918315,-0.020687059460816837,0.22998649264590618,0.5129223318305353,0.15089654626184654,0.15422885572139303,0.17005879692446857,False,
1779,Quazim0t0__Fugazi14b,2025-02-27 12:41:58+00:00,cec2d77b30a88fbb0efd628760c495ec5a5247d5,0.6052,0.39171294053918315,-0.2134870594608168,0.3316577685668093,0.9679067881224847,0.25256782218275026,0.7431026684758028,0.7290818634102216,False,
1780,HelpingAI__Dhanishtha-Large,2025-02-27 12:48:12+00:00,f61698bfda810bf652abd7bf472af91752b7a652,0.4074,0.39171294053918315,-0.015687059460816832,0.3121866176629946,0.911174513270292,0.23309667127893444,0.6327453640886477,0.6820443238353686,False,
1781,Supichi__BBAI_250_Xia0_gZ,2025-02-27 12:53:06+00:00,3a2d0768c10f16f81ad85c18bfddbbbf5b6e0d7a,0.488,0.39171294053918315,-0.09628705946081684,0.2825262270266229,0.7698181472618314,0.20343628064256447,0.44866576209859793,0.48258706467661694,False,
1782,Supichi__BBAI_275_Tsunami_gZ,2025-02-27 13:16:42+00:00,33771048c2676619dd209191e574b5ab4be282d5,0.4864,0.39171294053918315,-0.09468705946081685,0.28056711139062,0.7477107940252591,0.20147716500656146,0.43283582089552236,0.4531886024423338,False,
1783,AI4free__t2,2025-02-27 13:24:20+00:00,19097f5a72db31296a5653a137a7be07357634ce,0.2862,0.39171294053918315,0.10551294053918314,0.3706238543088461,1.2170266036835833,0.2915339079247873,0.9615558570782451,0.9742198100407056,False,
1784,Quazim0t0__SuperNova14b,2025-02-27 13:24:34+00:00,f0822f2dd4fc0f0ab70318b72c4321e1621379f5,0.6008,0.39171294053918315,-0.20908705946081685,0.32887798955383074,0.9558900184026383,0.24978804316977157,0.7250113071008594,0.7209407507914971,False,
1785,Lawnakk__BBALAW1.2,2025-02-27 14:20:43+00:00,45d7621415b10a99b8d0a86afb6b1826b9143d8f,0.245,0.39171294053918315,0.14671294053918316,0.36828113756116887,1.195566452434082,0.2891911911771111,0.9507010402532791,0.9606512890094979,False,
1786,Lawnakk__BBALAW1.0,2025-02-27 14:21:23+00:00,c4765eae7d43a52dbd0a03fc32be364ce393d541,0.2384,0.39171294053918315,0.15331294053918315,0.36190320616633515,1.1705587526425776,0.282813259782278,0.9068294889190411,0.9330619629127092,False,
1787,Quazim0t0__Heretic1.5b,2025-02-27 14:28:05+00:00,50d64a1e499ea3a723ae64052a0313e2ab09af07,0.3068,0.39171294053918315,0.08491294053918313,0.361663128065077,1.1363589498202253,0.2825731816810202,0.9045680687471732,0.879692446856626,False,
1788,DreadPoor__hakuchido-8B-MODEL_STOCK,2025-02-27 14:31:01+00:00,66eb83a1aea28622c76cde0b98173add323be216,0.4658,0.39171294053918315,-0.07408705946081684,0.22824949386989307,0.5055073160101254,0.14915954748583424,0.13930348258706468,0.15829941203075532,False,
1789,Lawnakk__BBALAW1.3,2025-02-27 14:33:20+00:00,a989db406ec2dd42b0c18bd466eaf1841089b0f1,0.244,0.39171294053918315,0.14771294053918316,0.3682017894161339,1.1970368480395912,0.2891118430320763,0.9497964721845319,0.9615558570782451,False,
1790,Nexesenex__Llama_3.1_8b_Smarteaz_0.2_R1,2025-02-27 14:51:35+00:00,eda82d549a0bb5725331046cb8759f4341288115,0.45,0.39171294053918315,-0.05828705946081686,0.24862282780782258,0.5957795853001664,0.16953288142376338,0.2826775214834916,0.29579375848032563,False,
1791,marcuscedricridia__olmner-della-7b,2025-02-27 14:56:00+00:00,c96b1402d584cbd7b2d62332ac67531a70c6ddb3,0.505,0.39171294053918315,-0.11328705946081685,0.304980423073535,0.878245707348701,0.22589047668947673,0.5734961555857079,0.6255088195386703,False,
1792,Nexesenex__Llama_3.1_8b_DeepDive_3_R1_Prev_v1.0,2025-02-27 15:36:50+00:00,2dcaa76ef5f322d737b5214e02f3c7bd9f880eb4,0.446,0.39171294053918315,-0.054287059460816856,0.23647129882226386,0.5359045944159495,0.1573813524382049,0.20488466757123475,0.20985979194934418,False,
1793,Quazim0t0__1up-14b,2025-02-27 15:50:17+00:00,80eb0d0f22cfe0d33c67e01b33600dbdf5180d26,0.5964,0.39171294053918315,-0.2046870594608169,0.32509354333659546,0.9283162469828723,0.24600359695253773,0.7082767978290366,0.696969696969697,False,
1794,marcuscedricridia__olmner-o1-7b,2025-02-27 18:15:04+00:00,50f9d66deec9b5e8f144921d3cc773a769087f2f,0.5068,0.39171294053918315,-0.11508705946081688,0.30644781258297404,0.8854313963819008,0.22735786619891524,0.5848032564450475,0.6359113523292628,False,
1795,Nexesenex__Llama_3.1_8b_DobHerWild_R1_v1.1R,2025-02-27 18:15:42+00:00,6e1fd538b390ff48313631636a78512d20d0696d,0.4584,0.39171294053918315,-0.06668705946081682,0.2342100631109956,0.5275380546590602,0.15512011672693674,0.18769787426503845,0.19764812302125734,False,
1796,marcuscedricridia__sbr-o1-7b,2025-02-27 19:29:13+00:00,6b23621f05cdc91162e135c84bda5357168424b6,0.5052,0.39171294053918315,-0.11348705946081683,0.30826485695859196,0.8946222746226739,0.22917491057453332,0.6037991858887382,0.6598824061510629,False,
1797,Nexesenex__Qwen_2.5_3b_Smarteaz_0.01a,2025-02-27 19:31:25+00:00,fe0bbb2e01a87bf8b56f210e39bbf74510fb3963,0.3972,0.39171294053918315,-0.0054870594608168455,0.27128120043274145,0.6849571331541118,0.19219125404868193,0.3808231569425599,0.37946630483943916,False,
1798,Supichi__BBAI_525_Tsu_gZ_Xia0,2025-02-27 19:44:46+00:00,dd1e9e2e0cff9b292b985a285a3d1e0e8d8ccf86,0.4862,0.39171294053918315,-0.09448705946081687,0.27946484962916707,0.7482225150278621,0.2003749032451084,0.42695612844866576,0.45364088647670736,False,
1799,Supichi__BBAIK29,2025-02-27 19:48:29+00:00,f6e27051307ecfa496d98f099d9a184df82ad808,0.486,0.39171294053918315,-0.09428705946081684,0.280174012786032,0.7569748629475368,0.20108406640197302,0.431026684758028,0.4658525554047942,False,
1800,baebee__mergekit-model_stock-nzjnheg,2025-02-27 19:50:00+00:00,b63d4fb651b47e8eab7551ba1783e3cfa2cc8973,0.434,0.39171294053918315,-0.042287059460816845,0.24409202178037534,0.5877902253609298,0.16500207539631653,0.25192220714608776,0.2835820895522388,False,
1801,lkoenig__BBAI_375_QwenDyancabs,2025-02-27 19:50:55+00:00,66599d1b57259d3338973713f642ca41a5248327,0.4886,0.39171294053918315,-0.09688705946081683,0.2838516154889342,0.7766876312699468,0.2047616691048757,0.45725915875169604,0.49344188150158297,False,
1802,EpistemeAI__ReasoningCore-3B-RE1-V2C,2025-02-27 19:54:41+00:00,12c08e1fc173f2e4979ce460705125682b0db7bf,0.3532,0.39171294053918315,0.03851294053918314,0.29349963235391385,0.7810319771858691,0.21440968596985405,0.5133423790140208,0.5002261420171868,False,
1803,lkoenig__BBAI_212_Qwencore,2025-02-27 20:22:25+00:00,0e60c4f8aa388475b4e81669854319be82b0a74c,0.483,0.39171294053918315,-0.09128705946081683,0.2831747593507607,0.7705463531985715,0.20408481296670206,0.4531886024423338,0.48530076888285845,False,
1804,prithivMLmods__Messier-Opus-14B-Elite7,2025-02-27 20:44:26+00:00,a8dd878de92b643fd4b9e4cf6404104db1aabb32,0.5784,0.39171294053918315,-0.18668705946081687,0.32349582849565534,0.9105254478856808,0.24440588211159675,0.6987788331071914,0.6788783355947535,False,
1805,prithivMLmods__Lacerta-Opus-14B-Elite8,2025-02-27 20:55:43+00:00,1e81a9b7bc499701b0d1c331914a7336031f66ea,0.5512,0.39171294053918315,-0.15948705946081687,0.31209844660699315,0.8647064123866396,0.2330085002229339,0.6313885119855269,0.6065128900949797,False,
1806,prithivMLmods__Primal-Opus-14B-Optimus-v2,2025-02-27 21:05:42+00:00,37dbc79232ca53375c262a2cccd4c1a52ca9d3ec,0.5828,0.39171294053918315,-0.19108705946081683,0.3234530655937799,0.9158149302540143,0.24436311920972043,0.6978742650384442,0.6856625961103573,False,
1807,prithivMLmods__Equuleus-Opus-14B-Exp,2025-02-27 21:09:17+00:00,4ad9e913e64961ad89a8e2be089c36a86d7356e9,0.582,0.39171294053918315,-0.1902870594608168,0.32601627532638516,0.9407507202400149,0.24692632894232633,0.7127996381727725,0.7109905020352781,False,
1808,prithivMLmods__Porpoise-Opus-14B-Exp,2025-02-27 21:10:52+00:00,216bd3f6a51dbcde0053fe0b4c36983d279de39b,0.5828,0.39171294053918315,-0.19108705946081683,0.3237748490303923,0.9174863536275921,0.24468490264633388,0.7010402532790593,0.687019448213478,False,
1809,marcuscedricridia__absolute-o1-7b,2025-02-27 21:16:50+00:00,5dab8c788f617fdbf71d84f6d4b67ae5dff7d95a,0.5112,0.39171294053918315,-0.11948705946081684,0.3097917156667443,0.9091020421151536,0.23070176928268538,0.6160108548168249,0.6779737675260064,False,
1810,ontocord__ontocord_wide_7b-stacked-stage1-instruct,2025-02-27 21:34:25+00:00,bdcfadc2f614d33391b74fc908430d80eb7c61de,0.2364,0.39171294053918315,0.15531294053918315,0.37278633541220263,1.2102947419865602,0.2936963890281446,0.9669832654907282,0.9706015377657169,False,
1811,ontocord__ontocord_wide_7b-stacked-stage1,2025-02-27 21:44:57+00:00,0a9aa5b37baec833a46b95caaa33239303bca8a3,0.241,0.39171294053918315,0.15071294053918316,0.3737811656306617,1.2067097358499281,0.29469121924660335,0.9701492537313433,0.9665309814563546,False,
1812,Nexesenex__Llama_3.1_8b_Smarteaz_V1.01,2025-02-27 21:57:31+00:00,85406fed482be0a34926d6e360e9f35b72136ade,0.4666,0.39171294053918315,-0.07488705946081686,0.24178310826220908,0.5535274603427097,0.16269316187815028,0.23563998190863863,0.23473541383989144,False,
1813,Amaorynho__BBAI2006,2025-02-27 22:01:14+00:00,392d43f9a53341dcd197dcd5aafaf6bd6c3d1542,0.2332,0.39171294053918315,0.15851294053918316,0.36548503659248816,1.1847206390929113,0.2863950902084314,0.932157394843962,0.9493441881501583,False,
1814,Nexesenex__Llama_3.1_8b_DoberWild_v2.01,2025-02-27 22:11:49+00:00,f2b0108d5528058f5335d1ae1bcb3e3f3cd62734,0.4598,0.39171294053918315,-0.06808705946081683,0.2243554274643496,0.4938859042227023,0.145265481080291,0.114880144730891,0.13613749434644956,False,
1815,Nexesenex__Llama_3.1_8b_Mediver_V1.01,2025-02-27 22:32:17+00:00,ba9cb0ff351598b9c7e975b05141e06f65ae5315,0.346,0.39171294053918315,0.04571294053918318,0.2733771991845342,0.7378366422251839,0.19428725280047546,0.38715513342379015,0.44369063772048845,False,
1816,marcuscedricridia__cursa-o1-7b,2025-02-27 22:32:53+00:00,cfc4799ad26ce5d511bef1cf7dbff7d175153f59,0.5076,0.39171294053918315,-0.1158870594608169,0.30660441256690996,0.8901811902891419,0.22751446618285148,0.5861601085481682,0.6485753052917232,False,
1817,marcuscedricridia__cursa-o1-7b-2-28-2025,2025-02-27 22:37:36+00:00,3b6823d7cdc14ecc1b22891c6bfe16fe822f15f5,0.4962,0.39171294053918315,-0.10448705946081682,0.3002616718269735,0.8505599614403591,0.22117172544291394,0.5454545454545454,0.5825418362731796,False,
1818,Lawnakk__BBALAW1.6,2025-02-27 22:43:33+00:00,9ee498247b0abdfd5648c3a755f665aeb76e3903,0.4886,0.39171294053918315,-0.09688705946081683,0.2818915521081663,0.7531401849894243,0.2028016057241077,0.44097693351424694,0.4604251469923112,False,
1819,ontocord__wide_3b-stage1_shuf_sample1_jsonl-pretrained,2025-02-28 00:11:29+00:00,147ea1ddf68b894cd5a320dee040b2523334cc08,0.2526,0.39171294053918315,0.13911294053918316,0.40256575205166406,1.3659875545865923,0.32347580566760703,0.9995477159656264,0.9990954319312528,False,
1820,Nexesenex__Llama_3.1_8b_Medusa_v1.01,2025-02-28 00:21:17+00:00,fba8ca2c185330c880e4b38ccb3eef9021a95ad8,0.4366,0.39171294053918315,-0.044887059460816836,0.23642115860179688,0.5245350460096541,0.15733121221773858,0.20443238353686116,0.19086386250565354,False,
1821,Nexesenex__Llama_3.1_8b_DodoWild_v2.01,2025-02-28 00:40:46+00:00,430355448639c35c80e144cd0049e3da12348132,0.4604,0.39171294053918315,-0.06868705946081682,0.2355070834839504,0.5243793766460927,0.15641713709989163,0.19493441881501583,0.19041157847127996,False,
1822,marcuscedricridia__post-cursa-o1,2025-02-28 00:49:23+00:00,ef39bbd90156b2680baddd874567cca3095f7841,0.5048,0.39171294053918315,-0.11308705946081687,0.3044513856611787,0.8836492637335035,0.2253614392771201,0.5685210312075983,0.6336499321573948,False,
1823,marcuscedricridia__pre-cursa-o1,2025-02-28 00:54:18+00:00,fc2e255b22510d0a190a2fca8658556f29951d6d,0.506,0.39171294053918315,-0.11428705946081685,0.3068396397776336,0.8938947152920579,0.22774969339357518,0.5884215287200362,0.6580732700135685,False,
1824,marcuscedricridia__pre-cursa-o1-v1.2,2025-02-28 00:58:15+00:00,93613cf93aafdfd8fe3a2201bb20a3a7a8b0a727,0.5106,0.39171294053918315,-0.1188870594608169,0.3066243731862251,0.8904723776211926,0.2275344268021666,0.5866123925825418,0.649932157394844,False,
1825,marcuscedricridia__pre-cursa-o1-v1.3,2025-02-28 01:02:30+00:00,498c158a2f598259b3e20e59794e5cd83be22291,0.5074,0.39171294053918315,-0.11568705946081681,0.30779392835904995,0.8869584175117449,0.2287039819749914,0.5979194934418816,0.6417910447761194,False,
1826,LeroyDyer___Spydaz_Web_AI_AGI_R1_002,2025-02-28 01:06:55+00:00,98bb48d3059f82ec62299ccdca8d2eff68ef3f95,0.3838,0.39171294053918315,0.007912940539183178,0.23870621437874429,0.5473828830919975,0.15961626799468565,0.21800090456806875,0.2265943012211669,False,
1827,marcuscedricridia__pre-cursa-o1-v1.4,2025-02-28 01:20:57+00:00,b8dc42901beab204b69f1a38cba7d39ad98d25ec,0.5072,0.39171294053918315,-0.11548705946081683,0.30839503506633953,0.8874475139243765,0.22930508868228075,0.6042514699231117,0.6436001809136137,False,
1828,marcuscedricridia__pre-cursa-o1-v1.6,2025-02-28 01:24:47+00:00,ac243c6d9cc1811c2ecf1efbce98fc4e40f89e37,0.5096,0.39171294053918315,-0.1178870594608169,0.3054040159736305,0.882282996808463,0.22631406958957176,0.5780189959294437,0.6322930800542741,False,
1829,Nexesenex__Llama_3.1_8b_Dolermed_V1.01,2025-02-28 01:33:59+00:00,836e0057ebe99bc918dafc5c6d73c208fd7ba7a7,0.4246,0.39171294053918315,-0.032887059460816825,0.2318535430071573,0.5142904123211571,0.1527635966230988,0.1691542288557214,0.17458163726820444,False,
1830,Nexesenex__Llama_3.1_8b_Hermedive_V1.01,2025-02-28 01:38:16+00:00,229b476b3e4690f623394733e59e72d88a659b09,0.4076,0.39171294053918315,-0.015887059460816866,0.23087350831399722,0.5272034760060729,0.15178356192993853,0.16010854816824965,0.19674355495251017,False,
1831,Nexesenex__Llama_3.1_8b_Hermedive_R1_V1.01,2025-02-28 01:44:24+00:00,3025592cb70953b865c55c4d129dd9555d1cb555,0.4272,0.39171294053918315,-0.03548705946081687,0.230940790834874,0.5129258763460781,0.15185084445081587,0.16101311623699682,0.17051108095884215,False,
1832,EpistemeAI__DeepPhi-3.5-mini-instruct,2025-02-28 03:49:53+00:00,bdae48c79751e7df7d0e572b49ba1516d4e41856,0.2396,0.39171294053918315,0.15211294053918314,0.3868615662529412,1.2798890299519654,0.307771619868884,0.9923111714156491,0.9918588873812755,False,
1833,Supichi__BBAI_78B_Calme_3_1_Ties,2025-02-28 04:14:18+00:00,ab9f5a5f29095f12097fad1711292cfb37867d17,0.232,0.39171294053918315,0.15971294053918314,0.3614303997638478,1.1557531174588893,0.2823404533797903,0.900497512437811,0.9122568973315242,False,
1834,Lunzima__NQLSG-Qwen2.5-14B-MegaFusion-v7,2025-02-28 04:34:33+00:00,83422abbcc1e5a7b3b12a2b86d612ee9003d3740,0.578,0.39171294053918315,-0.1862870594608168,0.3229434268336179,0.9087903566795698,0.2438534804495586,0.6951605608322027,0.6775214834916328,False,
1835,EpistemeAI__Fireball-R1-Llama-3.1-8B-Medical-COT,2025-02-28 05:10:04+00:00,0308d656bc75a42539279e94faf62119f6e204e0,0.3456,0.39171294053918315,0.046112940539183134,0.35825635067678935,1.1205395138188117,0.27916640429273015,0.8661239258254184,0.8448665762098598,False,
1836,iFaz__llama32_3B_en_emo_v3,2025-02-28 06:09:38+00:00,f6b79f64c4e9715737747b50c32cfe56315be62d,0.3638,0.39171294053918315,0.02791294053918314,0.2776404608480066,0.7220686765679136,0.19855051446394717,0.4120307553143374,0.42198100407055633,False,
1837,NikolaSigmoid__phi-4-14b,2025-02-28 06:10:10+00:00,dc82087e758ec6f02d5cbcf7e62c4fd48189bff3,0.5324,0.39171294053918315,-0.14068705946081683,0.3142543622847183,0.8683770452864219,0.2351644159006595,0.6436001809136137,0.6128448665762098,False,
1838,LeroyDyer___Spydaz_Web_AI_AGI_RP_R1,2025-02-28 06:14:04+00:00,125cde707687a7ce4635abc641a2a120c0736b41,0.3846,0.39171294053918315,0.007112940539183155,0.23994920411988946,0.5503599923100977,0.1608592577358312,0.2234283129805518,0.23066485753052918,False,
1839,LeroyDyer___Spydaz_Web_AI_AGI_R1_Student_Coder,2025-02-28 06:18:17+00:00,4745809ea7483904216c61ca8efbeef5a11f9bf5,0.3866,0.39171294053918315,0.005112940539183153,0.24399755831406097,0.5670447207983502,0.16490761193000225,0.2510176390773406,0.2591587516960651,False,
1840,LeroyDyer___Spydaz_Web_AI_AGI_R1_Teacher_Coder,2025-02-28 06:26:41+00:00,fd1a6dbc87ec396a1f6aa8d933d9fe85c262c21b,0.399,0.39171294053918315,-0.007287059460816869,0.2338750229158149,0.525772134857334,0.15478507653175622,0.18453188602442333,0.1931252826775215,False,
1841,suayptalha__Clarus-7B-v0.3,2025-02-28 08:06:26+00:00,5bbcbd9460fef830171c526526c1de3649f40744,0.5176,0.39171294053918315,-0.1258870594608168,0.3072972342677231,0.8949222132018152,0.22820728788366415,0.5915875169606513,0.66078697421981,False,
1842,PocketDoc__Dans-SakuraKaze-V1.0.0-12b,2025-02-28 08:07:32+00:00,6ca8fd4fadfb7ef76c80c4c65815ce25de1632be,0.4556,0.39171294053918315,-0.06388705946081685,0.2459004000234209,0.5586434585087109,0.1668104536393618,0.2641338760741746,0.24378109452736318,False,
1843,DoppelReflEx__L3-8B-R1-WolfCore,2025-02-28 08:19:12+00:00,df991167d89131b2c3676cfbbabd160c376e8184,0.438,0.39171294053918315,-0.04628705946081685,0.22311812484061078,0.4894255051639146,0.14402817845655136,0.10402532790592492,0.13025780189959293,False,
1844,Nexesenex__Llama_3.1_8b_DeepDive_3_Prev_v1.0,2025-02-28 08:52:07+00:00,95de4dac30a3aced18da350c485c6321a4b909fd,0.4392,0.39171294053918315,-0.04748705946081683,0.23124717803265135,0.5153750415047216,0.15215723164859277,0.16463138851198553,0.17684305744007237,False,
1845,YOYO-AI__Qwen2.5-14B-YOYO-V4-p1,2025-02-28 09:14:56+00:00,5f32fc9cb0c94c41b29bef6dc0bed5c4fe803ba2,0.5886,0.39171294053918315,-0.19688705946081686,0.3180389816602022,0.9296632430108482,0.23894903527614306,0.6689280868385346,0.6992311171415649,False,
1846,Nexesenex__Llama_3.1_8b_Dolermed_R1_V1.01,2025-02-28 10:09:01+00:00,c0e1f777b30e77d36a8ee889f873891a980fbace,0.462,0.39171294053918315,-0.07028705946081687,0.2340726490542303,0.5180996151959324,0.1549827026701719,0.18588873812754408,0.18091361374943465,False,
1847,Nexesenex__Llama_3.1_8b_DodoWild_v2.02,2025-02-28 10:12:05+00:00,eed4c98b466ce262736172603076dd2f4c2520b1,0.466,0.39171294053918315,-0.07428705946081687,0.23477038376026826,0.5255401669683949,0.15568043737620957,0.19222071460877432,0.1926729986431479,False,
1848,Nexesenex__Llama_3.1_8b_DoberWild_v2.02,2025-02-28 10:15:59+00:00,4658b2b1c003152206704cc944098e41f0e0279f,0.4592,0.39171294053918315,-0.06748705946081685,0.2223599442490126,0.4834421687671005,0.14326999786495356,0.09407507914970602,0.1216644052464948,False,
1849,marcuscedricridia__cursa-o1-7b-v1.1,2025-02-28 10:20:16+00:00,6633f94a7450e04caa799e1e0b81f5c04bf802f2,0.5102,0.39171294053918315,-0.11848705946081683,0.3089130549060474,0.9045128932968011,0.22982310852198926,0.6092265943012212,0.6720940750791498,False,
1850,marcuscedricridia__cursa-o1-7b-v1.2-normalize-false,2025-02-28 10:23:41+00:00,3fc722d5ca9054e7c8b365baa28a55e5c2d71545,0.5104,0.39171294053918315,-0.11868705946081681,0.3075011244985772,0.8969529940186856,0.2284111781145187,0.5956580732700135,0.6625961103573044,False,
1851,Nexesenex__Llama_3.1_8b_Dolermed_R1_V1.03,2025-02-28 11:02:21+00:00,f1bfb874f0af4ceb6b0c887b71552e75ed55e915,0.4634,0.39171294053918315,-0.07168705946081683,0.23546199606884288,0.5242297303255871,0.1563720496847838,0.19448213478064225,0.18995929443690637,False,
1852,Nexesenex__Llama_3.1_8b_Hermedive_R1_V1.03,2025-02-28 11:06:42+00:00,49d8879bc2e45a3abe5f1b13191e9aad09b496a2,0.438,0.39171294053918315,-0.04628705946081685,0.23319408109655138,0.5240816209652361,0.15410413471249282,0.1791044776119403,0.1895070104025328,False,
1853,Nexesenex__Llama_3.1_8b_DodoWild_v2.03,2025-02-28 11:23:08+00:00,3146bdab6813b3a65ee4feb039b65be7efaebeb7,0.4654,0.39171294053918315,-0.07368705946081683,0.23382254051509377,0.5258401638023003,0.15473259413103496,0.18407960199004975,0.19357756671189508,False,
1854,Nexesenex__Llama_3.1_8b_DoberWild_v2.03,2025-02-28 11:26:43+00:00,cc52e6a0b62ad74fc19c7a0baab329ec09f574c4,0.4622,0.39171294053918315,-0.07048705946081685,0.22439475368136677,0.49602470786339775,0.14530480729730785,0.11623699683401176,0.14020805065581185,False,
1855,Lawnakk__BBALAW1.61,2025-02-28 12:14:12+00:00,ad831e0ed295a13fcbba60df1e01912a34948380,0.4916,0.39171294053918315,-0.09988705946081683,0.2865463854945716,0.7749612512316627,0.20745643911051384,0.47489823609226595,0.49118046132971505,False,
1856,Lawnakk__BBALAW1.62,2025-02-28 12:17:11+00:00,824477903fddc19a1d06ee42e9232283be646654,0.4742,0.39171294053918315,-0.08248705946081686,0.260918408923153,0.6609375173899825,0.18182846253909454,0.3419267299864315,0.35639981908638624,False,
1857,ibm-granite__granite-3.2-2b-instruct,2025-02-28 12:26:14+00:00,c0d2377d3e8d1dc22b7000610bd010cea6d51ff1,0.3922,0.39171294053918315,-0.00048705946081684104,0.26792745818373453,0.6543152207333117,0.1888375117996757,0.36589778380823157,0.3514246947082768,False,
1858,ibm-granite__granite-3.2-8b-instruct,2025-02-28 12:29:39+00:00,7a6031ac54001373641fed247e92a8d61a480e7b,0.4732,0.39171294053918315,-0.08148705946081686,0.27231985973852163,0.6841535026655606,0.1932299133544631,0.383989145183175,0.378561736770692,False,
1859,microsoft__Phi-4-mini-instruct,2025-02-28 12:41:08+00:00,c11d6b677f8be63e89681f2858abb474af843d20,0.4848,0.39171294053918315,-0.09308705946081686,0.2703936111628767,0.6753583354552796,0.19130366477881824,0.37675260063319765,0.3704206241519674,False,
1860,CYFRAGOVPL__Llama-PLLuM-8B-chat,2025-02-28 13:53:44+00:00,051e08dd7694565bf6c3ba42ddfd2762f3534c6a,0.339,0.39171294053918315,0.05271294053918313,0.30817633627597063,0.8881624482683542,0.2290863898919124,0.6033469018543646,0.6449570330167345,False,
1861,CYFRAGOVPL__PLLuM-12B-nc-chat,2025-02-28 14:03:57+00:00,1c613716cbced78bdbee1103c81d0928ff35cfe6,0.3638,0.39171294053918315,0.02791294053918314,0.28448514454020885,0.7511540423633085,0.20539519815614946,0.46132971506105835,0.45861601085481685,False,
1862,CYFRAGOVPL__PLLuM-12B-chat,2025-02-28 14:04:52+00:00,d71bbc1bb74dcf08302dabc64458aadaa056c4b2,0.363,0.39171294053918315,0.028712940539183163,0.300218016278773,0.8415917511720098,0.22112806989471406,0.5450022614201718,0.5694255992763455,False,
1863,CYFRAGOVPL__Llama-PLLuM-8B-base,2025-02-28 14:13:34+00:00,f85a6da4bc232e2f42c0a99bdb88ccdca4dd2262,0.3534,0.39171294053918315,0.03831294053918316,0.3022575426416854,0.8634774609036913,0.22316759625762553,0.5590230664857531,0.6033469018543646,False,
1864,CYFRAGOVPL__PLLuM-12B-nc-base,2025-02-28 14:13:35+00:00,dd9cd44ab9b41955e1c840e1f6c4ce04a7f27074,0.3358,0.39171294053918315,0.055912940539183165,0.2876738916300739,0.7744554681547745,0.2085839452460144,0.48032564450474896,0.49072817729534146,False,
1865,CYFRAGOVPL__PLLuM-12B-base,2025-02-28 14:26:12+00:00,45e1367c1a9c8bf54049b133a13bd4c4d1f74cf9,0.3634,0.39171294053918315,0.02831294053918315,0.32078706767230675,0.9505231476865438,0.24169712128824727,0.6834011759384894,0.7173224785165083,False,
1866,Lunzima__NQLSG-Qwen2.5-14B-MegaFusion-v8,2025-02-28 15:01:12+00:00,3b4bea8ba95d9ac5ae7b6f34adfe2b6ace32574b,0.5834,0.39171294053918315,-0.19168705946081688,0.3336586031351514,1.0005309506777027,0.25456865675109225,0.7557666214382632,0.7589326096788783,False,
1867,LeroyDyer___Spydaz_Web_AI_AGI_R1_X2,2025-02-28 15:09:48+00:00,7473b36342b174906b8e118bad8cc09be31e6871,0.4002,0.39171294053918315,-0.008487059460816848,0.24007675398318193,0.549799160931791,0.16098680759912423,0.22388059701492538,0.22930800542740842,False,
1868,DoppelReflEx__L3-8B-WolfCore,2025-02-28 15:09:50+00:00,36de6be6e66681feb3ecf7c4810537b02bb029c5,0.4164,0.39171294053918315,-0.02468705946081684,0.21589722357797886,0.4546769086409525,0.13680727719391958,0.028946178199909543,0.03753957485300769,False,
1869,LeroyDyer___Spydaz_Web_AI_AGI_R1_X1,2025-02-28 15:12:59+00:00,65bc2aa3822f8f7e2a0df8fb739d0dbf5497bd86,0.3818,0.39171294053918315,0.00991294053918318,0.2557238070001274,0.6129721974305754,0.17663386061606956,0.31659882406151063,0.3098145635459068,False,
1870,Nexesenex__Llama_3.1_8b_Typhoon_v1.03,2025-02-28 15:39:10+00:00,1afe4da8f0ab98683d84f6c35046d898e1fa56f7,0.4686,0.39171294053918315,-0.07688705946081686,0.23750491992538797,0.5323666812161051,0.1584149735413292,0.21031207598371776,0.20578923563998192,False,
1871,Nexesenex__Llama_3.1_8b_Stormeder_v1.04,2025-02-28 16:12:28+00:00,cc6b1817f41443e49e62a258390670340047a0b1,0.4582,0.39171294053918315,-0.06648705946081684,0.23698658316245325,0.5263475359563486,0.15789663677839463,0.20669380370872908,0.19448213478064225,False,
1872,Nexesenex__Llama_3.1_8b_Hermedash_R1_V1.04,2025-02-28 16:13:04+00:00,9d8f0dc215dfbe3326e8d4a662581dfef8fee9d1,0.4588,0.39171294053918315,-0.06708705946081683,0.23939998068916252,0.5371214897924845,0.16031003430510393,0.22071460877431026,0.21438263229308005,False,
1873,Lawnakk__BBALAW1.63,2025-02-28 18:25:28+00:00,346fd0bf0e30aad20014d5fb62fc326fd4878dc6,0.482,0.39171294053918315,-0.09028705946081683,0.28600495632038014,0.7817840815137185,0.2069150099363216,0.4703753957485301,0.5020352781546812,False,
1874,LeroyDyer___Spydaz_Web_AI_AGI_R1_MasterCoder,2025-02-28 18:31:18+00:00,e457062caa9821cfc7c7494fd95df2dd67b85fd2,0.3862,0.39171294053918315,0.005512940539183164,0.24310608910814213,0.5651408449512118,0.1640161427240836,0.24513794663048394,0.25508819538670285,False,
1875,bunnycore__Qwen2.5-1.5B-Model-Stock,2025-02-28 19:58:45+00:00,9714fe4b49d49c54c4231d10927d18f689f579b6,0.2386,0.39171294053918315,0.15311294053918315,0.3702000385754413,1.192002683299473,0.2911100921913834,0.9601990049751243,0.9588421528720036,False,
1876,iFaz__llama31_8B_en_emo_v4,2025-02-28 20:05:28+00:00,7efcea4268df78788fc6aa009a0afab94d53b9f1,0.389,0.39171294053918315,0.0027129405391831396,0.2547113986859855,0.6086543428269497,0.17562145230192663,0.3111714156490276,0.30619629127091813,False,
1877,bunnycore__Qwen2.5-3B-Model-Stock-v4.1,2025-02-28 20:09:26+00:00,a27062807a7b41db42bef39b53c60aef98fd2f16,0.4462,0.39171294053918315,-0.054487059460816833,0.30061131142219916,0.8530311561049684,0.22152136503813927,0.5472636815920398,0.5866123925825418,False,
1878,DeepMount00__Qwen2-1.5B-Ita,2025-02-28 20:56:01+00:00,6945a05c6b072ec3820800d920b0423c3bdeb020,0.3434,0.39171294053918315,0.04831294053918317,0.3125515248170921,0.8666741311548989,0.2334615784330343,0.6354590682948892,0.6101311623699683,False,
1879,Lunzima__NQLSG-Qwen2.5-14B-MegaFusion-v7-rebase,2025-02-28 21:38:58+00:00,6120216ec84ab689d1410803a396ba8f6a0cbffa,0.5694,0.39171294053918315,-0.17768705946081687,0.31068514057722607,0.8590470370165207,0.23159519419316685,0.6227951153324288,0.5970149253731343,False,
1880,Lawnakk__BBALAW1.64,2025-02-28 22:19:57+00:00,c63e8500072099b25b07db3537474c3d64c8e652,0.232,0.39171294053918315,0.15971294053918314,0.3769994471779089,1.2256193819785821,0.29790950079385187,0.9787426503844414,0.9764812302125735,False,
1881,Daemontatox__Zirel-7B-Math,2025-02-28 23:12:55+00:00,7e506a83f8b89865d86f58e8eed4139d7897b009,0.4736,0.39171294053918315,-0.08188705946081687,0.2860185291670368,0.760087454871821,0.20692858278297727,0.4708276797829037,0.4690185436454093,False,
1882,Lunzima__NQLSG-Qwen2.5-14B-MegaFusion-v8.5,2025-02-28 23:25:39+00:00,b50debd5bde1c87b145055b8fe4f5747cc18e8cc,0.5628,0.39171294053918315,-0.17108705946081681,0.3096334572081433,0.8528539124783893,0.23054351082408434,0.6146540027137042,0.5861601085481682,False,
1883,EpistemeAI__ReasoningCore-3B-Instruct-r01-Reflect,2025-02-28 23:34:44+00:00,5d7e42a7ac0bcb70f4ea1ada643ecd640a298130,0.3956,0.39171294053918315,-0.003887059460816855,0.2833215574312387,0.7432768571292069,0.20423161104717868,0.45409317051108095,0.44821347806422435,False,
1884,Lunzima__NQLSG-Qwen2.5-14B-MegaFusion-v8.6,2025-03-01 02:45:14+00:00,59e4d882da6a88eebf6491695b928403f11c6f1d,0.573,0.39171294053918315,-0.1812870594608168,0.3256460387949524,0.9205326629717098,0.24655609241089355,0.7105382180009046,0.6897331524197196,False,
1885,Nexesenex__Llama_3.1_8b_Dolerstormed_V1.04,2025-03-01 05:53:21+00:00,43ff9b2b6c42b7cf250faa3ba4068c4318f6af58,0.4618,0.39171294053918315,-0.07008705946081684,0.23974113055565108,0.5433846314239769,0.16065118417159233,0.2229760289461782,0.2225237449118046,False,
1886,Nexesenex__Llama_3.1_8b_DodoWild_v2.10,2025-03-01 05:58:04+00:00,05f536d84ebab000a828dc9fcd62cf1037f870f5,0.4618,0.39171294053918315,-0.07008705946081684,0.22720422341042382,0.5013621918859378,0.1481142770263653,0.13342379014020805,0.14970601537765718,False,
1887,DoppelReflEx__L3-8B-R1-WolfCore-V1.5-test,2025-03-01 06:02:02+00:00,506181d4fd2fdb00bb0d381c4e1ad726eb96ad0d,0.4316,0.39171294053918315,-0.03988705946081683,0.22254497509350582,0.4823062304820109,0.1434550287094468,0.09769335142469471,0.11895070104025328,False,
1888,necva__replica-IEPile,2025-03-01 06:28:11+00:00,f4f1de9b7825c3b78f4e4cc6ae221b59ce9d3147,0.4014,0.39171294053918315,-0.009687059460816827,0.2420256213053032,0.5666869455568588,0.16293567492124433,0.23790140208050656,0.25870646766169153,False,
1889,prithivMLmods__Pegasus-Opus-14B-Exp,2025-03-01 06:33:14+00:00,fa3a1a872963da152674cb93201d6d5e53474ab7,0.5856,0.39171294053918315,-0.19388705946081686,0.324010703191518,0.9198814574270849,0.24492075680745884,0.7033016734509272,0.689280868385346,False,
1890,LeroyDyer___Spydaz_Web_AI_AGI_R1_MUSR,2025-03-01 08:11:33+00:00,ae41e236e2bc4c7355384696c110bfff447e6004,0.3896,0.39171294053918315,0.00211294053918315,0.24019282190812669,0.5547979970996372,0.16110287552406782,0.22433288104929897,0.23790140208050656,False,
1891,Baptiste-HUVELLE-10__LeTriomphant2.2_ECE_iLAB,2025-03-01 08:30:06+00:00,4b6f0683b07d2a8e988fb7d9a9938222a60a2d6e,0.6076,0.39171294053918315,-0.21588705946081688,0.3198324193784636,0.9185634286073923,0.240742472994405,0.6793306196291271,0.6879240162822252,False,
1892,Lunzima__NQLSG-Qwen2.5-14B-MegaFusion-v8.7,2025-03-01 08:45:36+00:00,b1ee7c691515aa181fde3c6cd8566c22ff4e4051,0.5886,0.39171294053918315,-0.19688705946081686,0.33512711962399194,1.006583820106171,0.2560371732399329,0.7643600180913613,0.7657168701944821,False,
1893,sometimesanotion__LamarckInfusion-14B-v2,2025-03-01 09:39:41+00:00,4044de96b29b1aea237e831fa089c19d905653e7,0.5874,0.39171294053918315,-0.19568705946081688,0.322277586856261,0.9131011382616303,0.24318764047220293,0.6933514246947082,0.6834011759384894,False,
1894,Quazim0t0__Rosemary-14b,2025-03-01 10:49:17+00:00,0c19cb9e87e969da0065fa0413d84a463b262125,0.603,0.39171294053918315,-0.21128705946081683,0.3296249466978394,0.9529266702117464,0.2505350003137805,0.7304387155133424,0.7186793306196291,False,
1895,sometimesanotion__LamarckInfusion-14B-v2-hi,2025-03-01 12:16:31+00:00,7be99d4becd57cb7d43d389e36ac1dad2602fef2,0.585,0.39171294053918315,-0.1932870594608168,0.3194741448180233,0.8990892194013957,0.24038419843396555,0.6779737675260064,0.6675712347354138,False,
1896,YOYO-AI__Qwen2.5-14B-YOYO-V4-p2,2025-03-01 12:31:27+00:00,3b077297a9caa95f20ea0d19038949e958c41e76,0.5748,0.39171294053918315,-0.18308705946081683,0.31668550274759694,0.925999579899828,0.2375955563635371,0.66078697421981,0.6951605608322027,False,
1897,Lunzima__NQLSG-Qwen2.5-14B-OriginalFusion,2025-03-01 12:37:40+00:00,1e163f7946503dd6679eb1bf1ce7f7c7ef6d956e,0.5884,0.39171294053918315,-0.19668705946081688,0.32202550445391576,0.9227323086819162,0.2429355580698566,0.6915422885572139,0.6924468566259611,False,
1898,GuilhermeNaturaUmana__Nature-Reason-1.2-reallysmall,2025-03-01 13:14:02+00:00,e65a80836b05784bfde6819db72968f70c6ca8bb,0.473,0.39171294053918315,-0.08128705946081682,0.24840642249274347,0.5946843945708313,0.16931647610868522,0.28132066938037087,0.29534147444595205,False,
1899,sometimesanotion__ChocoTrio-14B-v1,2025-03-01 13:15:14+00:00,1091bdeef465eb55c911cc8c10cc7cc0e7000c01,0.5764,0.39171294053918315,-0.18468705946081687,0.31928929391359656,0.8891384347933549,0.24019934752953753,0.6752600633197648,0.6467661691542289,False,
1900,prithivMLmods__Eridanus-Opus-14B-r999,2025-03-01 13:15:16+00:00,ef9fedb5654ec6eb53754b74b3e70b3ce6f58e12,0.5746,0.39171294053918315,-0.18288705946081685,0.3108801448118055,0.8525223998866682,0.2317901984277462,0.6232473993668024,0.5852555404794211,False,
1901,sometimesanotion__LamarckInfusion-14B-v2-lo,2025-03-01 13:18:34+00:00,c67e4249dce9235c118356cd3b9c5c8f7fd4ad8b,0.5812,0.39171294053918315,-0.1894870594608169,0.3213551678882343,0.9046806186590169,0.24226522150417587,0.6865671641791045,0.6725463591135233,False,
1902,nbeerbower__Kartoffel-Deepfry-12B,2025-03-01 13:39:07+00:00,6daa97afdf7f45d4b35b8114d2ec1e7678bddd95,0.4416,0.39171294053918315,-0.04988705946081684,0.24382311487721003,0.560895192115252,0.16473316849315078,0.2501130710085934,0.24694708276797828,False,
1903,marcuscedricridia__r1o-et,2025-03-01 14:12:17+00:00,0e7c315c5f83fb554b09a7a6ed782ff348ed905c,0.3416,0.39171294053918315,0.05011294053918314,0.2870335294327248,0.7726080080042261,0.20794358304866595,0.47761194029850745,0.48801447308909995,False,
1904,Quazim0t0__Rune-14b,2025-03-01 14:18:53+00:00,0f3a3633772795888872d068b0ca5d8ebbdb4c11,0.6038,0.39171294053918315,-0.21208705946081685,0.33167774276608736,0.968526091827208,0.25258779638202866,0.7435549525101763,0.7295341474445952,False,
1905,lkoenig__BBAI_456_QwenKoen,2025-03-01 16:19:15+00:00,1e23604c4ff887c56626a90281da9a1274bb63ba,0.4856,0.39171294053918315,-0.09388705946081682,0.28359413438928244,0.778354703310851,0.20450418800522385,0.4549977385798281,0.4970601537765717,False,
1906,marcuscedricridia__olmner-sbr-7b,2025-03-01 16:29:05+00:00,a3da42de54d1b0d283937b62e8d94fe5f38cabc2,0.5082,0.39171294053918315,-0.11648705946081683,0.30580681462969045,0.8852135894504345,0.2267168682456316,0.5802804161013116,0.6354590682948892,False,
1907,lkoenig__BBAI_7B_QwenDyancabsLAW,2025-03-01 16:40:47+00:00,96fc03070ad6c2319d789f025e0dc4a48c61e533,0.492,0.39171294053918315,-0.10028705946081684,0.28398449726357333,0.7703348376176972,0.20489455087951478,0.4577114427860697,0.4843962008141113,False,
1908,Lunzima__NQLSG-Qwen2.5-14B-MegaFusion-v8.8,2025-03-01 16:50:51+00:00,915c05ead8c24ce6a385f6765e72a5c6cfac3386,0.5872,0.39171294053918315,-0.1954870594608169,0.32232332320171486,0.910736759899656,0.24323337681765603,0.6938037087290818,0.6797829036635007,False,
1909,lkoenig__BBAI_7B_Qwen2.5koen,2025-03-01 17:02:54+00:00,beb894fda8c4a01d1137bcb1e9e96b0f065e0b20,0.4844,0.39171294053918315,-0.09268705946081685,0.28519447763077926,0.7827458752021811,0.20610453124672068,0.46720940750791495,0.5033921302578019,False,
1910,lkoenig__BBAI_212_QwenLawLo,2025-03-01 17:11:49+00:00,62bb59440be9ee70ade2d19a952ef171eeb0dd22,0.4864,0.39171294053918315,-0.09468705946081685,0.28446192594279335,0.768487959854886,0.20537197955873476,0.46087743102668477,0.48077792853912255,False,
1911,sometimesanotion__LamarckInfusion-14B-v3,2025-03-01 17:23:13+00:00,aecc5a61ee4bb7738d58b27a08ce36dea90f637f,0.5806,0.39171294053918315,-0.18888705946081685,0.32459228343904045,0.9196009234880054,0.24550233705498153,0.7069199457259159,0.6883763003165988,False,
1912,Amaorynho__BBAIIFEV1,2025-03-01 19:40:28+00:00,6b544ab8d4629b45eca804147bd6e821dfa8cd59,0.4662,0.39171294053918315,-0.07448705946081685,0.23358480124281572,0.5191487019959036,0.1544948548587573,0.18362731795567616,0.18136589778380824,False,
1913,bunnycore__Qwen2.5-7B-Instruct-Merge-Stock-v0.1,2025-03-01 22:52:30+00:00,699668412a1a79719eb5ae80c02d8dc0dcdea6ea,0.5118,0.39171294053918315,-0.12008705946081688,0.30982001854509605,0.8979809220081941,0.23073007216103703,0.6169154228855721,0.6644052464947987,False,
1914,Z1-Coder__Z1-Coder-7B,2025-03-01 23:19:53+00:00,12009d76431da23bd149707d7efa329d241617c5,0.4162,0.39171294053918315,-0.024487059460816862,0.2802647246032589,0.760422599416397,0.20117477821919985,0.4314789687924016,0.4694708276797829,False,
1915,prithivMLmods__Viper-Coder-v1.6-r999,2025-03-01 23:25:07+00:00,b9533dfb7525b0c142fa5ca2b8e9e523796a7945,0.5858,0.39171294053918315,-0.19408705946081684,0.33388196651312496,1.0182845427649194,0.2547920201290665,0.7580280416101312,0.7743102668475803,False,
1916,EpistemeAI__DeepThinkers-Phi4,2025-03-01 23:25:48+00:00,819a126594bb66f1a95d6a5134817a1ef7c539e4,0.5846,0.39171294053918315,-0.19288705946081686,0.3292546309534419,0.9559132228839655,0.250164684569383,0.7281772953414745,0.7218453188602443,False,
1917,rootxhacker__apollo-7B,2025-03-02 17:42:58+00:00,b4315046c68570c997601e650af187fcac2b681a,0.3064,0.39171294053918315,0.08531294053918315,0.3364930989341233,1.0269268033713654,0.25740315255006635,0.7711442786069652,0.7806422433288105,False,
1918,jpacifico__Distilucie-7B-Math-Instruct-DPO-v0.1,2025-03-02 19:17:14+00:00,ff4c40f5ba8b0c2c5e038c9dfe7e3c3a5932e700,0.3244,0.39171294053918315,0.06731294053918313,0.30984248662866115,0.8835876333787214,0.23075254024460295,0.6178199909543193,0.6331976481230213,False,
1919,EpistemeAI__Fireball-R1.1-Llama-3.1-8B,2025-03-02 19:45:19+00:00,56ed27aa64d3a7262226afe66b82114f753e8575,0.298,0.39171294053918315,0.09371294053918316,0.36972821388291927,1.2036409157522219,0.2906382674988612,0.9574853007688828,0.9647218453188603,False,
1920,LeroyDyer___Spydaz_Web_AI_AGI_R1_OmG_001,2025-03-02 20:54:41+00:00,5140f6ea931c38b4740e50b5b794c26cde2adaa4,0.4092,0.39171294053918315,-0.017487059460816856,0.24943836312072667,0.5807879833852563,0.17034841673666848,0.28539122568973313,0.2745364088647671,False,
1921,prithivMLmods__Tucana-Opus-14B-r999,2025-03-02 21:49:03+00:00,62558e461a54351836c7135847627f32563ae315,0.5716,0.39171294053918315,-0.17988705946081684,0.3129979421770364,0.8711056642555896,0.23390799579297722,0.6372682044323835,0.6169154228855721,False,
1922,DreadPoor__ichor-8B-Model_Stock,2025-03-03 05:09:41+00:00,61c56f8ace2dfbae875c6c6b7b240543cc2792c7,0.4288,0.39171294053918315,-0.03708705946081686,0.24366878327074842,0.5507434264422179,0.16457883688668934,0.24875621890547264,0.23111714156490276,False,
1923,rootxhacker__Apollo-70B,2025-03-03 06:44:01+00:00,221e8ed1bff72edd653fede3f37afbe895d17fe9,0.6166,0.39171294053918315,-0.22488705946081688,0.34983449734086364,1.0535136341222746,0.2707445509568051,0.8218000904568069,0.8000904568068747,False,
1924,LeroyDyer___Spydaz_Web_AI_AGI_R1_OmG_Coder,2025-03-03 06:45:21+00:00,e803ee130daedf445df36d0c83c77d9e4e74861e,0.397,0.39171294053918315,-0.0052870594608168675,0.24543816272461313,0.5730914709274614,0.16634821634055408,0.2600633197648123,0.2677521483491633,False,
1925,YOYO-AI__Qwen2.5-14B-YOYO-V4,2025-03-03 07:41:40+00:00,46a9edd94a602daf605fe23f4620d42ff107712e,0.5854,0.39171294053918315,-0.19368705946081688,0.32168492097162704,0.9381401195213209,0.24259497458756824,0.689280868385346,0.7087290818634102,False,
1926,ontocord__wide_3b_sft_stage1.1-ss1-with_r1_generics_intr_math_stories.no_issue,2025-03-03 12:56:38+00:00,07ebdede591429facb5d55b922a0e43944fa4ce3,0.2466,0.39171294053918315,0.14511294053918314,0.36004435165000453,1.1635176286597586,0.2809544052659461,0.8837630031659882,0.9226594301221167,False,
1927,ontocord__wide_3b_sft_stage1.1-ss1-with_generics_intr_math_stories.no_issue,2025-03-03 12:57:21+00:00,8a1b50991c65d2d1dba4a16a5c0811016b905d9d,0.2574,0.39171294053918315,0.13431294053918313,0.3686623589600069,1.198677734963275,0.2895724125759491,0.9525101763907734,0.9620081411126187,False,
1928,trthminh1112__autotrain-llama32-1b-finetune,2025-03-03 12:58:13+00:00,9758af9de8b7baa413ece209598f1e0b6c4a41f3,0.2504,0.39171294053918315,0.14131294053918314,0.36804487910905925,1.1845089493574104,0.2889549327250012,0.9470827679782904,0.9488919041157847,False,
1929,cognitivecomputations__Dolphin3.0-Qwen2.5-0.5B,2025-03-03 13:08:52+00:00,d1a9c14447c44c497aad7c05183945aac97099d2,0.2796,0.39171294053918315,0.11211294053918314,0.37306579633864106,1.1867221986951622,0.29397584995458226,0.9674355495251018,0.9516056083220262,False,
1930,mrdayl__OpenCogito,2025-03-03 13:19:42+00:00,75186909ee85120a1c50f59ed476c6fdca40195d,0.406,0.39171294053918315,-0.014287059460816876,0.2890965149120237,0.7788970483097652,0.21000656852796432,0.48846675712347354,0.4975124378109453,False,
1931,bunnycore__Blabbertron-1.0,2025-03-03 13:22:02+00:00,bacbd837f36b7d3c53b5ee567bb62b75b0bff7db,0.5078,0.39171294053918315,-0.11608705946081688,0.3002040662897809,0.867657886538622,0.22111411990572188,0.5445499773857982,0.6123925825418363,False,
1932,marcuscedricridia__stray-r1o-et,2025-03-03 13:31:26+00:00,e0e5e7f7a363c930d67813e8b8bde6f3a86e6099,0.2468,0.39171294053918315,0.14491294053918316,0.36651605216158384,1.187681753313781,0.2874261057775258,0.9380370872908186,0.9525101763907734,False,
1933,marcuscedricridia__etr1o-explicit-v1.1,2025-03-03 13:31:35+00:00,798db2693ac470f7eedcd1716deb8336267a0b7d,0.2692,0.39171294053918315,0.12251294053918316,0.3818580663023289,1.2672812064639074,0.30276811991827174,0.9868837630031659,0.989145183175034,False,
1934,allura-org__Mistral-Small-Sisyphus-24b-2503,2025-03-03 13:33:23+00:00,3809af1a69ca4b3772aee35ff2da6efc19530db7,0.516,0.39171294053918315,-0.12428705946081686,0.27274386453053273,0.678855758548595,0.19365391814647376,0.38489371325192223,0.37177747625508817,False,
1935,marcuscedricridia__etr1o-explicit-v1.2,2025-03-03 19:47:49+00:00,483c970b941da40a619a48410066cd7bb9074d81,0.2484,0.39171294053918315,0.14331294053918314,0.36660568091457696,1.1876348828557142,0.2875157345305178,0.9402985074626866,0.9520578923563998,False,
1936,prithivMLmods__Coma-II-14B,2025-03-03 19:48:08+00:00,f88e1aaf6681e7ed89eba4af281401d4bebc265c,0.5716,0.39171294053918315,-0.17988705946081684,0.3333231231298612,1.0113238177647126,0.25423317674580204,0.7530529172320217,0.770239710538218,False,
1937,baconnier__Napoleon_24B_V0.0,2025-03-03 19:50:44+00:00,b49e73f80f656041c85c416315a837f317603488,0.511,0.39171294053918315,-0.11928705946081686,0.265021696437089,0.6524154987227303,0.1859317500530303,0.35594753505201265,0.3491632745364089,False,
1938,braindao__DeepSeek-R1-Distill-Qwen-7B-Reflective,2025-03-03 20:24:39+00:00,bb6506a753598f0c5bae26bdb30dc9d99af3704a,0.2892,0.39171294053918315,0.10251294053918314,0.3705893667865293,1.2123326487413821,0.29149942040247057,0.9606512890094979,0.9724106739032112,False,
1939,braindao__DeepSeek-R1-Distill-Qwen-7B-Blunt,2025-03-03 20:24:49+00:00,8d1a56340ac68cf461a367dcd1f19692d3d954d5,0.297,0.39171294053918315,0.09471294053918317,0.36938736774153874,1.2084996701638722,0.29029742135748027,0.9570330167345092,0.968340117593849,False,
1940,huu-ontocord__wide_3b_orpo_stage1.1-ss1-orpo3,2025-03-03 21:17:03+00:00,cb6d8f1bea971a76de54e67e01fad38f7d8e252b,0.2506,0.39171294053918315,0.14111294053918316,0.36255871506039206,1.1517459022458236,0.2834687686763331,0.9118046132971506,0.9072817729534147,False,
1941,Xiaojian9992024__Qwen2.5-7B-MS-Destroyer,2025-03-03 21:33:22+00:00,f51a4c1126b3d26801a5a581cb99be6aff7ef14d,0.5074,0.39171294053918315,-0.11568705946081681,0.30851138006738177,0.893252663940606,0.22942143368332243,0.6051560379918589,0.6544549977385798,False,
1942,braindao__DeepSeek-R1-Distill-Qwen-14B-Blunt-Uncensored-Blunt,2025-03-03 22:23:15+00:00,9f9ad7000e04a559cf0dcd279b19e7447bdaa678,0.3258,0.39171294053918315,0.06591294053918317,0.3643569998143644,1.1661351399212625,0.2852670534303065,0.9253731343283582,0.9276345545002261,False,
1943,braindao__DeepSeek-R1-Distill-Qwen-14B-Blunt,2025-03-03 22:24:03+00:00,d1d298d1104de73802ba5b8ca727469ba5a4d23e,0.3262,0.39171294053918315,0.06551294053918316,0.35240425864935965,1.0964595541044408,0.2733143122653011,0.8299412030755314,0.8263229308005428,False,
1944,braindao__DeepSeek-R1-Distill-Qwen-14B-Reflective,2025-03-03 22:26:08+00:00,662c8c6db04749ec8e12a9d1f5d6df33aaff695b,0.3008,0.39171294053918315,0.09091294053918314,0.3738519125081673,1.209246362962915,0.2947619661241079,0.9706015377657169,0.9692446856625961,False,
1945,prithivMLmods__Condor-Opus-14B-Exp,2025-03-04 01:29:50+00:00,a00c5d20478a2523fbf909dafa1e0d42397c4f9b,0.5564,0.39171294053918315,-0.16468705946081685,0.3291514891150094,0.9807996522020705,0.2500615427309503,0.7277250113071009,0.741745816372682,False,
1946,prithivMLmods__Cygnus-II-14B,2025-03-04 01:41:11+00:00,997b3301ce4847bce86f0de82f83153a926430b7,0.5878,0.39171294053918315,-0.19608705946081684,0.31941094163775147,0.9118169944197458,0.2403209952536928,0.6770691994572592,0.6829488919041158,False,
1947,DoppelReflEx__MiniusLight-24B,2025-03-04 03:48:45+00:00,3a782a1e199110dbb6ef418548b28d98983897bb,0.4848,0.39171294053918315,-0.09308705946081686,0.2676845065506256,0.6481575227241404,0.18859456016656617,0.3649932157394844,0.344640434192673,False,
1948,DoppelReflEx__MiniusLight-24B-test,2025-03-04 04:36:05+00:00,7f02ff1e21fb301b559e7e22ba5d524202d655a0,0.469,0.39171294053918315,-0.07728705946081682,0.26072790777701227,0.6170618885606877,0.18163796139295313,0.3410221619176843,0.31569425599276346,False,
1949,DoppelReflEx__MiniusLight-24B-v1b-test,2025-03-04 05:07:43+00:00,24edbd5810005bf9ced2f93d302ff41dc591fb47,0.536,0.39171294053918315,-0.14428705946081688,0.28961807468879147,0.7447693583917688,0.21052812830473278,0.49163274536408863,0.45047489823609227,False,
1950,jpacifico__Lucie-7B-Instruct-DPO-v1.1.3,2025-03-04 08:22:25+00:00,14549a4071c331ddfd27da879d3f69a7cc70a203,0.3172,0.39171294053918315,0.07451294053918317,0.30730357539433123,0.8577455125705065,0.22821362901027292,0.5920398009950248,0.5943012211668928,False,
1951,marcuscedricridia__etr1o-v1.1,2025-03-04 08:31:20+00:00,85b9dc0b4a0c96ca54e7112c8f08d81cd3bfbd28,0.259,0.39171294053918315,0.13271294053918314,0.3578496632361794,1.1479266248972257,0.27875971685212014,0.8611488014473089,0.9014020805065581,False,
1952,viettelsecurity-ai__security-llama3.2-3b,2025-03-04 11:58:36+00:00,56c24d2a597cc6d556eea678fc0427bbe7b6e6fa,0.3756,0.39171294053918315,0.016112940539183163,0.28200906116780056,0.7324111547213313,0.2029191147837405,0.4423337856173677,0.4355495251017639,False,
1953,Daemontatox__Zirel_1.5,2025-03-04 12:01:07+00:00,4ce775b045570640366cd5ca86b7d96e3f90a88b,0.3386,0.39171294053918315,0.05311294053918314,0.29958821852401873,0.8249887179332698,0.22049827213995904,0.5431931252826775,0.5499773857982814,False,
1954,NikolaSigmoid__acemath-200,2025-03-04 12:23:37+00:00,d0033f025b85fe643922e83c33a2a660a73d2506,0.3766,0.39171294053918315,0.015112940539183162,0.33755091534034315,1.04302826915776,0.25846096895628395,0.7747625508819539,0.7937584803256446,False,
1955,NikolaSigmoid__DeepSeek-R1-Distill-Qwen-1.5B-500,2025-03-04 17:04:51+00:00,98b628e8ca429f1de8f749c22c7a0560a36aa65b,0.2202,0.39171294053918315,0.17151294053918315,0.378887691649781,1.2372730332523678,0.29979774526572284,0.9841700587969244,0.9810040705563093,False,
1956,DoppelReflEx__MiniusLight-24B-v1c-test,2025-03-04 19:39:55+00:00,be5ebece267babbd66717b25da8a2dd32c573d3a,0.5584,0.39171294053918315,-0.16668705946081686,0.2928693345108301,0.7698857628130655,0.21377938812677189,0.508819538670285,0.4830393487109905,False,
1957,marcuscedricridia__etr1o-v1.2,2025-03-05 06:08:11+00:00,20f29dfa87b3fd99c1f2cf8342054432b2d10efc,0.5562,0.39171294053918315,-0.16448705946081688,0.31615153601726076,0.877954389721155,0.23706158963320148,0.6576209859791949,0.6246042514699232,False,
1958,h2oai__h2o-danube-1.8b-chat,2025-03-05 12:47:24+00:00,b75de4b2a2d58f7f4d4610d3fe643b84c85c89fb,0.2644,0.39171294053918315,0.12731294053918313,0.3583151865919433,1.1069777289593141,0.27922524020788525,0.8674807779285392,0.8312980551786522,False,
1959,bunnycore__Blabbertron-1.1,2025-03-05 12:59:45+00:00,d790e86e35382e2633f8ecd4e3a05e3c13b368f2,0.5116,0.39171294053918315,-0.1198870594608169,0.30498296229031496,0.8736736511598949,0.2258930159062564,0.5739484396200815,0.6200814111261872,False,
1960,yasserrmd__Coder-GRPO-3B,2025-03-05 13:05:51+00:00,a6e97ce17e23977b64c98970039a97cef02df6c5,0.41,0.39171294053918315,-0.018287059460816824,0.3108948760250914,0.8995353460045553,0.2318049296410327,0.623699683401176,0.6689280868385346,False,
1961,Ateron__Lotus-Magpic,2025-03-05 13:12:10+00:00,c1668fc75dca51fab54cd786af18f0140c011258,0.4414,0.39171294053918315,-0.04968705946081686,0.2455414113979677,0.5746315760930899,0.16645146501390803,0.26096788783355945,0.26910900045228403,False,
1962,braindao__DeepSeek-R1-Distill-Qwen-7B,2025-03-05 13:12:25+00:00,7cf0c9b7d65995e22bff3eeba864614cd2e54893,0.2856,0.39171294053918315,0.10611294053918313,0.3677854549575239,1.2000605011511776,0.2886955085734651,0.9457259158751696,0.9629127091813658,False,
1963,braindao__DeepSeek-R1-Distill-Qwen-14B-Blunt-Uncensored-Reflective,2025-03-05 13:52:12+00:00,8fc156b1f53ac93a02d4087a01f0c2b67c924546,0.304,0.39171294053918315,0.08771294053918316,0.36187856143884617,1.1623043006111096,0.28278861505478714,0.9063772048846676,0.9217548620533695,False,
1964,nbeerbower__BigKartoffel-mistral-nemo-20B,2025-03-05 14:16:48+00:00,b211ca7fe4e4f1738f3c38d862c4367323d6a470,0.4436,0.39171294053918315,-0.05188705946081684,0.23051189276883538,0.5005454374044443,0.1514219463847759,0.15739484396200815,0.14925373134328357,False,
1965,braindao__DeepSeek-R1-Distill-Qwen-14B-Blunt-Uncensored-Blunt-Reflective,2025-03-05 14:49:20+00:00,0b50473277d39b35a5abc7f51c219ddbb9e0376d,0.3376,0.39171294053918315,0.05411294053918314,0.3559744261392961,1.130540512437549,0.27688447975523683,0.8475802804161013,0.866576209859792,False,
1966,prithivMLmods__Epimetheus-14B-Axo,2025-03-05 14:52:46+00:00,a1210bd73eb6b20117d4f7ffee0df288b289ddcd,0.5774,0.39171294053918315,-0.18568705946081687,0.31404661386202193,0.8864259038673823,0.2349566674779626,0.6426956128448665,0.6386250565355043,False,
1967,Ateron__Way_of_MagPicaro,2025-03-05 15:31:44+00:00,082fa2411d9bc52ba0c19c7668ba189f0af847dd,0.4304,0.39171294053918315,-0.03868705946081685,0.2384260745108781,0.5367761097218432,0.15933612812681944,0.216644052464948,0.2130257801899593,False,
1968,prithivMLmods__Gauss-Opus-14B-R999,2025-03-05 16:02:56+00:00,ef3c08c1da7ee3860dda2fea4d0421f5fe0f6ede,0.5688,0.39171294053918315,-0.17708705946081682,0.3319853150199272,1.0241925552227755,0.2528953686358679,0.746268656716418,0.777928539122569,False,
1969,aevalone__distill_qw_test,2025-03-05 16:23:18+00:00,2371d7d7218d371197590f68c1755162335799b8,0.49,0.39171294053918315,-0.09828705946081684,0.3135863277859138,0.9267886537977176,0.23449638140185444,0.639981908638625,0.6960651289009498,False,
1970,prithivMLmods__Magellanic-Qwen-25B-R999,2025-03-05 16:27:26+00:00,5f06ca1453a49086ff731f5a3c0152bd4d802ebc,0.2216,0.39171294053918315,0.17011294053918316,0.38031022019277755,1.2323512906471181,0.30122027380871896,0.9850746268656716,0.9787426503844414,False,
1971,allura-org__Mistral-Small-24b-Sertraline-0304,2025-03-05 17:05:00+00:00,13b6ef6d54a1383dfea1f76e5f7efdd430977478,0.5438,0.39171294053918315,-0.1520870594608168,0.28166216188493615,0.7014670770020777,0.2025722155008781,0.44007236544549977,0.39710538218000907,False,
1972,hongbai12__li-0.4-pre,2025-03-05 18:20:55+00:00,f0f7a076d3cf6e679c1abadf62f52fe6363f472f,0.5478,0.39171294053918315,-0.1560870594608168,0.30497250042366825,0.8787215782088224,0.22588255403960844,0.5730438715513342,0.6273179556761647,False,
1973,braindao__DeepSeek-R1-Distill-Qwen-14B,2025-03-05 20:32:34+00:00,b4f0e4bc043582a771fc84823f60892be26c4aa3,0.2986,0.39171294053918315,0.09311294053918318,0.36818607144664034,1.1798033615132284,0.289096125062581,0.9488919041157847,0.9425599276345545,False,
1974,Nexesenex__Dolphin3.0-Llama3.1-1B-abliterated,2025-03-05 21:12:28+00:00,616c196efb3b42bf09b8c8b6b2d74e9eaa58dde6,0.2828,0.39171294053918315,0.10891294053918316,0.3463999126468008,1.0649391901046337,0.2673099662627426,0.8113975576662144,0.8059701492537313,False,
1975,Nexesenex__pankajmathur_orca_mini_v9_6_1B-instruct-Abliterated-LPL,2025-03-05 21:16:18+00:00,01accbfe2dc3d5e5c50b0b468ae644a054acf4cb,0.3248,0.39171294053918315,0.06691294053918317,0.33969058101763133,0.9980836398920756,0.26060063463357375,0.7847127996381728,0.7566711895070104,False,
1976,ontocord__wide_3b_sft_stage1.2-ss1-expert_fictional_lyrical,2025-03-05 23:28:37+00:00,981452b65287cfef052969113285e28c347c85f7,0.2522,0.39171294053918315,0.13951294053918317,0.37213371681767027,1.204920319171666,0.29304377043361124,0.9665309814563546,0.9656264133876075,False,
1977,ontocord__wide_3b_sft_stage1.2-ss1-expert_software,2025-03-05 23:33:59+00:00,790e84bd6f1669ed52bda99d39964c7118df1e25,0.2458,0.39171294053918315,0.14591294053918316,0.3990535691150048,1.3422891624309303,0.3199636227309454,0.9981908638625057,0.9977385798281321,False,
1978,ontocord__wide_3b_sft_stage1.2-ss1-expert_news,2025-03-05 23:36:33+00:00,0456bb94e0f87e8f4c297f9e28da6f94d2f29a91,0.245,0.39171294053918315,0.14671294053918316,0.36230668441023184,1.170944667142752,0.2832167380261733,0.9095431931252826,0.9339665309814563,False,
1979,Nexesenex__Llama_3.2_1b_OrcaSun_V1,2025-03-06 02:32:51+00:00,a0842eb21b1c89aa140dac84f0a05f81de41396f,0.311,0.39171294053918315,0.08071294053918315,0.3309913744132583,0.9868947923550068,0.2519014280292004,0.7394843962008141,0.7480777928539123,False,
1980,Nexesenex__Llama_3.2_1b_SunOrca_V1,2025-03-06 02:41:15+00:00,085562ac2a6fb17a5645301c95bbbd399111321f,0.2996,0.39171294053918315,0.09211294053918317,0.3382829405550423,1.0277932418777573,0.25919299417098407,0.7792853912256897,0.7810945273631841,False,
1981,ontocord__wide_3b_sft_stage1.2-ss1-expert_how-to,2025-03-06 02:54:47+00:00,cb9e96264c8dda6c6def72961f3c939df49ccdc1,0.246,0.39171294053918315,0.14571294053918316,0.37386973931118506,1.240591300964457,0.2947797929271274,0.9710538218000905,0.9828132066938037,False,
1982,ontocord__wide_3b_sft_stage1.2-ss1-expert_formatted_text,2025-03-06 02:58:20+00:00,67fa0b6a140117eedbec11d229f777328772460e,0.2568,0.39171294053918315,0.13491294053918318,0.365690979979474,1.1804391696111047,0.28660103359541517,0.9344188150158299,0.9439167797376753,False,
1983,NikolaSigmoid__AceMath-1.5B-Instruct-dolphin-r1-200,2025-03-06 03:21:31+00:00,8423b57e9ded3abe4d88f4cf8e437d509c785e30,0.2418,0.39171294053918315,0.14991294053918316,0.38463702746713796,1.26795572411023,0.3055470810830798,0.9909543193125283,0.9895974672094076,False,
1984,NikolaSigmoid__AceMath-1.5B-Instruct-1epoch,2025-03-06 03:31:39+00:00,f85322c1c27b5dd277ad467b8141d9d43ef437ac,0.3766,0.39171294053918315,0.015112940539183162,0.33755091534034315,1.04302826915776,0.25846096895628395,0.7747625508819539,0.7937584803256446,False,
1985,DreadPoor__ichor_1.1-8B-Model_Stock,2025-03-06 05:28:41+00:00,76661b7e4d6454e0ff24d1e4b7ad6d845040168e,0.461,0.39171294053918315,-0.06928705946081687,0.2282738523555859,0.49967721664887943,0.1491839059715278,0.13975576662143827,0.14699231117141565,False,
1986,inumulaisk__eval_model,2025-03-06 06:39:29+00:00,9894aae752bc52faecfd14de2e6cf380befd3b07,0.3164,0.39171294053918315,0.07531294053918314,0.3645374647773004,1.1607414086690846,0.2854475183932426,0.9276345545002261,0.9181365897783809,False,
1987,DeepMount00__Qwen2-1.5B-Ita_v2,2025-03-06 07:46:29+00:00,ff61a9f22bb29b766a33cfc882d8c587043bc01b,0.3422,0.39171294053918315,0.04951294053918315,0.31583716542589024,0.8767018430935721,0.2367472190418323,0.6562641338760742,0.623699683401176,False,
1988,necva__IE-cont-Llama3.1-8B,2025-03-06 07:54:32+00:00,22c7f1314392f0bb5398d9b43a39f1c412e38322,0.2466,0.39171294053918315,0.14511294053918314,0.36004435165000453,1.1635176286597586,0.2809544052659461,0.8837630031659882,0.9226594301221167,False,
1989,Qwen__Qwen2.5-Math-1.5B-Instruct,2025-03-06 08:47:11+00:00,628cb0ab446e4f5782f3e3d2ca59265d01dfc83e,0.3258,0.39171294053918315,0.06591294053918317,0.3585116610725299,1.1285384929376951,0.27942171468847093,0.8692899140660335,0.8602442333785617,False,
1990,DeepMount00__Qwen2-1.5B-Ita_v3,2025-03-06 09:07:20+00:00,a8050ff38e7c799b0461104e8c15c24db34e59f1,0.342,0.39171294053918315,0.049712940539183126,0.31531320441804195,0.8692447730134256,0.23622325803398433,0.6521935775667119,0.6142017186793306,False,
1991,NikolaSigmoid__phi-4-1steps,2025-03-06 09:15:42+00:00,035c76586b4c07f1e94c7f56877e314b38aa38b8,0.5326,0.39171294053918315,-0.1408870594608168,0.31402480372976466,0.867201003945904,0.23493485734570585,0.6417910447761194,0.6110357304387155,False,
1992,braindao__Qwen2.5-14B-Instruct,2025-03-06 09:23:58+00:00,9cb2d5c25d32ebeb9d57f4d74b64a5b2676d18fd,0.5804,0.39171294053918315,-0.18868705946081687,0.3311220004034682,0.9958416339968024,0.2520320540194089,0.7399366802351877,0.7548620533695161,False,
1993,braindao__Qwen2.5-14B,2025-03-06 09:37:31+00:00,143287b866b8a0f474282d0d8d123b56eb3c0447,0.5088,0.39171294053918315,-0.11708705946081688,0.2798168368399883,0.7211084171982555,0.2007268904559297,0.4287652645861601,0.4206241519674355,False,
1994,suayptalha__Lix-14B-v0.1,2025-03-06 10:28:13+00:00,bf1321c9f532d8db58119ac122fd7d0637daefea,0.5948,0.39171294053918315,-0.20308705946081684,0.3276990669252561,0.9540072533440934,0.24860912054119785,0.7191316146540027,0.7195838986883764,False,
1995,Lunzima__NQLSG-Qwen2.5-14B-MegaFusion-v8.9,2025-03-06 11:00:19+00:00,37368c4010f2224be7108265f66d9d74da2ae9b1,0.5848,0.39171294053918315,-0.19308705946081683,0.33026024192785514,0.9760673170555705,0.2511702955437964,0.7367706919945726,0.7354138398914518,False,
1996,LeroyDyer___Spydaz_Web_AI_AGI_R1_Math_Student,2025-03-06 12:09:56+00:00,b0354b1b08cb4757fe04c2c3ed89d32ce10f4780,0.415,0.39171294053918315,-0.023287059460816828,0.24244899322515362,0.5485083172711491,0.16335904684109506,0.24061510628674807,0.22749886928991406,False,
1997,ontocord__wide_3b_sft_stage1.1-ss1-with_math.no_issue,2025-03-06 12:18:45+00:00,c81e80ea9dc9eb514e3af0e41fab43c9552286be,0.259,0.39171294053918315,0.13271294053918314,0.3883939966057957,1.2988213282592909,0.30930405022173724,0.994572591587517,0.9950248756218906,False,
1998,ontocord__wide_3b_sft_stage1.2-ss1-expert_math,2025-03-06 12:23:40+00:00,4b21762400243caa49b82e1e4d96418c802b94e5,0.2558,0.39171294053918315,0.13591294053918312,0.36809425602076856,1.2030392028796988,0.2890043096367092,0.9484396200814111,0.9642695612844867,False,
1999,ontocord__wide_3b_sft_stage1.1-ss1-with_generics_math.no_issue,2025-03-06 12:27:38+00:00,cc05564ca28d3a149b2a56db85400f4ab58fb8a3,0.2492,0.39171294053918315,0.14251294053918315,0.37843810048443177,1.2462865288509004,0.29934815410037385,0.9828132066938037,0.9855269109000452,False,
2000,ontocord__wide_3b_sft_stage1.1-ss1-with_generics_intr_stories.no_issue,2025-03-06 12:43:41+00:00,37b9fde6234eccbd60437e745a00d76c53658a3d,0.25,0.39171294053918315,0.14171294053918315,0.3760441751370274,1.2444139156664153,0.29695422875296945,0.9764812302125735,0.984622342831298,False,
2001,ontocord__wide_3b_sft_stage1.1-ss1-with_generics_intr.no_issue,2025-03-06 12:48:05+00:00,f1ccc394eec44c129c505fa36e2fc6667ad84ff9,0.2592,0.39171294053918315,0.13251294053918317,0.3833992818143117,1.2866815649486358,0.30430933543025357,0.9886928991406604,0.9936680235187698,False,
2002,ontocord__wide_3b_sft_stage1.1-ss1-with_generics_intr_math.no_issue,2025-03-06 12:56:41+00:00,bdec97f746660cf66d9b227ca7d1b1aa1745ae18,0.2446,0.39171294053918315,0.14711294053918314,0.3953230203987477,1.3209148426196444,0.3162330740146902,0.9968340117593849,0.9968340117593849,False,
2003,ontocord__wide_3b_sft_stage1.1-ss1-no_redteam_skg_poem.no_issue,2025-03-06 13:00:41+00:00,1f36f5742a222d9383bc54f8e83622a13254453e,0.2622,0.39171294053918315,0.12951294053918316,0.387603904230526,1.3064149533821896,0.3085139578464669,0.9932157394843962,0.9959294436906377,False,
2004,ontocord__wide_3b-merge_test,2025-03-06 13:04:54+00:00,b5bc2512d95de21e7bd6c2644e62bb2342d34957,0.2462,0.39171294053918315,0.14551294053918315,0.37350399223820674,1.2079393054417504,0.29441404585414843,0.968340117593849,0.9674355495251018,False,
2005,ontocord__wide_3b_sft_stag1.2-lyrical_news_software_howto_formattedtext-merge,2025-03-06 13:34:29+00:00,17d2debdd09ab66c2414aa849d6f1bc1a0da03dd,0.2516,0.39171294053918315,0.14011294053918316,0.3680590574886079,1.1813221039048971,0.2889691111045492,0.947535052012664,0.9457259158751696,False,
2006,braindao__DeepSeek-R1-Distill-Qwen-14B-Blunt-Uncensored,2025-03-06 14:15:40+00:00,475ce3092fd61694662d9518691d1940fafa8c98,0.3136,0.39171294053918315,0.07811294053918316,0.3533616782750502,1.1167720285018194,0.27427173189099147,0.8326549072817729,0.8403437358661239,False,
2007,Ateron__Glowing-Forest-12B,2025-03-06 15:03:50+00:00,5bf5d8da04c6a70b3fa00dfe2a2b8f6ae07a0557,0.4504,0.39171294053918315,-0.05868705946081687,0.23275054609252643,0.513536726208367,0.1536605997084678,0.17503392130257803,0.1723202170963365,False,
2008,duyhv1411__Llama-3.2-3B-en-vi,2025-03-06 15:14:51+00:00,c6c4d1da70dd47d6458eaf42d16993a92c9ea66e,0.286,0.39171294053918315,0.10571294053918318,0.34761391352891335,1.0737418404214718,0.2685239671448557,0.8168249660786974,0.8127544097693351,False,
2009,duyhv1411__Llama-3.2-1B-en-vi,2025-03-06 15:19:24+00:00,e4f002937ad238275c365b80210cdd56584a71d5,0.2888,0.39171294053918315,0.10291294053918315,0.35120926564358995,1.0898892344033249,0.27211931925953214,0.8267752148349163,0.8227046585255541,False,
2010,DreadPoor__H_the_eighth-8B-LINEAR,2025-03-06 15:42:26+00:00,8ab78fbcf27919a5d5d6d471428fa9b6deb82086,0.4688,0.39171294053918315,-0.07708705946081684,0.23093563005097908,0.5120500344602439,0.15184568366692075,0.16056083220262324,0.16870194482134782,False,
2011,DreadPoor__Rusted_Platinum-8B-Model_Stock,2025-03-06 20:43:30+00:00,cffc16e6ebdad87c0182a295b9df4c6d43e15c81,0.4168,0.39171294053918315,-0.025087059460816852,0.22043734013776034,0.4582515565154818,0.14134739375370106,0.07055630936227951,0.04251469923111714,False,
2012,yasserrmd__Text2SQL-1.5B,2025-03-06 21:02:19+00:00,f406840067f76a8a825c3f7c45abeb7936ce5c46,0.3242,0.39171294053918315,0.06751294053918316,0.3078464367358886,0.8599390841953318,0.22875649035182866,0.5997286295793759,0.5983717774762551,False,
2013,DreadPoor__Rusted_Platinum-8B-LINEAR,2025-03-06 22:38:58+00:00,beac4ebab0ab2ae4bc3449e564b0359a2e1878b1,0.4566,0.39171294053918315,-0.06488705946081685,0.22150258737026765,0.47293539239938975,0.14241264098620915,0.08276797829036635,0.0877431026684758,False,
2014,qingy2024__QwEnlarge-16B-Instruct,2025-03-07 00:57:58+00:00,62aca2196d9a4664e3934d47601cc720673d2f60,0.5432,0.39171294053918315,-0.15148705946081686,0.32452382751249137,0.9351889760707922,0.24543388112843195,0.7060153776571687,0.7051108095884215,False,
2015,OpenGenerativeAI__Bifrost,2025-03-07 01:06:17+00:00,f72a6c44f9a19af49dbdb50dbbcd393f3c2bb842,0.5684,0.39171294053918315,-0.17668705946081686,0.3120762359388278,0.8402982743416598,0.2329862895547698,0.6309362279511533,0.5671641791044776,False,
2016,marcuscedricridia__Hush-Qwen2.5-7B-Preview,2025-03-07 02:14:22+00:00,666bf09f11f0ef2cfaa3ef4fd6af9828aad137b3,0.4908,0.39171294053918315,-0.09908705946081686,0.29360781307515993,0.8109686946371895,0.21451786669110115,0.5146992311171416,0.5341474445952058,False,
2017,NikolaSigmoid__phi-4-300steps,2025-03-07 03:38:42+00:00,1b3ad6d283483b39b85e941c8a868fbee546bbde,0.532,0.39171294053918315,-0.14028705946081688,0.31443706588280435,0.8704328700086966,0.23534711949874526,0.6467661691542289,0.6155585707824514,False,
2018,DreadPoor__inexpertus-8B-Model_Stock,2025-03-07 04:36:50+00:00,cb247460c708c7df6321c2765e7cd55f1022e5da,0.457,0.39171294053918315,-0.06528705946081687,0.23244862325605278,0.5202370842465557,0.15335867687199425,0.1718679330619629,0.18362731795567616,False,
2019,Lunzima__NQLSG-Qwen2.5-14B-MegaFusion-v9,2025-03-07 04:56:49+00:00,74b9adef6e7a711a3ecd58ea406ce8a2e0cde6d8,0.5738,0.39171294053918315,-0.18208705946081682,0.32434081703736634,0.9291259984213391,0.245250870653307,0.7051108095884215,0.6983265490728178,False,
2020,LeroyDyer___Spydaz_Web_AI_AGI_R1_Math_Teacher,2025-03-07 07:16:37+00:00,b5a35fc5a8c8189bd0934347108bae63f21ad8a2,0.4072,0.39171294053918315,-0.015487059460816854,0.23726141651473795,0.5411157605868292,0.15817147013067953,0.20850293984622342,0.22071460877431026,False,
2021,Lunzima__NQLSG-Qwen2.5-14B-MegaFusion-v9-stock,2025-03-07 07:26:36+00:00,67f517d8f8625bfa3baed95a8b70c2f41198dd57,0.5804,0.39171294053918315,-0.18868705946081687,0.3231030261268907,0.9150878386366877,0.24401307974283126,0.696969696969697,0.6847580280416101,False,
2022,TIGER-Lab__Qwen2.5-Math-7B-CFT,2025-03-07 07:37:25+00:00,b753b5a347aecc738eb85f68c2d95ea925949b76,0.4314,0.39171294053918315,-0.039687059460816854,0.33901999445907016,1.0713030722718584,0.2599300480750113,0.7815468113975577,0.8100407055630936,False,
2023,AicoresSecurity__Cybernet-Sec-3B-R1-V1,2025-03-07 07:38:52+00:00,a7b824a06e28e814c704061bd2430121f635779f,0.3706,0.39171294053918315,0.021112940539183167,0.2760126644606689,0.7066660078661736,0.19692271807660885,0.40298507462686567,0.4025327905924921,False,
2024,DoppelReflEx__MiniusLight-24B-v1d-test,2025-03-07 08:10:58+00:00,8bd89e174da796f5cd80ab212a4318e767998734,0.56,0.39171294053918315,-0.1682870594608169,0.29236219148959997,0.7679307035433406,0.2132722451055418,0.5056535504296699,0.48032564450474896,False,
2025,prithivMLmods__Viper-Coder-v1.7-Vsm6,2025-03-07 08:12:12+00:00,b8d152c8ca9303e89f1b06a25b18343a9e07a3b2,0.5704,0.39171294053918315,-0.17868705946081687,0.32591098744170754,0.9442596976092574,0.24682104105764757,0.7123473541383989,0.7141564902758932,False,
2026,TIGER-Lab__AceCodeRM-7B,2025-03-07 08:30:53+00:00,61336abe6ef35cbbacd244344648aabc3f28a5c1,0.4446,0.39171294053918315,-0.05288705946081684,0.2862011647812444,0.7754570469434438,0.2071112183971858,0.4730890999547716,0.4920850293984622,False,
2027,TIGER-Lab__AceCoder-Qwen2.5-7B-Ins-Rule,2025-03-07 08:42:50+00:00,10ecf7a33b38f277e4a109390e141ff53d069589,0.5012,0.39171294053918315,-0.10948705946081683,0.31384818564794065,0.9197629609576327,0.23475823926388165,0.6408864767073722,0.6888285843509724,False,
2028,TIGER-Lab__AceCoder-Qwen2.5-Coder-7B-Ins-Rule,2025-03-07 08:50:56+00:00,a70446ae6fd7dcadf4f30f4345dd729166fb1f9d,0.46,0.39171294053918315,-0.06828705946081687,0.29210338288084253,0.8139078741986601,0.21301343649678312,0.5038444142921755,0.5364088647670737,False,
2029,TIGER-Lab__AceCoder-Qwen2.5-Coder-7B-Base-Rule,2025-03-07 08:59:55+00:00,8275e0b1b80e9f7c9f82417affd3ddcae7f4f430,0.4104,0.39171294053918315,-0.018687059460816835,0.2611983469798453,0.6452427898184686,0.18210840059578598,0.3441881501582994,0.34237901402080506,False,
2030,KingNish__qwen-1b-continued,2025-03-07 09:37:54+00:00,65de5b6738b9ea2da153cdd77d5c83c9ec264435,0.2528,0.39171294053918315,0.13891294053918313,0.35156308661058294,1.0744764305679007,0.2724731402265256,0.8276797829036635,0.8132066938037087,False,
2031,iFaz__llama32_3B_en_emo_300_stp,2025-03-07 10:26:10+00:00,1fa8b7de4f325405d2bfc4eaec5b6c13387b05a9,0.3976,0.39171294053918315,-0.005887059460816857,0.2823382912232844,0.7305393791527894,0.2032483448392253,0.4473089099954772,0.433288104929896,False,
2032,KingNish__Reasoning-0.5b,2025-03-07 11:06:30+00:00,8ff6b3816c78e27dd25bd74e8efaa30d969fd788,0.2782,0.39171294053918315,0.11351294053918315,0.33932323505571454,1.0233006796103885,0.26023328867165524,0.7824513794663048,0.7770239710538218,False,
2033,lars1234__Mistral-Small-24B-Instruct-2501-writer,2025-03-07 11:12:44+00:00,3525129c19bca4b918cfd415947cac794848d605,0.5804,0.39171294053918315,-0.18868705946081687,0.29640841268160045,0.8036203592522309,0.21731846629754153,0.5287200361827228,0.5260063319764813,False,
2034,iFaz__llama32_3B_en_emo_2000_stp,2025-03-07 12:22:45+00:00,f15763ef4b25a28cf68214feb418358525324e09,0.4,0.39171294053918315,-0.00828705946081687,0.2809476351301168,0.7257289724665612,0.20185768874605736,0.43509724106739034,0.425599276345545,False,
2035,KingNish__qwen-1b-continued-v2,2025-03-07 13:32:04+00:00,12afea4c1dd38d439af75f3535660d97b8ca099a,0.2514,0.39171294053918315,0.14031294053918314,0.34266339002851387,1.0433245438607721,0.2635734436444555,0.7937584803256446,0.7946630483943917,False,
2036,DreadPoor__Minus_Penus-8B-Model_Stock,2025-03-07 16:10:07+00:00,351a97eb3d7909994467056cab567afeb2d2bd31,0.4642,0.39171294053918315,-0.07248705946081685,0.23468697461700172,0.5238182994058038,0.15559702823294352,0.19131614654002713,0.1890547263681592,False,
2037,OpenGenerativeAI__Bifrost-14B,2025-03-07 16:33:56+00:00,3b7066ff83ffdef8e233ee747cb465d65868ed23,0.5708,0.39171294053918315,-0.17908705946081682,0.3089750363979085,0.8125998105690271,0.22988509001385046,0.6101311623699683,0.5355042966983266,False,
2038,tensopolis__qwen2.5-7b-tensopolis-v2,2025-03-07 16:43:03+00:00,5689eb60cda00b4cff785155bfad28d5e3f7f85d,0.4986,0.39171294053918315,-0.10688705946081684,0.3159120829263715,0.9317350585303514,0.23682213654231205,0.6567164179104478,0.7014925373134329,False,
2039,stupidity-ai__Llama-3-8B-Instruct-MultiMoose,2025-03-07 18:28:37+00:00,b5a2001696b8d3bf7130448896fdd27d758a329c,0.235,0.39171294053918315,0.15671294053918317,0.368780121688384,1.1921145895992076,0.28969017530432595,0.9543193125282677,0.9597467209407508,False,
2040,DreadPoor__Rusted_Gold-8B-LINEAR,2025-03-07 18:29:36+00:00,8ae98afd0611b80ff8f39196583cd6399cfc6d6b,0.466,0.39171294053918315,-0.07428705946081687,0.23114398123902824,0.5100487497957371,0.15205403485496993,0.1628222523744912,0.16417910447761194,False,
2041,Qwen__QwQ-32B,2025-03-07 19:01:29+00:00,f36d8ad0cb60bc065d23c0f23a621b02440efdc9,0.2928,0.39171294053918315,0.09891294053918315,0.35876952741819046,1.1514168221151737,0.27967958103413215,0.8724559023066486,0.905924920850294,False,
2042,LeroyDyer___Spydaz_Web_AI_AGI_R1_Math_AdvancedStudent,2025-03-07 19:33:57+00:00,3c46eaabe829631362d6f87db7a13c3e8cb655e4,0.4182,0.39171294053918315,-0.026487059460816864,0.24073574476914658,0.5410501502262938,0.1616457983850884,0.22704658525554047,0.22026232473993668,False,
2043,DreadPoor__inexpertus_1.1-8B-LINEAR,2025-03-07 19:46:06+00:00,eaa510398911db4c00e97735d1756da248b6ab57,0.472,0.39171294053918315,-0.08028705946081682,0.22782415844591547,0.4958968078538189,0.14873421206185708,0.13704206241519673,0.13975576662143827,False,
2044,AicoresSecurity__Cybernet-Sec-3B-R1-V1.1,2025-03-07 20:20:01+00:00,923aac207aa193e037a5136d6b77507297ca774a,0.388,0.39171294053918315,0.0037129405391831405,0.2896165363463298,0.7726363960301501,0.21052658996226972,0.49118046132971505,0.48846675712347354,False,
2045,LeroyDyer___Spydaz_Web_AI_AGI_R1_OmG_Math,2025-03-07 20:25:39+00:00,ccdaeed58fd2ba66ebae465cb2588d9ce1fcf532,0.3842,0.39171294053918315,0.007512940539183166,0.24138032751767965,0.5595589249076183,0.1622903811336213,0.23337856173677068,0.24468566259611035,False,
2046,mrdayl__OpenCognito,2025-03-07 21:13:03+00:00,e160c23e525b160e4539782eab4384af8c96486a,0.405,0.39171294053918315,-0.013287059460816875,0.2906507564871784,0.7862147926422247,0.2115608101031195,0.4970601537765717,0.506558118498417,False,
2047,Dans-DiscountModels__12b-mn-dans-reasoning-test-2,2025-03-07 23:17:51+00:00,c69976f2ec033f17880e23507b4b4f1b6dad2945,0.3826,0.39171294053918315,0.009112940539183156,0.2522560502965292,0.5939519710817682,0.17316610391246998,0.29805517865219355,0.29262777023971054,False,
2048,EpistemeAI__ReasoningCore-1.0-3B-Instruct-r01-Reflect-Math,2025-03-08 01:11:09+00:00,28ddbac1adaaf3e3f7b0ee37467e143556f081a7,0.3728,0.39171294053918315,0.018912940539183132,0.29407537061682604,0.787397676991139,0.2149854242327664,0.5178652193577566,0.508819538670285,False,
2049,DreadPoor__inexpertus_1.2-8B-LINEAR,2025-03-08 03:04:58+00:00,89fa1efbf7e1d8f6e345d17a2ff8bc38f2e3f8b8,0.4694,0.39171294053918315,-0.07768705946081683,0.223465337112677,0.4811120795650436,0.14437539072861802,0.10764360018091361,0.11397557666214382,False,
2050,Amu__t1-1.5B,2025-03-08 04:40:04+00:00,49f2e1f63995996d13d4bf3e337a00dfe4f96aad,0.3212,0.39171294053918315,0.07051294053918317,0.30193162287935504,0.8318814678148556,0.2228416764952952,0.5572139303482587,0.5576662143826323,False,
2051,LeroyDyer___Spydaz_Web_AI_AGI_R1_OmG_MathMaster,2025-03-08 05:45:31+00:00,ea460a12b9396627f7f9c1e5d3fb6a18b4896c29,0.3956,0.39171294053918315,-0.003887059460816855,0.2436450649767949,0.566499969509286,0.16455511859273667,0.24785165083672547,0.25780189959294436,False,
2052,prithivMLmods__Sombrero-Opus-14B-Sm2,2025-03-08 06:16:01+00:00,1238cde613d8d8a0c0d616ccd1223e21723fd4cb,0.5854,0.39171294053918315,-0.19368705946081688,0.32399322436997513,0.941261740860133,0.24490327798591552,0.7028493894165536,0.7118950701040253,False,
2053,prithivMLmods__Sombrero-Opus-14B-Sm5,2025-03-08 06:16:15+00:00,e671c92236484e511592c5633090744a716ce07a,0.5808,0.39171294053918315,-0.18908705946081683,0.3226590566447223,0.9073035996485532,0.24356911026066358,0.6942559927634554,0.6766169154228856,False,
2054,prithivMLmods__Sombrero-Opus-14B-Sm1,2025-03-08 06:27:37+00:00,e1a917c30b9e670de3e831babfc250313eed1622,0.5744,0.39171294053918315,-0.18268705946081687,0.3359841837991153,1.0335218277281146,0.256894237415056,0.7684305744007237,0.7851650836725463,False,
2055,marcuscedricridia__Yell-Qwen2.5-7B-Preview,2025-03-08 07:51:32+00:00,dd65e94a786091b5e182cd7df1f4b6cfb6892efe,0.4484,0.39171294053918315,-0.05668705946081687,0.24704096500314668,0.5929479585760635,0.16795101861908707,0.2736318407960199,0.2908186341022162,False,
2056,tinycompany__ShawtyIsBad-bgem3,2025-03-08 08:33:00+00:00,77628c3617d6cbf69ed1463fef3e35c77a4f286f,0.3184,0.39171294053918315,0.07331294053918314,0.3136338460356764,0.911138018208006,0.2345438996516184,0.6404341926729986,0.681592039800995,False,
2057,tinycompany__ShawtyIsBad-ib,2025-03-08 08:37:11+00:00,53da1a923d69af3022631cf292e12d53716bbd60,0.3168,0.39171294053918315,0.07491294053918313,0.3109356219265703,0.8969851589390908,0.23184567554251204,0.6241519674355496,0.663048394391678,False,
2058,tinycompany__ShawtyIsBad-e5-large,2025-03-08 08:45:35+00:00,5590bfcaf82772a1a55b61609f0ca2aa5ef52401,0.318,0.39171294053918315,0.07371294053918315,0.3131561561728316,0.9049002917441054,0.23406620978877327,0.6395296246042514,0.6734509271822705,False,
2059,marcuscedricridia__Yell-Qwen2.5-7B-Preview-v1.1,2025-03-08 08:51:50+00:00,932a71844d5d1b420837425b93461d94c98f5241,0.447,0.39171294053918315,-0.055287059460816856,0.24880948671307082,0.598876503931551,0.16971954032901143,0.2831298055178652,0.29941203075531436,False,
2060,prithivMLmods__Sombrero-Opus-14B-Sm4,2025-03-08 09:01:30+00:00,6d155b953a511fb8a715111d2c04d2eb2b219b7e,0.5814,0.39171294053918315,-0.18968705946081688,0.3220396633548427,0.9368561470489599,0.24294971697078394,0.6919945725915875,0.7069199457259159,False,
2061,KingNish__qwen-1b-continued-v2.1,2025-03-08 10:12:53+00:00,e3521ff5367023012eaf4e5c4a5d5ed0fa558e01,0.257,0.39171294053918315,0.13471294053918315,0.3461512981199886,1.0579526076062613,0.2670613517359318,0.8086838534599728,0.8032564450474898,False,
2062,tinycompany__SigmaBoi-bgem3,2025-03-08 10:36:43+00:00,bf1bbc160d3974450d2ce4667b88cbe405bf21e7,0.3578,0.39171294053918315,0.033912940539183145,0.2931243638963346,0.8162192936023889,0.21403441751227598,0.5101763907734057,0.5409317051108096,False,
2063,LeroyDyer___Spydaz_Web_AI_AGI_R1_OmG_002,2025-03-08 10:44:30+00:00,2e3a48ad33d0cbb2d7f0405adbf6b1e8018de5c8,0.3832,0.39171294053918315,0.008512940539183167,0.24335645090025396,0.5611459405687705,0.16426650451619534,0.2464947987336047,0.2473993668023519,False,
2064,tinycompany__SigmaBoi-bge-m3,2025-03-08 12:16:53+00:00,658fe54cc335ce95d8cec17e16e16c00e43d58dd,0.3578,0.39171294053918315,0.033912940539183145,0.2931243638963346,0.8162192936023889,0.21403441751227598,0.5101763907734057,0.5409317051108096,False,
2065,tinycompany__SigmaBoi-ib,2025-03-08 12:21:12+00:00,d8cbab7250ef17ea767d724de39abf3929105e7c,0.3574,0.39171294053918315,0.03431294053918316,0.2906743169979924,0.8056303869101696,0.2115843706139337,0.4975124378109453,0.5291723202170964,False,
2066,iFaz__llama32_3B_en_emo_5000_stp,2025-03-08 13:11:40+00:00,435bc1f29f5f6e6ea07d7752a22512ea26dd03da,0.3916,0.39171294053918315,0.00011294053918314839,0.2731029513834887,0.7009244872477808,0.1940130049994296,0.386250565355043,0.3966530981456355,False,
2067,iFaz__llama32_3B_en_emo_1000_stp,2025-03-08 13:18:52+00:00,a8a12d37adc8c2d543c5fc89c893bb2cf080d308,0.397,0.39171294053918315,-0.0052870594608168675,0.2820336774279845,0.7306110151838606,0.2029437310439251,0.4427860696517413,0.4337403889642696,False,
2068,marcuscedricridia__Hush-Qwen2.5-7B-v1.1,2025-03-08 14:26:27+00:00,da6d3bf19057257d14c9fcfa948c726231342012,0.497,0.39171294053918315,-0.10528705946081685,0.3043481804616225,0.8657979141292177,0.22525823407756357,0.5671641791044776,0.6092265943012212,False,
2069,tensopolis__falcon3-10b-tensopolis-v2,2025-03-08 15:09:05+00:00,803d74b57bb729e0d18840a07927bd7524c0dd1d,0.5234,0.39171294053918315,-0.13168705946081682,0.28568538275777666,0.7418527039797669,0.2065954363737183,0.4685662596110357,0.4468566259611036,False,
2070,Cran-May__merge_model_20250308_2,2025-03-08 15:11:07+00:00,6b11a54a3d320147e5455ac08fc772bc2f386a0a,0.5772,0.39171294053918315,-0.1854870594608169,0.3202651138275683,0.9109383749155108,0.2411751674435092,0.6811397557666214,0.6811397557666214,False,
2071,Cran-May__merge_model_20250308_3,2025-03-08 15:15:33+00:00,a663a2c3a74545021ce8d92308975cc5f942efc0,0.5246,0.39171294053918315,-0.1328870594608168,0.29335322476028525,0.7744107108280079,0.2142632783762268,0.5124378109452736,0.4902758932609679,False,
2072,Cran-May__merge_model_20250308_4,2025-03-08 15:21:45+00:00,793e70b8bb6684f60ca7b3aa91bbcd5b183afe75,0.573,0.39171294053918315,-0.1812870594608168,0.31639449601926084,0.8935754114880526,0.23730454963520137,0.6589778380823157,0.6562641338760742,False,
2073,Cran-May__tempmotacilla-cinerea-0308,2025-03-08 15:27:38+00:00,b863392e110d04b50a598662742898acb9696df5,0.5958,0.39171294053918315,-0.20408705946081684,0.3366778864139842,1.0106506104165023,0.25758794002992486,0.7720488466757124,0.7693351424694709,False,
2074,tinycompany__SigmaBoi-nomic1.5,2025-03-08 15:34:56+00:00,680c83da2f860abc8c28558775eee27ec07f333e,0.3616,0.39171294053918315,0.030112940539183175,0.2907984782802848,0.8035851523901011,0.21170853189622618,0.49796472184531887,0.5251017639077341,False,
2075,utkmst__chimera-beta-test2-lora-merged,2025-03-08 16:58:32+00:00,9454c39a7ffa2c78c85f25134b32b1f1730ecad0,0.4138,0.39171294053918315,-0.02208705946081685,0.2624312571644916,0.6261793757364112,0.183341310780433,0.35052012663952964,0.32338308457711445,False,
2076,tinycompany__ShawtyIsBad-nomic1.5,2025-03-08 17:51:16+00:00,f8f016d38ed5cb4abbe19a59069dd15eca4f8202,0.3154,0.39171294053918315,0.07631294053918314,0.3113379637228894,0.8984267627903242,0.2322480173388311,0.6264133876074175,0.6666666666666666,False,
2077,tinycompany__SigmaBoi-nomic1.5-fp32,2025-03-08 18:02:16+00:00,f1eac051e298f5f488555488b9491088b73b3783,0.3616,0.39171294053918315,0.030112940539183175,0.2907984782802848,0.8035851523901011,0.21170853189622618,0.49796472184531887,0.5251017639077341,False,
2078,marcuscedricridia__Hush-Qwen2.5-7B-v1.4,2025-03-08 18:27:11+00:00,7bc3ddb877f321499637cde5d04c6afc7d4cace0,0.5004,0.39171294053918315,-0.1086870594608168,0.30586021172435746,0.8730863266554736,0.2267702653402981,0.5811849841700588,0.61917684305744,False,
2079,marcuscedricridia__Hush-Qwen2.5-7B-v1.2,2025-03-08 18:31:20+00:00,58f11b18af144db1232e25966ca3539363e093a6,0.5012,0.39171294053918315,-0.10948705946081683,0.3060921852254704,0.8769262185963298,0.2270022388414114,0.5829941203075532,0.6241519674355496,False,
2080,marcuscedricridia__Hush-Qwen2.5-7B-v1.3,2025-03-08 18:53:54+00:00,3f973b3f51e5045c95a40c6414762027e73d65b8,0.4834,0.39171294053918315,-0.09168705946081684,0.28355102353239015,0.761219566205727,0.20446107714833167,0.45454545454545453,0.4703753957485301,False,
2081,lkoenig__BBAI_7B_QwenDyanKoenLo,2025-03-08 19:58:01+00:00,030540e64d7667fb5fdb50daeb6cb448fe14d1b3,0.4838,0.39171294053918315,-0.09208705946081686,0.2843774702520124,0.7769802298971944,0.2052875238679535,0.4599728629579376,0.49389416553595655,False,
2082,lkoenig__BBAI_7B_KoenQwenDyan,2025-03-08 20:01:54+00:00,3d154ad57e5ae62d72a1e90e3a94b8b228452d27,0.4948,0.39171294053918315,-0.10308705946081687,0.29145070224368613,0.7984034195074267,0.21236075585962805,0.5015829941203076,0.519674355495251,False,
2083,mrdayl__OpenCognito-r1,2025-03-08 20:35:30+00:00,300caf2b637a3d91ed0a1900176535330770180e,0.3982,0.39171294053918315,-0.006487059460816846,0.28780695084643143,0.7688126825907046,0.20871700446237204,0.4816824966078697,0.48123021257349613,False,
2084,sthenno__tempestissimo-14b-0309,2025-03-08 21:24:40+00:00,2f5cca4fc7ecff97aeb91671aab5de801a6cbb3c,0.5858,0.39171294053918315,-0.19408705946081684,0.3264424299487898,0.9496769155397289,0.24735248356473122,0.7141564902758932,0.7164179104477612,False,
2085,sthenno__tempesthenno-sft-0309-ckpt10,2025-03-08 21:35:50+00:00,9b2ce3f0b5b4ce3f423cc1debf56b92a586b35e1,0.5846,0.39171294053918315,-0.19288705946081686,0.3222065377481267,0.9294114861541604,0.24311659136406824,0.6928991406603346,0.6987788331071914,False,
2086,sthenno__tempesthenno-fusion-0309,2025-03-08 23:36:45+00:00,ab7236bf99c0792c15b927c103c11580ccb77400,0.5864,0.39171294053918315,-0.19468705946081688,0.3248893837770865,0.9398012309339103,0.24579943739302804,0.7073722297602895,0.7105382180009046,False,
2087,DoppelReflEx__MN-12B-Mimicore-Nocturne,2025-03-09 01:56:12+00:00,8d6b01441d667be1a882bd37db00b974c0685ab9,0.458,0.39171294053918315,-0.06628705946081687,0.23500587520440136,0.5234689662256979,0.1559159288203423,0.1931252826775215,0.18769787426503845,False,
2088,Daemontatox__Llama_cot,2025-03-09 04:46:24+00:00,f9da5bea74d0e8b3cf8953d71bdd02a5e6aef162,0.425,0.39171294053918315,-0.03328705946081684,0.2749249375878239,0.7018506706697509,0.19583499120376427,0.3989145183175034,0.39755766621438265,False,
2089,KingNish__qwen-1b-continued-v2.2,2025-03-09 05:05:29+00:00,7846415d7ca15457e0aa2d269261bdcabba8b2c1,0.2542,0.39171294053918315,0.13751294053918317,0.3457440946335548,1.0533672516047932,0.26665414824949724,0.8068747173224785,0.7996381727725012,False,
2090,Novaciano__BLAST_PROCESSING-3.2-1B,2025-03-09 08:59:06+00:00,baf4095867db6bac7094230421445c2a04314178,0.3024,0.39171294053918315,0.08931294053918315,0.33159015850737517,0.9806841930727591,0.2525002121233167,0.7421981004070556,0.7412935323383084,False,
2091,Novaciano__HarmfulProject-3.2-1B,2025-03-09 09:03:44+00:00,8aebf07b2e5bbe1caae3be73630e649c096fb441,0.2832,0.39171294053918315,0.10851294053918314,0.33992927207667295,1.035975078738189,0.26083932569261553,0.7851650836725463,0.7874265038444143,False,
2092,marcuscedricridia__Hush-Qwen2.5-7B-MST,2025-03-09 12:03:08+00:00,2f6030fe48c5da6a08ba69f0b4f4d0d8788c1e76,0.4976,0.39171294053918315,-0.10588705946081683,0.3111267201564866,0.886937245197578,0.23203677377242707,0.6259611035730439,0.6413387607417458,False,
2093,marcuscedricridia__Hush-Qwen2.5-7B-MST-v1.1,2025-03-09 12:06:20+00:00,cdf78a065460b6caba20dcc27a71c97f52eaa445,0.5082,0.39171294053918315,-0.11648705946081683,0.3156180560934421,0.9107472445192784,0.23652810970938298,0.6530981456354591,0.6802351876978743,False,
2094,marcuscedricridia__Hush-Qwen2.5-7B-MST-v1.3,2025-03-09 12:51:38+00:00,49a401e1016aed39b8bebf3a199ffa87f6fbc0b4,0.5062,0.39171294053918315,-0.11448705946081683,0.30191235405983957,0.8685269137793322,0.22282240767578018,0.5567616463138851,0.6132971506105834,False,
2095,Quazim0t0__Imagine-v0.5-16bit,2025-03-09 13:07:35+00:00,a364c49cf0194d8769ade3b0a6083a1164a7a5d0,0.521,0.39171294053918315,-0.12928705946081687,0.2866753690883705,0.7437271847150025,0.2075854227043129,0.47535052012663953,0.44866576209859793,False,
2096,ECE-ILAB-PRYMMAL__ILAB-Merging-3B-V2,2025-03-09 13:30:28+00:00,ac2528bb192247d3eeb6aab2d177833590efa997,0.447,0.39171294053918315,-0.055287059460816856,0.2503841116249641,0.596333266195005,0.17129416524090502,0.29217548620533695,0.2966983265490728,False,
2097,tinycompany__ShawtyIsBad-nomic-moe,2025-03-09 14:43:39+00:00,29b4e042f5559ff24cb7eabdd556cdccf60cbeb2,0.318,0.39171294053918315,0.07371294053918315,0.31435829211234817,0.9107872680443219,0.23526834572828967,0.6449570330167345,0.6806874717322479,False,
2098,marcuscedricridia__Qwen2.5-7B-Preview,2025-03-09 15:22:36+00:00,7650d0963255b0d4fc8a5b627f01d0c524140b48,0.4876,0.39171294053918315,-0.09588705946081683,0.29829654156198926,0.8306126845638,0.2192065951779305,0.5382180009045681,0.5563093622795116,False,
2099,YOYO-AI__Qwen2.5-14B-it-restore,2025-03-09 15:56:42+00:00,91fc39b67116693a2eefa772be89acaa9714c598,0.577,0.39171294053918315,-0.1852870594608168,0.3285585449129516,0.9691119507350617,0.24946859852889247,0.723202170963365,0.7299864314789688,False,
2100,Quazim0t0__Imbue-14b,2025-03-09 15:59:10+00:00,8f952c504159aec9277eb55d7f9a9624ff103b56,0.5896,0.39171294053918315,-0.19788705946081686,0.34197386138907593,1.0326572605305016,0.26288391500501745,0.7910447761194029,0.7842605156037992,False,
2101,Quazim0t0__Lo-Phi-14b,2025-03-09 16:24:54+00:00,a2defa0dc3d7b5b9d8fba8e5f0b0f16f1cf64716,0.5892,0.39171294053918315,-0.1974870594608168,0.33950723793092313,1.0229538494280546,0.2604172915468644,0.7838082315694256,0.7765716870194482,False,
2102,Quazim0t0__Dyson-14b,2025-03-09 16:47:07+00:00,de5f8e58b5dda215eabc0faa9594afb3ef0ab0e8,0.5998,0.39171294053918315,-0.20808705946081685,0.3445880337521354,1.042809064835017,0.26549808736807723,0.8000904568068747,0.7928539122568974,False,
2103,tinycompany__SigmaBoi-nomic-moe,2025-03-09 18:31:07+00:00,26c3d51d2a4501067e1d7d65ebbf2cddb121ab41,0.3572,0.39171294053918315,0.034512940539183135,0.29024336237384263,0.8043793207392773,0.21115341598978402,0.4947987336047038,0.527363184079602,False,
2104,weathermanj__Menda-3b-750,2025-03-09 18:45:31+00:00,60a4d9175667529e9c9140cdc9aadcc69175f553,0.4412,0.39171294053918315,-0.04948705946081683,0.2966750997784196,0.8353912111256868,0.21758515339436052,0.5300768882858435,0.5630936227951153,False,
2105,Quazim0t0__MFDOOM-14B,2025-03-09 18:57:27+00:00,6202ed649822bd353b510eff7cff6ed09704012d,0.614,0.39171294053918315,-0.22228705946081684,0.34713299173290457,1.0546317858718284,0.26804304534884643,0.8123021257349615,0.8009950248756219,False,
2106,tinycompany__SigmaBoi-base,2025-03-09 19:31:04+00:00,7a585afd9dab6cc0c73d79936b771de3a380f663,0.3576,0.39171294053918315,0.03411294053918318,0.2921810028512141,0.8154192898318265,0.21309105646715543,0.5042966983265491,0.5395748530076888,False,
2107,Quazim0t0__MFGRIMM-14B,2025-03-09 19:34:49+00:00,371c291dc54754107573d20ff0860655934b7e42,0.608,0.39171294053918315,-0.21628705946081683,0.34000331457102473,1.010727979442142,0.26091336818696614,0.7856173677069199,0.7697874265038445,False,
2108,tensopolis__lamarckvergence-14b-tensopolis-v1,2025-03-09 22:38:03+00:00,8be1e67618723e4b3c399633e2c6645803bd280e,0.5948,0.39171294053918315,-0.20308705946081684,0.3296776341912952,0.9816645120701014,0.25058768780723617,0.7313432835820896,0.7426503844414292,False,
2109,Dans-DiscountModels__12b-mn-dans-reasoning-test-3,2025-03-10 00:55:27+00:00,1f871929600a900f579e324d58b90e4728688c19,0.4042,0.39171294053918315,-0.012487059460816852,0.2870286772713165,0.7650344474775785,0.20793873088725653,0.47715965626413387,0.4762550881953867,False,
2110,DavidAU__Qwen2.5-MOE-2X1.5B-DeepSeek-Uncensored-Censored-4B,2025-03-10 03:21:02+00:00,42db872d95ea73bbe28b007cf2c58d619c16ba78,0.243,0.39171294053918315,0.14871294053918316,0.36302111986637525,1.1586464953619544,0.2839311734823178,0.9176843057440073,0.9145183175033921,False,
2111,DavidAU__L3.1-MOE-2X8B-Deepseek-DeepHermes-e32-uncensored-abliterated-13.7B,2025-03-10 03:23:46+00:00,c30c93084cf0f15f3f753b545e3849da0f4e4b74,0.391,0.39171294053918315,0.0007129405391831378,0.3073902797384603,0.8655404730902133,0.22830033335439998,0.5938489371325192,0.6087743102668476,False,
2112,DavidAU__DeepSeek-BlackRoot-R1-Distill-Llama-3.1-8B,2025-03-10 03:34:47+00:00,d2e1e3ef7fe2770a9db39fd3d5bc6f81a918bdc0,0.3966,0.39171294053918315,-0.004887059460816856,0.2554397929439326,0.6261239667260788,0.17634984655987349,0.31343283582089554,0.3229308005427408,False,
2113,DavidAU__Qwen2.5-MOE-2X7B-DeepSeek-Abliterated-Censored-19B,2025-03-10 04:01:29+00:00,23e551d5445394716ec66a98b2ab399232554bc4,0.3208,0.39171294053918315,0.07091294053918318,0.34637856902370273,1.056820576291855,0.26728862263964387,0.8109452736318408,0.8028041610131162,False,
2114,DavidAU__Qwen2.5-MOE-6x1.5B-DeepSeek-Reasoning-e32,2025-03-10 04:10:11+00:00,8c62ea49c31d47d31d4d6056e74221045b402d5d,0.2658,0.39171294053918315,0.12591294053918317,0.3664370402284971,1.1705173948407075,0.2873470938444385,0.9371325192220714,0.9326096788783356,False,
2115,DavidAU__DeepHermes-3-Llama-3-8B-Preview-16.5B-Brainstorm,2025-03-10 04:29:32+00:00,f96d3ba5c5b1bae9c7c102a4f45190918faaa5d2,0.3868,0.39171294053918315,0.004912940539183175,0.26907715303546487,0.6764618123901939,0.18998720665140573,0.3713251922207146,0.370872908186341,False,
2116,DavidAU__DeepSeek-MOE-4X8B-R1-Distill-Llama-3.1-Deep-Thinker-Uncensored-24B,2025-03-10 04:45:28+00:00,ae44d9a3731ba665bf9b20ebf96846a3c02025c0,0.403,0.39171294053918315,-0.011287059460816873,0.24117032392828108,0.5584927699711135,0.16208037754422258,0.23111714156490276,0.24242424242424243,False,
2117,DavidAU__DeepSeek-MOE-4X8B-R1-Distill-Llama-3.1-Mad-Scientist-24B,2025-03-10 04:48:16+00:00,fbb1b97afbcd8c46e2eeab7de8555363b0c88aaf,0.3932,0.39171294053918315,-0.001487059460816842,0.2820875099918262,0.7520710830102625,0.2029975636077679,0.44323835368611486,0.45906829488919043,False,
2118,DavidAU__DeepSeek-Grand-Horror-SMB-R1-Distill-Llama-3.1-16B,2025-03-10 05:04:23+00:00,42aacce9b66ef9ba03ea2029df73372a5eaddf02,0.3566,0.39171294053918315,0.03511294053918318,0.2812440602714371,0.7510539362499029,0.20215411388737808,0.43781094527363185,0.45816372682044326,False,
2119,DavidAU__DeepThought-MOE-8X3B-R1-Llama-3.2-Reasoning-18B,2025-03-10 05:04:47+00:00,dab7fd2af8dc7f705d526944aad6fc1212669c53,0.3558,0.39171294053918315,0.03591294053918315,0.282794394155186,0.7365470461142742,0.20370444777112728,0.45137946630483944,0.4414292175486205,False,
2120,DavidAU__DeepSeek-V2-Grand-Horror-SMB-R1-Distill-Llama-3.1-Uncensored-16.5B,2025-03-10 05:06:16+00:00,ee7b113db4dd67b714e9f9505979fc928ce3cde6,0.3608,0.39171294053918315,0.030912940539183142,0.28323785538814705,0.7550588117694411,0.2041479090040883,0.45364088647670736,0.4635911352329263,False,
2121,YOYO-AI__Qwen2.5-7B-it-restore,2025-03-10 05:50:57+00:00,a899ee17f32084f1882e183c54c8f553eb504f4b,0.4992,0.39171294053918315,-0.10748705946081683,0.31554983818889853,0.9257796072523781,0.2364598918048393,0.6526458616010855,0.694708276797829,False,
2122,DavidAU__DeepSeek-R1-Distill-Qwen-25.5B-Brainstorm,2025-03-10 06:34:20+00:00,fb1857963c2b07c72158d781584eeb390a670252,0.5398,0.39171294053918315,-0.1480870594608168,0.33175066515084406,1.0195641684029209,0.2526607187667851,0.7444595205789236,0.7752148349163275,False,
2123,Quazim0t0__Wendy-14B,2025-03-10 08:55:31+00:00,dc36e3df9408ee56a4a444119a3d178e9810bbe8,0.6088,0.39171294053918315,-0.21708705946081686,0.3393281614397868,1.0072168110010384,0.26023821505572853,0.7829036635006784,0.7666214382632293,False,
2124,Quazim0t0__Alice-14B,2025-03-10 09:34:19+00:00,5e0597e66fef33daeb33a308c24f78beebf2543b,0.603,0.39171294053918315,-0.21128705946081683,0.3333322492283821,0.9761884301355911,0.25424230284432353,0.7535052012663953,0.7358661239258254,False,
2125,akhadangi__Llama3.2.1B.0.1-Last,2025-03-10 10:36:33+00:00,7957ae95b8f8676da80a387992f8d69ea961a766,0.2532,0.39171294053918315,0.13851294053918317,0.35229916447461634,1.0995496259634583,0.2732092180905582,0.8294889190411578,0.8276797829036635,False,
2126,akhadangi__Llama3.2.1B.0.01-Last,2025-03-10 11:33:04+00:00,56e69c22cc61657b018bb06d6af6ebd10116271f,0.2516,0.39171294053918315,0.14011294053918316,0.34582446553080304,1.0641827560599482,0.26673451914674495,0.8077792853912257,0.8055178652193578,False,
2127,akhadangi__Llama3.2.1B.0.1-First,2025-03-10 11:38:50+00:00,0ce00bc91243fa79f4403b3182eaf0e4e39426c0,0.2558,0.39171294053918315,0.13591294053918312,0.35673104720007137,1.1270805382107163,0.27764110081601323,0.8516508367254636,0.8575305291723202,False,
2128,akhadangi__Llama3.2.1B.0.01-First,2025-03-10 11:47:39+00:00,73322ce8181905909694fc8b8e5ee6c44f48af36,0.2542,0.39171294053918315,0.13751294053918317,0.35647574595006487,1.113913170336836,0.27738579956600656,0.8502939846223428,0.838082315694256,False,
2129,akhadangi__Llama3.2.1B.BaseFiT,2025-03-10 11:54:31+00:00,fc5c5100a8f92ccccee07a25601285e3c1211790,0.2604,0.39171294053918315,0.13131294053918313,0.35633562061133683,1.1191080829759408,0.27724567422727914,0.8498417005879693,0.8439620081411127,False,
2130,LeroyDyer___Spydaz_Web_AI_AGI_R1_Math_001,2025-03-10 12:02:49+00:00,69ba6bbf057828c2bd9a06ff315894195738d8f6,0.4026,0.39171294053918315,-0.010887059460816861,0.24212235155618322,0.5654495949553696,0.16303240517212486,0.23835368611488014,0.25599276345545,False,
2131,Lunzima__NQLSG-Qwen2.5-14B-MegaFusion-v9.1,2025-03-10 12:10:47+00:00,43909b757b40ca2691a91dfdda1b19806372ff19,0.593,0.39171294053918315,-0.20128705946081682,0.33645214703765025,1.0029845335258611,0.2573622006535915,0.7706919945725916,0.7616463138851198,False,
2132,DeepMount00__Qwen2-1.5B-Ita_v5,2025-03-10 13:52:01+00:00,55ac7c2de469d295034fb2c63830c3cb6dc796dd,0.348,0.39171294053918315,0.043712940539183176,0.3118663776418601,0.8615164642548733,0.23277643125780195,0.6286748077792854,0.6010854816824966,False,
2133,ontocord__merged_0.2_expert_0.8,2025-03-10 14:18:04+00:00,ecda4ade6066456156eaa83efec020db8a53086e,0.254,0.39171294053918315,0.13771294053918315,0.36827180033809576,1.1920801005648887,0.28918185395403667,0.9502487562189055,0.9592944369063772,False,
2134,Yuma42__Llama3.1-SuperHawk-8B,2025-03-10 14:18:28+00:00,7d2c6e05c98e86c00a7b8d888c8c24a19a5541db,0.4664,0.39171294053918315,-0.07468705946081683,0.23913904856603418,0.5456748903953128,0.16004910218197543,0.2193577566711895,0.22388059701492538,False,
2135,ontocord__merged_0.5_expert_0.5,2025-03-10 14:19:12+00:00,9a26ed213ac8253613d9d7a0f77d881b25511c66,0.2538,0.39171294053918315,0.13791294053918313,0.37685573852881293,1.236958573018646,0.2977657921447542,0.9773857982813207,0.9805517865219358,False,
2136,ontocord__merged_0.2_expert_0.8-stack_2x,2025-03-10 14:27:46+00:00,4f6132da3ac489b6ccb23351a6b4229d3e9f9b9e,0.2496,0.39171294053918315,0.14211294053918316,0.37060441985525,1.2080410503808379,0.2915144734711908,0.9611035730438715,0.9678878335594754,False,
2137,marcuscedricridia__Cheng-1,2025-03-10 14:31:46+00:00,213b4413b7a752115626d0f8875579ef957e1b74,0.5102,0.39171294053918315,-0.11848705946081683,0.30846193521183984,0.8905422888069905,0.22937198882778076,0.6047037539574853,0.6503844414292176,False,
2138,Novaciano__Sigil-Of-Satan-3.2-1B,2025-03-10 14:33:21+00:00,a442441c4d3d49b5723073914cd521c539a7d7b6,0.3104,0.39171294053918315,0.08131294053918314,0.33155807566202633,0.9742721725907426,0.2524681292779675,0.741745816372682,0.7345092718227046,False,
2139,Novaciano__ASTAROTH-3.2-1B,2025-03-10 14:36:28+00:00,7fc7751960a4bb488bf22b2ef21fc80bf12fffd0,0.3108,0.39171294053918315,0.08091294053918313,0.33224811258312825,0.9770849094830075,0.2531581661990689,0.7471732247851651,0.7372229760289462,False,
2140,Novaciano__La_Mejor_Mezcla-3.2-1B,2025-03-10 14:36:28+00:00,98aee41f1ae0cd49111327089b11985a5251f6a9,0.3106,0.39171294053918315,0.08111294053918316,0.3324005595769437,0.9873130984061107,0.25331061319288456,0.7480777928539123,0.7489823609226595,False,
2141,Novaciano__FuseChat-3.2-1B-GRPO_Creative_RP,2025-03-10 14:51:24+00:00,2f1dd032eb11a51d091bbaffc6f5182bc6ec0717,0.3132,0.39171294053918315,0.07851294053918317,0.3342955222871819,0.9986678577949739,0.2552055759031228,0.7593848937132519,0.757123473541384,False,
2142,Novaciano__Fusetrix-3.2-1B-GRPO_RP_Creative,2025-03-10 14:52:52+00:00,23ee2af1e5f0f5617e998bfc7409ad29a2487ed7,0.3114,0.39171294053918315,0.08031294053918314,0.3423516813313813,1.0267241252052053,0.2632617349473227,0.7914970601537765,0.7801899592944369,False,
2143,Novaciano__Fusetrix-Dolphin-3.2-1B-GRPO_Creative_RP,2025-03-10 14:55:41+00:00,916373232238d23619747584716a1a0c1a25f1a6,0.3156,0.39171294053918315,0.07611294053918316,0.3383653969151956,1.015598641845587,0.25927545053113693,0.7801899592944369,0.7729534147444596,False,
2144,Novaciano__Cerberus-3.2-1B,2025-03-10 14:56:52+00:00,f812db147b3f7a7c5a06265661e11825284514b0,0.3442,0.39171294053918315,0.047512940539183146,0.32338902463977587,0.9342685074032333,0.24429907825571726,0.6974219810040706,0.7042062415196744,False,
2145,Novaciano__LEWD-Mental-Cultist-3.2-1B,2025-03-10 15:04:17+00:00,85b5977e16e94a9fb79fabd5a5eee5de62bc05af,0.3092,0.39171294053918315,0.08251294053918318,0.335890335299904,1.0042056070200045,0.25680038891584495,0.7675260063319764,0.7639077340569878,False,
2146,Novaciano__Cultist-3.2-1B,2025-03-10 15:08:15+00:00,d3e741d38561d18da8f2eb19e7b30747f89c22e5,0.3032,0.39171294053918315,0.08851294053918313,0.34617303294760415,1.0453715678811986,0.2670830865635457,0.8091361374943464,0.7955676164631389,False,
2147,baebee__7B-Cetacea,2025-03-10 15:15:54+00:00,946f013d3ae9d6574110b14fa974695c7b4b1c5f,0.3962,0.39171294053918315,-0.004487059460816845,0.23593128356675774,0.5286095635285425,0.15684133718269896,0.20081411126187246,0.19900497512437812,False,
2148,ZeroXClem__Llama-3.1-8B-SuperTulu-LexiNova,2025-03-10 15:29:26+00:00,ff9ee411008b067f8443c65e992709982e08bba4,0.4346,0.39171294053918315,-0.042887059460816834,0.24112686537625283,0.5866788992618566,0.16203691899219447,0.2302125734961556,0.28177295341474445,False,
2149,MoonRide__Llama-3.2-3B-Khelavaster,2025-03-10 16:41:52+00:00,95e3de404a28b21e4d5c2b254df64fe892e02af8,0.3794,0.39171294053918315,0.012312940539183137,0.2626862593945098,0.6618603347482811,0.18359631301045096,0.3509724106739032,0.3582089552238806,False,
2150,DeepMount00__Qwen2-1.5B-Ita_v6,2025-03-10 16:42:49+00:00,8f30639e735b9e956eaad831de837cf946eeb159,0.3502,0.39171294053918315,0.04151294053918314,0.2804954708117006,0.7353266447498649,0.20140552442764123,0.4323835368611488,0.44097693351424694,False,
2151,Yuma42__Llama3.1-IgneousIguana-8B,2025-03-10 16:47:04+00:00,aa57ac203873c476acce76e6fff2a55287e90d4a,0.4624,0.39171294053918315,-0.07068705946081683,0.23757158481439697,0.5424308381318909,0.1584816384303384,0.2125734961555857,0.22207146087743102,False,
2152,weathermanj__Menda-3B-500,2025-03-10 16:54:28+00:00,85447af137e831996546ceee4bb666433ea860e9,0.4434,0.39171294053918315,-0.051687059460816864,0.295254500505685,0.8280661226069158,0.2161645541216254,0.5228403437358661,0.5540479421076436,False,
2153,weathermanj__Menda-3B-250,2025-03-10 17:02:11+00:00,1e8fe8ef214ee8c3612185ef389be21c02ef4fb3,0.4438,0.39171294053918315,-0.05208705946081682,0.3007090002932531,0.8571931717354726,0.22161905390919373,0.5477159656264133,0.5924920850293984,False,
2154,marcuscedricridia__Hush-Qwen2.5-7B-RP-v1.4-1M,2025-03-10 18:54:35+00:00,8ee49e68cc2628f356a35d761ee2a6b3a886ba78,0.479,0.39171294053918315,-0.08728705946081683,0.29197995853428954,0.8016362562897026,0.21289001215023032,0.5033921302578019,0.5237449118046132,False,
2155,weathermanj__Menda-3b-Optim-200,2025-03-10 19:55:09+00:00,d5f4a23556b67ae8ccc18ed6a0b8982f0bf55fc2,0.4448,0.39171294053918315,-0.05308705946081682,0.29713428639399747,0.8332775370410742,0.21804434000993778,0.5318860244233379,0.5590230664857531,False,
2156,Mostafa8Mehrabi__llama-3.2-1b-Insomnia-ChatBot-merged,2025-03-10 20:45:58+00:00,52c4ca68f250f69a6aa45d8e82bc611554f43c02,0.243,0.39171294053918315,0.14871294053918316,0.35974090215143656,1.132684598793128,0.2806509557673777,0.8815015829941203,0.872003618272275,False,
2157,thinkcoder__llama3-8b-instruct-lora-8-sft,2025-03-10 21:23:54+00:00,d925fd3d527fed74ad99b39ea6f79ed39f708895,0.4078,0.39171294053918315,-0.016087059460816844,0.23580320903092994,0.5179181589689714,0.15671326264687108,0.1994572591587517,0.18046132971506107,False,
2158,magnifi__Phi3_intent_v56_3_w_unknown_5_lr_0.002,2025-03-10 21:31:35+00:00,ef29ee392ab3143d9fd3f3f7aeb2c34ffe2e40f9,0.2684,0.39171294053918315,0.12331294053918312,0.3479590958524896,1.0935379070962445,0.2688691494684315,0.8181818181818182,0.8236092265943012,False,
2159,tinycompany__Tamed-Shawty,2025-03-10 22:05:00+00:00,8defab4efdd40ed5f5ade3e39594d4cb9b4bc85e,0.32,0.39171294053918315,0.07171294053918315,0.32358691008372986,0.9490116976997639,0.24449696369967092,0.6992311171415649,0.715513342379014,False,
2160,brgx53__Barracuda-PRYMMAL-ECE-TW3,2025-03-10 22:11:23+00:00,ce9d61f5c87a37f65a860e6d8de031310a6eab59,0.2484,0.39171294053918315,0.14331294053918314,0.39055138825159696,1.274584463927149,0.3114614418675389,0.9954771596562642,0.9909543193125283,False,
2161,weathermanj__Menda-3b-Optim-100,2025-03-10 22:28:21+00:00,54e09f781dc5f9901592aea1ec4f655e92e3b11b,0.4466,0.39171294053918315,-0.054887059460816845,0.3013562540093866,0.8521897954875316,0.22226630762532731,0.5517865219357757,0.5848032564450475,False,
2162,DreadPoor__Nullsworn-12B-LINEAR,2025-03-10 22:33:43+00:00,5489852b5b7d549b6b3c0d21b8f62502b0b505c0,0.4436,0.39171294053918315,-0.05188705946081684,0.22860268261303832,0.504078067925065,0.14951273622897882,0.1451831750339213,0.1546811397557666,False,
2163,bunnycore__Llama-3.2-3B-ToxicKod,2025-03-10 22:39:14+00:00,a4743140f215972e8f389e0d0727e064c86a1012,0.391,0.39171294053918315,0.0007129405391831378,0.27785254656271985,0.7167120105513993,0.19876260017866035,0.4147444595205789,0.41338760741745817,False,
2164,brgx53__LaConfiance-PRYMMAL-ECE-TW3,2025-03-10 22:45:02+00:00,80c0e55d073f2c3a1d20ba7d796e51f8a0072b25,0.2412,0.39171294053918315,0.15051294053918315,0.3737603226539934,1.2028941459458542,0.29467037626993486,0.9692446856625961,0.9633649932157394,False,
2165,CreitinGameplays__Llama-3.1-8B-R1-v0.1,2025-03-11 00:12:59+00:00,2157faf4e1a183e6ce126d9ab819b71821e1185f,0.2892,0.39171294053918315,0.10251294053918314,0.35757578807604246,1.1296039821936996,0.2784858416919831,0.8579828132066938,0.8638625056535504,False,
2166,cognitivecomputations__Dolphin3.0-Llama3.2-1B,2025-03-12 14:38:07+00:00,271aff3c47b8332af31439a4a58c28ad79bc31a9,0.2756,0.39171294053918315,0.11611294053918314,0.34181805093580436,1.034573422491162,0.2627281045517462,0.7896879240162822,0.7860696517412935,False,
2167,LeroyDyer___Spydaz_Web_AI_AGI_R1_Math_003,2025-03-12 15:42:34+00:00,ab78c06f79d23e106fab2261bd5299f3d40fdd19,0.3954,0.39171294053918315,-0.0036870594608168217,0.2456587288838235,0.5656695649466469,0.1665687824997655,0.26277702397105385,0.2568973315241972,False,
2168,LeroyDyer___Spydaz_Web_AI_AGI_R1_Top_Student,2025-03-12 15:46:46+00:00,9cbd45074f9d53ac948c7da9fad55eeaedc1a318,0.4238,0.39171294053918315,-0.03208705946081686,0.23321711002959725,0.5129968351353263,0.15412716364553844,0.18000904568068749,0.17096336499321574,False,
2169,ZeroXClem__Llama-3.1-8B-AthenaSky-MegaMix,2025-03-12 15:57:25+00:00,fbac767324b11f0f9617fb48b6042d162808049a,0.4478,0.39171294053918315,-0.056087059460816824,0.24087068295597241,0.5632857438325963,0.16178073657191328,0.22840343735866123,0.2514699231117142,False,
2170,ZeroXClem__Llama-3.1-8B-SpecialTitanFusion,2025-03-12 15:57:49+00:00,6efd9c3079822b3302709ab77e845ae162e52f12,0.4708,0.39171294053918315,-0.07908705946081684,0.23568395670559317,0.5362936182982475,0.15659401032153464,0.19674355495251017,0.21121664405246496,False,
2171,ZeroXClem__Llama-3.1-8B-SuperNova-EtherealHermes,2025-03-12 16:02:37+00:00,87e5e0fcb19802348a942f69dcd1d037279624e9,0.4516,0.39171294053918315,-0.05988705946081685,0.22384113513950993,0.4818710979148798,0.14475118875545112,0.11080958842152872,0.11578471279963817,False,
2172,mrdayl__OpenCognito-r2,2025-03-12 16:09:52+00:00,cc62060e9d4402b970890c755149a1d6fe051e1f,0.4,0.39171294053918315,-0.00828705946081687,0.2894612385220918,0.7822302819835694,0.21037129213803232,0.4898236092265943,0.5024875621890548,False,
2173,ZeroXClem__Llama-3.1-8B-RainbowLight-EtherealMix,2025-03-12 16:13:48+00:00,491e71f1900f8380c4848cd86d5d3ee9b97f2c0b,0.4206,0.39171294053918315,-0.028887059460816822,0.21433497750670744,0.447084149591783,0.13524503112264852,0.021709633649932156,0.025780189959294438,False,
2174,assskelad__smollm2-360M-sft_SmallThoughts,2025-03-12 16:32:37+00:00,86f0a9da4aed0cd4a7fb3e637191eff42d252624,0.262,0.39171294053918315,0.12971294053918314,0.3500750379192687,1.1077777594043863,0.2709850915352095,0.8236092265943012,0.8322026232473994,False,
2175,prithivMLmods__Galactic-Qwen-14B-Exp1,2025-03-12 17:47:29+00:00,83e87e90399da8dc08a521d4be2feafa95df8832,0.5746,0.39171294053918315,-0.18288705946081685,0.3166137316115863,0.8903939906857302,0.23752378522752743,0.6594301221166893,0.6494798733604704,False,
2176,prithivMLmods__Deepthink-Llama-3-8B-Preview,2025-03-13 11:17:32+00:00,97a4352d90a6ab9276d2348d62296ead51692ecc,0.4188,0.39171294053918315,-0.027087059460816854,0.3074698190108898,0.8728693447604805,0.22837987262682868,0.5947535052012664,0.6187245590230664,False,
2177,streamerbtw1002__Nexuim-R1-7B-Instruct,2025-03-13 11:18:21+00:00,fff9ae93ef2d586f3d2b3b58676de75f436fb6d7,0.474,0.39171294053918315,-0.08228705946081682,0.3156735001669582,0.9300273684841237,0.23658355378289916,0.6535504296698327,0.6996834011759385,False,
2178,hatemmahmoud__qwen2.5-1.5b-sft-raft-grpo-hra-doc,2025-03-13 11:29:17+00:00,481a01b43e5094739b05d650d2bb222b055475c9,0.3714,0.39171294053918315,0.020312940539183144,0.28864625977016706,0.7690393880366259,0.20955631338610775,0.48530076888285845,0.4816824966078697,False,
2179,tinycompany__BiBo-v0.7,2025-03-13 11:31:32+00:00,70a90562063dccb1001041ed6c204c9ca1b376be,0.362,0.39171294053918315,0.029712940539183164,0.2811676047526456,0.7336362065500744,0.20207765836858632,0.4364540931705111,0.43781094527363185,False,
2180,LeroyDyer___Spydaz_Web_AI_TEMP_,2025-03-13 12:07:52+00:00,b7b0470328e82913f4c380918a97a3a9649e7687,0.4124,0.39171294053918315,-0.020687059460816837,0.2596828930529277,0.6224239803652298,0.18059294666886885,0.33514246947082765,0.3202170963364993,False,
2181,prithivMLmods__Galactic-Qwen-14B-Exp2,2025-03-13 12:44:50+00:00,c20355f08c8b9c9c4ccaeaf93f1e38ffc9c1423d,0.6172,0.39171294053918315,-0.22548705946081682,0.3237958897474047,0.9076042855006353,0.2447059433633463,0.7014925373134329,0.6770691994572592,False,
2182,open-neo__Kyro-n1-7B,2025-03-13 13:49:20+00:00,302517d08e7fde61f6f6099fdf6f3a4bea0b720b,0.4706,0.39171294053918315,-0.07888705946081687,0.3039906194683338,0.85507643594793,0.2249006730842744,0.566711895070104,0.5893260967887833,False,
2183,open-neo__Kyro-n1-3B,2025-03-13 13:59:02+00:00,d54a9226ef9583d1d8c227c854e087e5caa9dae8,0.4158,0.39171294053918315,-0.02408705946081685,0.3020689746592102,0.8526670413269483,0.22297902827515023,0.5581184984170059,0.5857078245137947,False,
2184,braindao__DeepSeek-R1-Distill-Qwen-7B-ORPO-Uncensored,2025-03-13 14:13:33+00:00,72dea4fd365fb70d2c5b07aaf253d522aacdae34,0.2882,0.39171294053918315,0.10351294053918314,0.36416800414139566,1.177693920128203,0.28507805775733747,0.9249208502939846,0.9412030755314338,False,
2185,universalml__NepaliGPT-2.0,2025-03-13 14:15:01+00:00,73f15061a6274665efe947853f8f2f242362e833,0.3544,0.39171294053918315,0.03731294053918316,0.25834796661018894,0.6268858095420154,0.17925802022613055,0.3306196291270918,0.3247399366802352,False,
2186,bunnycore__Qwen2.5-7B-Fuse-Exp,2025-03-13 14:24:11+00:00,356c7d4bb2864a629a5a84fc62e2b4409a4c8304,0.4556,0.39171294053918315,-0.06388705946081685,0.2977475729433934,0.8164013493567414,0.21865762655933468,0.5341474445952058,0.5418362731795567,False,
2187,Quazim0t0__Mouse-9B,2025-03-13 16:31:52+00:00,ddaae2fc0ebd8ec9a5567f54b339bc56a100a684,0.2436,0.39171294053918315,0.14811294053918314,0.365098077739168,1.169114306618437,0.28600813135511055,0.9308005427408412,0.9312528267752148,False,
2188,prithivMLmods__Viper-Coder-7B-Elite14,2025-03-13 16:33:52+00:00,25dda1322ecab809368241cece4adf612da5cad6,0.2306,0.39171294053918315,0.16111294053918315,0.3665678415578754,1.1910065682134785,0.28747789517381755,0.939846223428313,0.95838986883763,False,
2189,Amu__t1-3B,2025-03-13 16:46:22+00:00,8dd990a501b1844b6cd5014da702119cfe9646eb,0.3362,0.39171294053918315,0.05551294053918315,0.31017111677698433,0.9040048517026449,0.23108117039292378,0.6205336951605608,0.6711895070104026,False,
2190,LeroyDyer___Spydaz_Web_AI_Top_Teacher_,2025-03-13 17:14:13+00:00,1dc9fc7a269f9a4a35c0559367302d4548ea3b67,0.4044,0.39171294053918315,-0.01268705946081683,0.2519694949578886,0.5936917734778602,0.17287954857382945,0.2971506105834464,0.29217548620533695,False,
2191,Quazim0t0__mocha-14B,2025-03-13 18:31:51+00:00,1dbe61f593986f5f61af6bfc02711d20e648cef5,0.6012,0.39171294053918315,-0.2094870594608168,0.3432506293609305,1.0366106678794396,0.2641606829768724,0.7964721845318861,0.7883310719131614,False,
2192,Quazim0t0__caramel-14B,2025-03-13 18:32:04+00:00,24c056130d555b2795efdff3a921a4e56220aabe,0.6024,0.39171294053918315,-0.2106870594608169,0.3328371437442224,0.9767040993403849,0.2537471973601638,0.7507914970601538,0.736318407960199,False,
2193,DreadPoor__Noxis-8B-LINEAR,2025-03-13 18:41:08+00:00,7c38a377fb9b0edcccc6a2562a83e9f048f6aaf4,0.4632,0.39171294053918315,-0.07148705946081685,0.2312040450070998,0.5116044741263286,0.15211409862304154,0.16372682044323836,0.16598824061510628,False,
2194,tinycompany__BiBo-v0.3,2025-03-13 18:47:30+00:00,210e6c79c4c156e125f777990f77f33f36d79824,0.3874,0.39171294053918315,0.00431294053918313,0.27722999781807106,0.715215622024848,0.19814005143401095,0.41067390321121666,0.4120307553143374,False,
2195,ymcki__Llama-3.1-8B-SFT-GRPO-Instruct,2025-03-13 18:52:52+00:00,701023d4e007e904b240141a368289232f85c815,0.2724,0.39171294053918315,0.11931294053918318,0.36783589029236385,1.199221488616315,0.28874594390830444,0.9461781999095432,0.9624604251469923,False,
2196,JungZoona__T3Q-qwen2.5-14b-v1.0-e3,2025-03-13 18:54:07+00:00,02ca425e91667dcaacdc65c7698ad39649d36cb8,0.6392,0.39171294053918315,-0.24748705946081684,0.342361533750406,0.9842446454970084,0.26327158736634726,0.7919493441881501,0.7449118046132972,False,
2197,NousResearch__DeepHermes-3-Mistral-24B-Preview,2025-03-13 18:57:46+00:00,8a236e37b28e876a186d50b22b728fd9eac2a816,0.5346,0.39171294053918315,-0.1428870594608168,0.27511231503630657,0.7001894502617735,0.19602236865224842,0.3998190863862506,0.3952962460425147,False,
2198,Lunzima__NQLSG-Qwen2.5-14B-MegaFusion-v9.2,2025-03-13 18:58:50+00:00,fc5f20472c3583dad727505e0b00caa1ca627e9d,0.5894,0.39171294053918315,-0.19768705946081688,0.33368130600330853,0.9792834291653258,0.2545913596192498,0.7562189054726368,0.7399366802351877,False,
2199,Quazim0t0__Lineage-14B,2025-03-13 19:03:23+00:00,8109c3de50e10300e2fe3a82e2bbab8d1ce30e28,0.5996,0.39171294053918315,-0.20788705946081687,0.32816492196539343,0.9412498792593151,0.24907497558133546,0.7213930348258707,0.7114427860696517,False,
2200,Quazim0t0__Geedorah-14B,2025-03-13 19:15:04+00:00,b3b589804c05bb2cac92cf79f2c232cd3a2355b0,0.603,0.39171294053918315,-0.21128705946081683,0.3307860772130271,0.9651331091847379,0.25169613082896863,0.7381275440976933,0.7263681592039801,False,
2201,prithivMLmods__Gaea-Opus-14B-Exp,2025-03-13 19:18:06+00:00,dac75246e430e87f02a25ee9719e18033ffc0da2,0.5764,0.39171294053918315,-0.18468705946081687,0.3215746585062338,0.9159558355897581,0.24248471212217543,0.6879240162822252,0.6861148801447309,False,
2202,prithivMLmods__Volans-Opus-14B-Exp,2025-03-13 19:18:32+00:00,655158b0a961da5a269d6ddd5b5f872fc4009401,0.5732,0.39171294053918315,-0.1814870594608169,0.323459438380176,0.9210682388322894,0.24436949199611696,0.6983265490728178,0.6901854364540931,False,
2203,marcuscedricridia__Cheng-2,2025-03-13 19:34:57+00:00,65d4698e2b3ed2a396496d43c4356251015ebc8b,0.591,0.39171294053918315,-0.19928705946081682,0.3312266881551075,0.9838543898993883,0.25213674177104883,0.7408412483039348,0.7444595205789236,False,
2204,marcuscedricridia__Cheng-2-v1.1,2025-03-13 19:42:37+00:00,528405b6a47bf8e9631d78fb3ebf59eee09b618b,0.5904,0.39171294053918315,-0.19868705946081688,0.3323930768522468,0.9878986026636327,0.2533031304681882,0.7476255088195387,0.749434644957033,False,
2205,Quazim0t0__Sake-20b,2025-03-13 20:07:58+00:00,17839f2df2ccbd137c198b21355b9bbe777a0714,0.589,0.39171294053918315,-0.19728705946081682,0.3314054604634337,0.9649562586607615,0.25231551407937497,0.7412935323383084,0.7259158751696065,False,
2206,braindao__DeepSeek-R1-Distill-Qwen-14B-ABUB-ST,2025-03-13 20:19:27+00:00,3beaf115a4122cc14e08d66d586d1a545006b2ed,0.4646,0.39171294053918315,-0.07288705946081686,0.32854509293223366,1.0036592889000269,0.2494551465481736,0.7227498869289914,0.762550881953867,False,
2207,sthenno__tempesthenno-sft-0314-stage1-ckpt50,2025-03-14 00:33:10+00:00,aecbf2dbdfe1a850546b8cde0335e9d29eb93942,0.5874,0.39171294053918315,-0.19568705946081688,0.3177541791592182,0.9072893843331536,0.2386642327751595,0.666214382632293,0.676164631388512,False,
2208,Aryanne__QwentileSwap,2025-03-14 11:42:49+00:00,d569cb7ff19728daed67c086c240769bd47ca236,0.6058,0.39171294053918315,-0.21408705946081685,0.3230984753282774,0.9330326084682947,0.2440085289442191,0.6965174129353234,0.70239710538218,False,
2209,tomasmcm__sky-t1-coder-32b-flash,2025-03-14 22:00:59+00:00,9914bc0eb53ecef376421b9644a8a1fca6533250,0.6062,0.39171294053918315,-0.2144870594608168,0.33832126917861977,1.0313394569629417,0.25923132279456074,0.7797376752600633,0.7829036635006784,False,
2210,rubenroy__Gilgamesh-72B,2025-03-14 22:43:01+00:00,00feff33281b50c4fc30451aec0b664777df146c,0.6302,0.39171294053918315,-0.23848705946081683,0.3258132085862643,0.9418172397122986,0.2467232622022062,0.7118950701040253,0.7123473541383989,False,
2211,rootxhacker__Apollo_v2-32B,2025-03-15 05:57:15+00:00,dd535bb0f74676cc57c0ae67fc4a53bf87227171,0.5938,0.39171294053918315,-0.20208705946081684,0.3272500197039814,0.9662518106335057,0.24816007331992226,0.7173224785165083,0.7268204432383537,False,
