model_row,model_name,theta_star,absolute_accuracy_gap,is_selected,is_reference
0,bamec66557__MISCHIEVOUS-12B-Mix_Neo,0.4292,0.0196,False,False
1,bamec66557__MISCHIEVOUS-12B-Mix_0.6v,0.4488,0.0,False,True
2,bamec66557__MISCHIEVOUS-12B,0.4424,0.0064,False,False
3,zelk12__MT4-Gen4-gemma-2-9B,0.4936,0.0448,False,False
4,CultriX__Qwen2.5-14B-Emerged,0.542,0.0932,False,False
5,CultriX__Qwen2.5-14B-Wernickev3,0.5386,0.0898,False,False
6,mergekit-community__mergekit-della-zgowfmf,0.5572,0.1084,False,False
7,mergekit-community__VirtuosoSmall-InstructModelStock,0.5526,0.1038,False,False
8,maldv__Qwentile2.5-32B-Instruct,0.6046,0.1558,False,False
9,sakaltcommunity__novablast-preview,0.5968,0.148,False,False
10,Sakalti__Oxyge1-33B,0.596,0.1472,False,False
11,PJMixers-Dev__LLaMa-3.1-RomboTiesTest-8B,0.4486,0.0002,False,False
12,Sakalti__Saba-Passthrough-2,0.2896,0.1592,False,False
13,netcat420__MFANN-SFT,0.3988,0.05,False,False
14,bfuzzy1__Gunny,0.398,0.0508,False,False
15,mergekit-community__mergekit-model_stock-azgztvm,0.5478,0.099,False,False
16,INSAIT-Institute__BgGPT-Gemma-2-27B-IT-v1.0,0.238,0.2108,False,False
17,CarrotAI__Llama-3.2-Rabbit-Ko-3B-Instruct,0.3666,0.0822,False,False
18,T145__KRONOS-8B-V5,0.434,0.0148,False,False
19,bunnycore__FuseCyberMix-Qwen-2.5-7B-Instruct,0.4372,0.0116,False,False
20,bamec66557__mergekit-model_stock-zdaysvi,0.4298,0.019,False,False
21,bamec66557__VICIOUS_MESH-12B-ALPHA,0.4312,0.0176,False,False
22,CohereForAI__c4ai-command-r7b-12-2024,0.4838,0.035,False,False
23,bamec66557__VICIOUS_MESH-12B-BETA,0.4394,0.0094,False,False
24,DreadPoor__Asymmetric_Linearity-8B-Model_Stock,0.4654,0.0166,False,False
25,Orion-zhen__phi-4-abliterated,0.5342,0.0854,False,False
26,bamec66557__VICIOUS_MESH-12B-GAMMA,0.4394,0.0094,False,False
27,EpistemeAI__Polypsyche-Llama-3.1-8B-Instruct-Agent-0.003-128K-code-ds-auto-Logic,0.3926,0.0562,False,False
28,EpistemeAI__Polypsyche-Llama-3.1-8B-Instruct-Agent-0.003-128K-code-ds-auto-divergent,0.387,0.0618,False,False
29,zelk12__MT5-Gen4-gemma-2-9B,0.5156,0.0668,False,False
30,T145__KRONOS-8B-V6,0.42,0.0288,False,False
31,win10__Qwen2.5-2B-Instruct,0.3002,0.1486,False,False
32,MultivexAI__Gladiator-Mini-Exp-1221-3B-Instruct,0.371,0.0778,False,False
33,CombinHorizon__zetasepic-abliteratedV2-Qwen2.5-32B-Inst-BaseMerge-TIES,0.5454,0.0966,False,False
34,sometimesanotion__Qwenvergence-14B-v3-Prose,0.562,0.1132,False,False
35,PJMixers-Dev__LLaMa-3.1-RomboTiesTest2-8B,0.4486,0.0002,False,False
36,FuseAI__FuseChat-Qwen-2.5-7B-Instruct,0.4362,0.0126,False,False
37,sometimesanotion__Qwenvergence-14B-v3-Reason,0.5608,0.112,False,False
38,sometimesanotion__Qwenvergence-14B-v3,0.5618,0.113,False,False
39,NyxKrage__Microsoft_Phi-4,0.5298,0.081,False,False
40,Sakalti__Phi3.5-Comets-3.8B,0.2698,0.179,False,False
41,bamec66557__mergekit-ties-sinbkow,0.4276,0.0212,False,False
42,PJMixers-Dev__Qwen2.5-RomboTiesTest-7B,0.4358,0.013,False,False
43,DreadPoor__Casuar-9B-Model_Stock,0.4884,0.0396,False,False
44,T145__ZEUS-8B-V9,0.4398,0.009,False,False
45,MultivexAI__Gladiator-Mini-Exp-1221-3B-Instruct-V2,0.3728,0.076,False,False
46,bamec66557__VICIOUS_MESH-12B-DELTA,0.4306,0.0182,False,False
47,NCSOFT__Llama-VARCO-8B-Instruct,0.4124,0.0364,False,False
48,bamec66557__VICIOUS_MESH-12B-EPSILON,0.4262,0.0226,False,False
49,bamec66557__VICIOUS_MESH-12B-DIGAMMA,0.43,0.0188,False,False
50,sometimesanotion__Qwentinuum-14B-v1,0.5578,0.109,False,False
51,zelk12__MT-Merge4-gemma-2-9B,0.5128,0.064,False,False
52,bamec66557__VICIOUS_MESH-12B-UNION,0.4338,0.015,False,False
53,fluently-sets__reasoning-1-1k-demo,0.5116,0.0628,False,False
54,CultriX__Qwen2.5-14B-Unity,0.508,0.0592,False,False
55,CultriX__Qwen2.5-14B-Emergedv3,0.5228,0.074,False,False
56,sometimesanotion__Qwentinuum-14B-v2,0.5584,0.1096,False,False
57,sometimesanotion__Qwentinuum-14B-v3,0.5654,0.1166,False,False
58,bamec66557__VICIOUS_MESH-12B-NEMO,0.4472,0.0016,False,False
59,mosama__Qwen2.5-1.5B-Instruct-CoT-Reflection,0.3212,0.1276,False,False
60,bamec66557__VICIOUS_MESH-12B-OMEGA,0.4406,0.0082,False,False
61,djuna__Q2.5-Veltha-14B,0.5566,0.1078,False,False
62,bunnycore__FuseQwQen-7B,0.4596,0.0108,False,False
63,sometimesanotion__Qwentinuum-14B-v5,0.5658,0.117,False,False
64,OpenBuddy__openbuddy-qwq-32b-v24.1-200k,0.581,0.1322,False,False
65,Sakalti__Sailor-japanese,0.2488,0.2,False,False
66,zelk12__MT-Gen5-gemma-2-9B,0.512,0.0632,False,False
67,sometimesanotion__Qwentinuum-14B-v6,0.568,0.1192,False,False
68,djuna__Q2.5-Veltha-14B-0.5,0.569,0.1202,False,False
69,sometimesanotion__Qwentinuum-14B-v7,0.5702,0.1214,False,False
70,sometimesanotion__Qwentinuum-14B-v8,0.5642,0.1154,False,False
71,sometimesanotion__Qwentinuum-14B-v9,0.5594,0.1106,False,False
72,oopere__pruned10-llama-3.2-3B,0.2778,0.171,False,False
73,ehristoforu__Falcon3-MoE-2x7B-Insruct,0.5048,0.056,False,False
74,bamec66557__Mistral-Nemo-VICIOUS_MESH-12B-2407,0.4398,0.009,False,False
75,nisten__tqwendo-36b,0.5596,0.1108,False,False
76,MultivexAI__Gladiator-Mini-Exp-1222-3B-Instruct,0.3734,0.0754,False,False
77,netcat420__Llama3.1-MFANN-8b,0.34,0.1088,False,False
78,T145__Meta-Llama-3.1-8B-Instruct-TIES,0.4282,0.0206,False,False
79,hotmailuser__QwenSlerp-7B,0.4858,0.037,False,False
80,hotmailuser__Falcon3Slerp2-10B,0.5094,0.0606,False,False
81,hotmailuser__Falcon3Slerp1-10B,0.509,0.0602,False,False
82,hotmailuser__Falcon3Slerp4-10B,0.5026,0.0538,False,False
83,qingy2024__Eyas-17B-Instruct,0.5094,0.0606,False,False
84,hotmailuser__FalconSlerp3-7B,0.4828,0.034,False,False
85,hotmailuser__FalconSlerp2-7B,0.4796,0.0308,False,False
86,hotmailuser__FalconSlerp1-7B,0.4616,0.0128,False,False
87,hotmailuser__Llama-Hermes-slerp2-8B,0.4178,0.031,False,False
88,hotmailuser__Llama-Hermes-slerp-8B,0.4178,0.031,False,False
89,hotmailuser__FalconSlerp3-10B,0.5012,0.0524,False,False
90,bfuzzy1__acheron-c,0.2458,0.203,False,False
91,appvoid__arco-2,0.252,0.1968,False,False
92,SkyOrbis__SKY-Ko-Llama3.2-1B-lora-epoch3,0.2638,0.185,False,False
93,CultriX__Qwen2.5-14B-Broca,0.562,0.1132,False,False
94,hotmailuser__RombosBeagle-v2beta-MGS-32B,0.6032,0.1544,False,False
95,CultriX__Qwenfinity-2.5-14B,0.4654,0.0166,False,False
96,CultriX__Qwen2.5-14B-Brocav7,0.5562,0.1074,False,False
97,CultriX__Qwen2.5-14B-Brocav3,0.5594,0.1106,False,False
98,CultriX__Qwen2.5-14B-Brocav6,0.5522,0.1034,False,False
99,CultriX__Qwen2.5-14B-FinalMerge,0.4718,0.023,False,False
100,Minami-su__test-7B-00,0.3804,0.0684,False,False
101,qingy2024__QwQ-14B-Math-v0.2,0.4552,0.0064,False,False
102,Sakalti__ultiima-32B,0.6128,0.164,False,False
103,sometimesanotion__Qwen-14B-ProseStock-v4,0.5604,0.1116,False,False
104,ContactDoctor__Bio-Medical-Llama-3-8B,0.401,0.0478,False,False
105,Minami-su__test-7B-01,0.3798,0.069,False,False
106,bfuzzy1__acheron,0.247,0.2018,False,False
107,T145__ZEUS-8B-V10,0.4622,0.0134,False,False
108,bamec66557__NameLess-12B-prob,0.438,0.0108,False,False
109,Daemontatox__AetherDrake-SFT,0.4172,0.0316,False,False
110,Minami-su__test-v2-7B-00,0.375,0.0738,False,False
111,Saxo__Linkbricks-Horizon-AI-Korean-Superb-22B,0.483,0.0342,False,False
112,T145__KRONOS-8B-V7,0.3592,0.0896,False,False
113,sthenno-com__miscii-14b-1225,0.568,0.1192,False,False
114,zelk12__MT1-Gen5-gemma-2-9B,0.4866,0.0378,False,False
115,qingy2024__Falcon3-2x10B-MoE-Instruct,0.5224,0.0736,False,False
116,zelk12__MT2-Gen5-gemma-2-9B,0.4934,0.0446,False,False
117,mergekit-community__mergekit-ties-ykqemwr,0.442,0.0068,False,False
118,Daemontatox__RA_Reasoner,0.4972,0.0484,False,False
119,qingy2024__Fusion4-14B-Instruct,0.5606,0.1118,False,False
120,Daemontatox__PathfinderAI,0.5372,0.0884,False,False
121,Saxo__Linkbricks-Horizon-AI-Superb-27B,0.5228,0.074,False,False
122,iFaz__llama32_3B_en_emo_v2,0.3666,0.0822,False,False
123,JayHyeon__Qwen-0.5B-eDPO-5epoch,0.2582,0.1906,False,False
124,JayHyeon__Qwen-0.5B-IRPO-5epoch,0.2646,0.1842,False,False
125,JayHyeon__Qwen-0.5B-DPO-5epoch,0.2578,0.191,False,False
126,sometimesanotion__Qwenvergence-14B-v6-Prose-model_stock,0.5588,0.11,False,False
127,sometimesanotion__Qwenvergence-14B-v6-Prose,0.5668,0.118,False,False
128,JayHyeon__Qwen-0.5B-eDPO-1epoch,0.2614,0.1874,False,False
129,JayHyeon__Qwen-0.5B-IRPO-1epoch,0.2656,0.1832,False,False
130,khulaifi95__Llama-3.1-8B-Reason-Blend-888k,0.4042,0.0446,False,False
131,sometimesanotion__Qwentinuum-14B-v6-Prose,0.5674,0.1186,False,False
132,newsbang__Homer-v1.0-Qwen2.5-72B,0.6424,0.1936,False,False
133,sometimesanotion__Qwen2.5-14B-Vimarckoso-v2,0.5606,0.1118,False,False
134,zelk12__MT3-Gen5-gemma-2-9B,0.4982,0.0494,False,False
135,bunnycore__QwQen-3B-LCoT,0.3966,0.0522,False,False
136,T145__ZEUS-8B-V11,0.4542,0.0054,False,False
137,Sicarius-Prototyping__Micropenis_1B,0.2888,0.16,False,False
138,JayHyeon__Qwen2.5-0.5B-Instruct-SFT,0.2774,0.1714,False,False
139,JayHyeon__Qwen2.5-0.5B-Instruct-SFT-MDPO-1epoch_v1,0.2738,0.175,False,False
140,JayHyeon__Qwen2.5-0.5B-Instruct-SFT-DPO-1epoch_v1,0.2724,0.1764,False,False
141,JayHyeon__Qwen2.5-0.5B-Instruct-SFT-IRPO-1epoch_v1,0.2718,0.177,False,False
142,Xkev__Llama-3.2V-11B-cot,0.4142,0.0346,False,False
143,jaspionjader__Kosmos-VENN-8B,0.4346,0.0142,False,False
144,JayHyeon__Qwen2.5-0.5B-SFT,0.2592,0.1896,False,False
145,jaspionjader__Kosmos-Elusive-VENN-8B,0.4352,0.0136,False,False
146,jaspionjader__Kosmos-Elusive-8b,0.432,0.0168,False,False
147,Krystalan__DRT-o1-14B,0.5444,0.0956,False,False
148,jaspionjader__Kosmos-Aurora_faustus-8B,0.429,0.0198,False,False
149,jaspionjader__Kosmos-Elusive-VENN-Aurora_faustus-8B,0.4302,0.0186,False,False
150,jaspionjader__Kosmos-Elusive-VENN-Asymmetric-8B,0.4346,0.0142,False,False
151,jaspionjader__Kosmos-EVAA-8B,0.4336,0.0152,False,False
152,jaspionjader__Kosmos-EVAA-v2-8B,0.4348,0.014,False,False
153,JayHyeon__Qwen2.5-0.5B-SFT-MDPO-1epoch_v1,0.2676,0.1812,False,False
154,jaspionjader__Auro-Kosmos-EVAA-v2-8B,0.4476,0.0012,False,False
155,sometimesanotion__Qwen2.5-14B-Vimarckoso-v3-model_stock,0.5598,0.111,False,False
156,jaspionjader__Auro-Kosmos-EVAA-v2.1-8B,0.4478,0.001,False,False
157,jaspionjader__Auro-Kosmos-EVAA-v2.2-8B,0.4448,0.004,False,False
158,DavieLion__Lllma-3.2-1B,0.2442,0.2046,False,False
159,jaspionjader__Kosmos-EVAA-v3-8B,0.4352,0.0136,False,False
160,jaspionjader__Auro-Kosmos-EVAA-v2.3-8B,0.4474,0.0014,False,False
161,jaspionjader__Kosmos-EVAA-v4-8B,0.4336,0.0152,False,False
162,jaspionjader__Kosmos-EVAA-v5-8B,0.436,0.0128,False,False
163,jaspionjader__Kosmos-EVAA-v6-8B,0.4368,0.012,False,False
164,jaspionjader__Kosmos-EVAA-v7-8B,0.4332,0.0156,False,False
165,jaspionjader__Kosmos-EVAA-v8-8B,0.436,0.0128,False,False
166,jaspionjader__Kosmos-EVAA-v9-8B,0.4342,0.0146,False,False
167,sometimesanotion__Qwen2.5-14B-Vimarckoso-v3,0.564,0.1152,False,False
168,Khetterman__Kosmos-8B-v1,0.422,0.0268,False,False
169,DreadPoor__UNTESTED-VENN_1.2-8B-Model_Stock,0.45,0.0012,False,False
170,SkyOrbis__SKY-Ko-Llama3.2-1B-lora-v2-epoch3,0.2984,0.1504,False,False
171,SkyOrbis__SKY-Ko-Llama3.2-3B-lora-epoch1,0.3812,0.0676,False,False
172,jaspionjader__Kosmos-EVAA-v12-8B,0.4382,0.0106,False,False
173,jaspionjader__Kosmos-EVAA-Fusion-8B,0.4424,0.0064,False,False
174,bunnycore__Llama-3.2-3B-RP-DeepThink,0.3936,0.0552,False,False
175,appvoid__arco-2-instruct,0.251,0.1978,False,False
176,SkyOrbis__SKY-Ko-Llama3.2-1B-lora-epoch5,0.2984,0.1504,False,False
177,jaspionjader__Kosmos-EVAA-v11-8B,0.4402,0.0086,False,False
178,agentlans__Llama3.1-8B-drill,0.4378,0.011,False,False
179,jaspionjader__Kosmos-EVAA-v10-8B,0.4356,0.0132,False,False
180,jaspionjader__Kosmos-EVAA-v9-TitanFusion-Mix-8B,0.4442,0.0046,False,False
181,jaspionjader__Kosmos-EVAA-gamma-light-8B,0.439,0.0098,False,False
182,jaspionjader__Kosmos-EVAA-gamma-8B,0.436,0.0128,False,False
183,jaspionjader__Kosmos-EVAA-gamma-alt-8B,0.4358,0.013,False,False
184,jaspionjader__Kosmos-EVAA-gamma-light-alt-8B,0.4368,0.012,False,False
185,jaspionjader__Kosmos-EVAA-gamma-v13-8B,0.4362,0.0126,False,False
186,T145__ZEUS-8B-V12,0.461,0.0122,False,False
187,mergekit-community__sexeh_time_testing,0.4342,0.0146,False,False
188,zelk12__MT3-Gen5-gemma-2-9B_v1,0.5062,0.0574,False,False
189,DreadPoor__VENN_1.2-8B-Model_Stock,0.464,0.0152,False,False
190,jaspionjader__Kosmos-EVAA-gamma-v14-8B,0.436,0.0128,False,False
191,jaspionjader__Kosmos-EVAA-gamma-v15-8B,0.4348,0.014,False,False
192,Skywork__Skywork-Reward-Gemma-2-27B-v0.2,0.5058,0.057,False,False
193,jaspionjader__Kosmos-EVAA-gamma-v16-8B,0.4342,0.0146,False,False
194,jaspionjader__Kosmos-EVAA-gamma-v17-8B,0.4352,0.0136,False,False
195,jaspionjader__gamma-Kosmos-EVAA-8B,0.4266,0.0222,False,False
196,jaspionjader__gamma-Kosmos-EVAA-v2-8B,0.4298,0.019,False,False
197,jaspionjader__gamma-Kosmos-EVAA-v3-8B,0.4314,0.0174,False,False
198,jaspionjader__Kosmos-EVAA-gamma-v18-8B,0.4354,0.0134,False,False
199,JayHyeon__Qwen2.5-0.5B-SFT-1e-5,0.2624,0.1864,False,False
200,JayHyeon__Qwen2.5-0.5B-SFT-5e-5,0.255,0.1938,False,False
201,JayHyeon__Qwen2.5-0.5B-SFT-7e-5,0.2588,0.19,False,False
202,JayHyeon__Qwen2.5-0.5B-SFT-1e-4,0.2446,0.2042,False,False
203,JayHyeon__Qwen2.5-0.5B-SFT-2e-4,0.2464,0.2024,False,False
204,sometimesanotion__Qwen2.5-14B-Vimarckoso-v3-IF-Variant,0.487,0.0382,False,False
205,SkyOrbis__SKY-Ko-Llama3.2-1B-lora-v2-epoch5,0.293,0.1558,False,False
206,JayHyeon__Qwen2.5-0.5B-SFT-2e-5,0.2648,0.184,False,False
207,Daemontatox__AetherTOT,0.4212,0.0276,False,False
208,Invalid-Null__PeiYangMe-0.7,0.2478,0.201,False,False
209,Invalid-Null__PeiYangMe-0.5,0.2274,0.2214,False,False
210,grimjim__Magnolia-v3-12B,0.4408,0.008,False,False
211,grimjim__Gigantes-v1-gemma2-9b-it,0.4882,0.0394,False,False
212,jaspionjader__TSN-Kosmos-EVAA-8B,0.4432,0.0056,False,False
213,jaspionjader__TSN-Kosmos-EVAA-v2-8B,0.4372,0.0116,False,False
214,jaspionjader__Kosmos-EVAA-TSN-8B,0.4322,0.0166,False,False
215,jaspionjader__Kosmos-EVAA-TSN-light-8B,0.4342,0.0146,False,False
216,jaspionjader__Kosmos-EVAA-TSN-v19-8B,0.436,0.0128,False,False
217,zelk12__MT4-Gen5-gemma-2-9B,0.5096,0.0608,False,False
218,jaspionjader__Kosmos-EVAA-TSN-v20-8B,0.4286,0.0202,False,False
219,jaspionjader__Kosmos-EVAA-TSN-v21-8B,0.4326,0.0162,False,False
220,jaspionjader__Kosmos-EVAA-TSN-v22-8B,0.4318,0.017,False,False
221,pankajmathur__orca_mini_v9_1_1B-Instruct,0.2768,0.172,False,False
222,pankajmathur__orca_mini_v9_0_3B-Instruct,0.3828,0.066,False,False
223,allura-org__TQ2.5-14B-Aletheia-v1,0.5636,0.1148,False,False
224,DavieLion__Llama-3.2-1B-SPIN-iter0,0.2408,0.208,False,False
225,Daemontatox__PixelParse_AI,0.4212,0.0276,False,False
226,BlackBeenie__Llama-3.1-8B-OpenO1-SFT-v0.1,0.3936,0.0552,False,False
227,DavieLion__Llama-3.2-1B-SPIN-iter3,0.2454,0.2034,False,False
228,DavieLion__Llama-3.2-1B-SPIN-iter1,0.2464,0.2024,False,False
229,DavieLion__Llama-3.2-1B-SPIN-iter2,0.245,0.2038,False,False
230,godlikehhd__qwen_ins_ans_2500,0.3352,0.1136,False,False
231,JayHyeon__Qwen2.5-0.5B-SFT-7e-5-3ep,0.264,0.1848,False,False
232,JayHyeon__Qwen2.5-0.5B-SFT-5e-5-3ep,0.2726,0.1762,False,False
233,JayHyeon__Qwen2.5-0.5B-SFT-2e-5-3ep,0.2648,0.184,False,False
234,JayHyeon__Qwen2.5-0.5B-SFT-1e-5-3ep,0.2672,0.1816,False,False
235,godlikehhd__qwen-2.5-1.5b-cherry,0.335,0.1138,False,False
236,JayHyeon__Qwen2.5-0.5B-SFT-1e-4-3ep,0.254,0.1948,False,False
237,JayHyeon__Qwen2.5-0.5B-SFT-2e-4-3ep,0.253,0.1958,False,False
238,godlikehhd__qwen_2.5-1.5b-cherry_new,0.3432,0.1056,False,False
239,someon98__qwen-CoMa-0.5b,0.248,0.2008,False,False
240,godlikehhd__qwen_full_data_alpaca,0.3454,0.1034,False,False
241,grimjim__Gigantes-v2-gemma2-9b-it,0.4874,0.0386,False,False
242,MrRobotoAI__MrRoboto-ProLong-8b-v4i,0.3714,0.0774,False,False
243,MrRobotoAI__MrRoboto-ProLongBASE-pt8-unaligned-8b,0.3638,0.085,False,False
244,Daemontatox__RA_Reasoner2.0,0.4992,0.0504,False,False
245,DreadPoor__BaeZel-8B-Model_Stock,0.4628,0.014,False,False
246,Saxo__Linkbricks-Horizon-AI-Korean-Avengers-V3-27B,0.5304,0.0816,False,False
247,jeffmeloy__Qwen2.5-7B-olm-v1.1,0.4742,0.0254,False,False
248,fluently-sets__FalconThink3-10B-IT,0.5206,0.0718,False,False
249,OEvortex__Emotional-llama-8B,0.3952,0.0536,False,False
250,zelk12__MT5-Gen5-gemma-2-9B,0.4978,0.049,False,False
251,bunnycore__Smol-Llama-3.2-3B,0.3992,0.0496,False,False
252,jaspionjader__PRP-Kosmos-EVAA-8B,0.4248,0.024,False,False
253,jaspionjader__PRP-Kosmos-EVAA-light-8B,0.4326,0.0162,False,False
254,Saxo__Linkbricks-Horizon-AI-Korean-Avengers-V2-27B,0.5124,0.0636,False,False
255,jaspionjader__Kosmos-EVAA-PRP-8B,0.4164,0.0324,False,False
256,jaspionjader__Kosmos-EVAA-PRP-light-8B,0.425,0.0238,False,False
257,jaspionjader__Kosmos-EVAA-PRP-v23-8B,0.4344,0.0144,False,False
258,jaspionjader__Kosmos-EVAA-PRP-v24-8B,0.432,0.0168,False,False
259,grimjim__Gigantes-v3-gemma2-9b-it,0.4916,0.0428,False,False
260,grimjim__Magnolia-v2-Gemma2-8k-9B,0.508,0.0592,False,False
261,jaspionjader__Kosmos-EVAA-PRP-v25-8B,0.4364,0.0124,False,False
262,jaspionjader__Kosmos-EVAA-PRP-v26-8B,0.431,0.0178,False,False
263,jaspionjader__Kosmos-EVAA-PRP-v27-8B,0.4358,0.013,False,False
264,jaspionjader__Kosmos-EVAA-PRP-v28-8B,0.434,0.0148,False,False
265,sometimesanotion__IF-reasoning-experiment-80,0.3688,0.08,False,False
266,JayHyeon__Qwen2.5-0.5B-SFT-7e-5-2ep,0.251,0.1978,False,False
267,JayHyeon__Qwen2.5-0.5B-SFT-1e-5-2ep,0.2652,0.1836,False,False
268,JayHyeon__Qwen2.5-0.5B-SFT-5e-5-2ep,0.2648,0.184,False,False
269,JayHyeon__Qwen2.5-0.5B-SFT-2e-5-2ep,0.2702,0.1786,False,False
270,sometimesanotion__IF-reasoning-experiment-40,0.5322,0.0834,False,False
271,JayHyeon__Qwen2.5-0.5B-SFT-2e-4-5ep,0.2534,0.1954,False,False
272,jaspionjader__Kosmos-EVAA-PRP-v29-8B,0.431,0.0178,False,False
273,jaspionjader__Kosmos-EVAA-PRP-v30-8B,0.4334,0.0154,False,False
274,jaspionjader__Kosmos-EVAA-PRP-v31-8B,0.4306,0.0182,False,False
275,jaspionjader__Kosmos-EVAA-PRP-v32-8B,0.4346,0.0142,False,False
276,jaspionjader__Kosmos-EVAA-PRP-v33-8B,0.4336,0.0152,False,False
277,JayHyeon__Qwen2.5-0.5B-SFT-2e-5-5ep,0.2738,0.175,False,False
278,jaspionjader__Kosmos-EVAA-PRP-v34-8B,0.4336,0.0152,False,False
279,JayHyeon__Qwen2.5-0.5B-SFT-5e-5-5ep,0.2658,0.183,False,False
280,JayHyeon__Qwen2.5-0.5B-SFT-7e-5-5ep,0.2638,0.185,False,False
281,JayHyeon__Qwen2.5-0.5B-SFT-1e-4-2ep,0.2574,0.1914,False,False
282,grimjim__Magnolia-v2-12B,0.433,0.0158,False,False
283,JayHyeon__Qwen2.5-0.5B-SFT-2e-4-2ep,0.2432,0.2056,False,False
284,JayHyeon__Qwen2.5-0.5B-SFT-1e-4-5ep,0.2532,0.1956,False,False
285,SkyOrbis__SKY-Ko-Llama3.2-3B-lora-epoch2,0.3812,0.0676,False,False
286,JayHyeon__Qwen2.5-0.5B-SFT-1e-5-5ep,0.2674,0.1814,False,False
287,T145__ZEUS-8B-V13,0.4634,0.0146,False,False
288,Saxo__Linkbricks-Horizon-AI-Avengers-V2-32B,0.534,0.0852,False,False
289,grimjim__Magnolia-v1-Gemma2-8k-9B,0.4574,0.0086,False,False
290,qingy2024__OwO-14B-Instruct,0.4984,0.0496,False,False
291,Saxo__Linkbricks-Horizon-AI-Avengers-V1-32B,0.5526,0.1038,False,False
292,sometimesanotion__Qwen2.5-14B-Vimarckoso-v3-Prose01,0.558,0.1092,False,False
293,grimjim__Magot-v2-Gemma2-8k-9B,0.4826,0.0338,False,False
294,Daemontatox__AetherSett,0.4818,0.033,False,False
295,Daemontatox__Sphinx2.0,0.5088,0.06,False,False
296,zelk12__MT-Merge5-gemma-2-9B,0.5118,0.063,False,False
297,T145__ZEUS-8B-V2-abliterated,0.4554,0.0066,False,False
298,pankajmathur__orca_mini_v9_5_1B-Instruct_preview,0.275,0.1738,False,False
299,OpenBuddy__openbuddy-qwq-32b-v24.2-200k,0.577,0.1282,False,False
300,Daemontatox__PathFinderAI2.0,0.5332,0.0844,False,False
301,grimjim__Magnolia-v3-Gemma2-8k-9B,0.5072,0.0584,False,False
302,T145__ZEUS-8B-V14,0.463,0.0142,False,False
303,SkyOrbis__SKY-Ko-Llama3.2-3B-lora-epoch3,0.3812,0.0676,False,False
304,JayHyeon__Qwen2.5-0.5B-SFT-2e-5-5ep-MDPO_5e-7_3ep_0alp_0lam_2ep,0.2678,0.181,False,False
305,JayHyeon__Qwen2.5-0.5B-SFT-2e-5-5ep-MDPO_5e-7_3ep_0alp_0lam,0.2728,0.176,False,False
306,JayHyeon__Qwen2.5-0.5B-SFT-2e-5-5ep-MDPO_7e-7_3ep_0alp_0lam,0.2672,0.1816,False,False
307,JayHyeon__Qwen2.5-0.5B-SFT-2e-5-5ep-MDPO_5e-7_3ep_0alp_0lam_1ep,0.2658,0.183,False,False
308,JayHyeon__Qwen2.5-0.5B-SFT-2e-5-5ep-MDPO_7e-7_3ep_0alp_0lam_2ep,0.2704,0.1784,False,False
309,JayHyeon__Qwen2.5-0.5B-SFT-2e-5-5ep-MDPO_7e-7_3ep_0alp_0lam_1ep,0.2682,0.1806,False,False
310,godlikehhd__ifd_2500_qwen,0.3488,0.1,False,False
311,godlikehhd__ifd_new_qwen_2500,0.3456,0.1032,False,False
312,Saxo__Linkbricks-Horizon-AI-Avengers-V3-32B,0.5402,0.0914,False,False
313,Saxo__Linkbricks-Horizon-AI-Avengers-V4-32B,0.5918,0.143,False,False
314,SkyOrbis__SKY-Ko-Llama3.1-8B-lora,0.434,0.0148,False,False
315,cloudyu__Mixtral_7Bx2_MoE,0.4216,0.0272,False,False
316,T145__ZEUS-8B-V15,0.445,0.0038,False,False
317,T145__ZEUS-8B-V2-ORPO,0.4406,0.0082,False,False
318,TheDrunkenSnail__Son-of-Rhodia,0.4356,0.0132,False,False
319,JayHyeon__Qwen2.5-0.5B-SFT-2e-5-2ep-MDPO_5e-7_2ep_0alp_0lam,0.2614,0.1874,False,False
320,JayHyeon__Qwen2.5-0.5B-SFT-2e-5-2ep-MDPO_5e-7_1ep_0alp_0lam,0.2646,0.1842,False,False
321,godlikehhd__ifd_new_correct_sample_2500_qwen,0.344,0.1048,False,False
322,godlikehhd__ifd_new_correct_all_sample_2500_qwen,0.3364,0.1124,False,False
323,bunnycore__Qwen2.5-3B-RP-Thinker,0.3472,0.1016,False,False
324,JayHyeon__Qwen2.5-0.5B-SFT-2e-5-2ep-MDPO_5e-7-3ep_0alp_0lam,0.2612,0.1876,False,False
325,bunnycore__Qwen2.5-3B-RP-Thinker-V2,0.3852,0.0636,False,False
326,DreadPoor__Happy_New_Year-8B-Model_Stock,0.4606,0.0118,False,False
327,Saxo__Linkbricks-Horizon-AI-Avengers-V5-32B,0.5918,0.143,False,False
328,zelk12__MT1-Gen5-IF-gemma-2-S2DMv1-9B,0.4882,0.0394,False,False
329,zelk12__Rv0.4DMv1t0.25-gemma-2-9B,0.5104,0.0616,False,False
330,zelk12__Rv0.4DMv1t0.25Tt0.25-gemma-2-9B,0.5036,0.0548,False,False
331,zelk12__T31122024203920-gemma-2-9B,0.5078,0.059,False,False
332,Daemontatox__TinySphinx2.0,0.2654,0.1834,False,False
333,Daemontatox__TinySphinx,0.272,0.1768,False,False
334,Daemontatox__ReasonTest,0.4532,0.0044,False,False
335,Daemontatox__SphinX,0.469,0.0202,False,False
336,DreadPoor__Here_We_Go_Again-8B-SLERP,0.47,0.0212,False,False
337,Daemontatox__PathFinderAi3.0,0.596,0.1472,False,False
338,Daemontatox__NemoR,0.4176,0.0312,False,False
339,T145__ZEUS-8B-V16,0.46,0.0112,False,False
340,sometimesanotion__Lamarck-14B-v0.6-model_stock,0.553,0.1042,False,False
341,jaspionjader__test-10,0.434,0.0148,False,False
342,jaspionjader__test-11,0.4366,0.0122,False,False
343,JayHyeon__Qwen2.5-0.5B-SFT-2e-5-2ep-DPO_5e-7_3ep_0alp_0lam,0.2618,0.187,False,False
344,JayHyeon__Qwen2.5-0.5B-SFT-2e-5-2ep-DPO_5e-7_2ep_0alp_0lam,0.2602,0.1886,False,False
345,JayHyeon__Qwen2.5-0.5B-SFT-2e-5-2ep-DPO_7e-7_2ep_0alp_0lam,0.2604,0.1884,False,False
346,JayHyeon__Qwen2.5-0.5B-SFT-2e-5-2ep-DPO_7e-7_3ep_0alp_0lam,0.2608,0.188,False,False
347,JayHyeon__Qwen2.5-0.5B-SFT-2e-5-2ep-DPO_7e-7_1ep_0alp_0lam,0.2638,0.185,False,False
348,jaspionjader__test-20,0.4368,0.012,False,False
349,JayHyeon__Qwen2.5-0.5B-SFT-2e-5-2ep-DPO_5e-7_1ep_0alp_0lam,0.2624,0.1864,False,False
350,JayHyeon__Qwen2.5-0.5B-SFT-2e-5-2ep-MDPO_7e-7-3ep_0alp_0lam,0.2586,0.1902,False,False
351,jaspionjader__test-12,0.4346,0.0142,False,False
352,JayHyeon__Qwen2.5-0.5B-SFT-2e-5-2ep-MDPO_7e-7_1ep_0alp_0lam,0.2604,0.1884,False,False
353,jaspionjader__test-13,0.4356,0.0132,False,False
354,JayHyeon__Qwen2.5-0.5B-SFT-2e-5-2ep-MDPO_7e-7_2ep_0alp_0lam,0.26,0.1888,False,False
355,jaspionjader__test-14,0.4366,0.0122,False,False
356,jaspionjader__test-16,0.437,0.0118,False,False
357,jaspionjader__test-15,0.4338,0.015,False,False
358,jaspionjader__test-18,0.4324,0.0164,False,False
359,jaspionjader__test-17,0.432,0.0168,False,False
360,jaspionjader__test-19,0.43,0.0188,False,False
361,T145__ZEUS-8B-V13-abliterated,0.452,0.0032,False,False
362,Ahdoot__StructuredThinker-v0.3-MoreStructure,0.4146,0.0342,False,False
363,JayHyeon__Qwen2.5-0.5B-SFT-2e-5-2ep-MDPO_1e-6_2ep_0alp_0lam,0.2606,0.1882,False,False
364,T145__ZEUS-8B-V17,0.464,0.0152,False,False
365,JayHyeon__Qwen2.5-0.5B-SFT-2e-5-2ep-MDPO_1e-6_1ep_0alp_0lam,0.2646,0.1842,False,False
366,JayHyeon__Qwen2.5-0.5B-SFT-2e-5-2ep-MDPO_2e-6_1ep_0alp_0lam,0.2662,0.1826,False,False
367,JayHyeon__Qwen2.5-0.5B-SFT-2e-5-2ep-MDPO_2e-6_2ep_0alp_0lam,0.2608,0.188,False,False
368,JayHyeon__Qwen2.5-0.5B-SFT-2e-5-2ep-MDPO_1e-6-3ep_0alp_0lam,0.2608,0.188,False,False
369,JayHyeon__Qwen2.5-0.5B-SFT-2e-5-2ep-MDPO_2e-6-3ep_0alp_0lam,0.2644,0.1844,False,False
370,netcat420__Qwen2.5-Coder-Scholar-7B-Abliterated-MFANN,0.4184,0.0304,False,False
371,agentlans__Qwen2.5-0.5B-Instruct-CrashCourse-dropout,0.2714,0.1774,False,False
372,Skywork__Skywork-o1-Open-Llama-3.1-8B,0.345,0.1038,False,False
373,Saxo__Linkbricks-Horizon-AI-Avengers-V6-32B,0.5378,0.089,False,False
374,sometimesanotion__Lamarck-14B-v0.6-002-model_stock,0.54,0.0912,False,False
375,zelk12__Test01012025155054,0.237,0.2118,False,False
376,bunnycore__Llama-3.2-3B-Deep-Test,0.3728,0.076,False,False
377,Daemontatox__RA2.0,0.4298,0.019,False,False
378,zelk12__MTM-Merge-gemma-2-9B,0.5126,0.0638,False,False
379,jeffmeloy__Qwen2.5-7B-olm-v1.2,0.4788,0.03,False,False
380,jaspionjader__f-1-8b,0.4248,0.024,False,False
381,pankajmathur__orca_mini_v9_5_3B-Instruct,0.3882,0.0606,False,False
382,jaspionjader__f-2-8b,0.43,0.0188,False,False
383,JayHyeon__Qwen2.5-0.5B-SFT-2e-5-2ep-MDPO_3e-6-2ep_0alp_0lam,0.265,0.1838,False,False
384,jaspionjader__f-3-8b,0.4308,0.018,False,False
385,T145__ZEUS-8B-V17-abliterated,0.4338,0.015,False,False
386,JayHyeon__Qwen2.5-0.5B-SFT-2e-5-2ep-MDPO_3e-6-1ep_0alp_0lam,0.2646,0.1842,False,False
387,jaspionjader__f-4-8b,0.4322,0.0166,False,False
388,jaspionjader__f-6-8b,0.432,0.0168,False,False
389,jaspionjader__f-5-8b,0.4356,0.0132,False,False
390,jaspionjader__f-7-8b,0.4344,0.0144,False,False
391,zelk12__Test01012025155054t0.5_gemma-2,0.237,0.2118,False,False
392,T145__ZEUS-8B-V18,0.463,0.0142,False,False
393,JayHyeon__Qwen2.5-0.5B-SFT-2e-5-2ep-MDPO_5e-6-2ep_0alp_0lam,0.2658,0.183,False,False
394,JayHyeon__Qwen2.5-0.5B-SFT-2e-5-2ep-MDPO_5e-6-1ep_0alp_0lam,0.2668,0.182,False,False
395,JayHyeon__Qwen2.5-0.5B-SFT-2e-5-2ep-DPO_1e-6-1ep_0alp_0lam,0.2602,0.1886,False,False
396,allura-org__Teleut-7b,0.453,0.0042,False,False
397,JayHyeon__Qwen2.5-0.5B-SFT-2e-5-2ep-DPO_1e-6-2ep_0alp_0lam,0.2618,0.187,False,False
398,JayHyeon__Qwen2.5-0.5B-SFT-2e-5-2ep-MDPO_3e-6-3ep_0alp_0lam,0.2672,0.1816,False,False
399,JayHyeon__Qwen2.5-0.5B-SFT-2e-5-2ep-DPO_2e-6-1ep_0alp_0lam,0.264,0.1848,False,False
400,JayHyeon__Qwen2.5-0.5B-SFT-2e-5-2ep-MDPO_5e-6-3ep_0alp_0lam,0.2684,0.1804,False,False
401,JayHyeon__Qwen2.5-0.5B-SFT-2e-5-2ep-DPO_2e-6-2ep_0alp_0lam,0.2628,0.186,False,False
402,JayHyeon__Qwen2.5-0.5B-SFT-2e-5-2ep-DPO_3e-6-1ep_0alp_0lam,0.2682,0.1806,False,False
403,JayHyeon__Qwen2.5-0.5B-SFT-2e-5-2ep-DPO_1e-6-3ep_0alp_0lam,0.2608,0.188,False,False
404,JayHyeon__Qwen2.5-0.5B-SFT-2e-5-2ep-DPO_3e-6-2ep_0alp_0lam,0.2616,0.1872,False,False
405,JayHyeon__Qwen2.5-0.5B-SFT-2e-5-2ep-DPO_5e-6-1ep_0alp_0lam,0.2674,0.1814,False,False
406,JayHyeon__Qwen2.5-0.5B-SFT-2e-5-2ep-DPO_2e-6-3ep_0alp_0lam,0.2648,0.184,False,False
407,JayHyeon__Qwen2.5-0.5B-SFT-2e-5-2ep-DPO_5e-6-2ep_0alp_0lam,0.2668,0.182,False,False
408,jaspionjader__f-8-8b,0.4348,0.014,False,False
409,jaspionjader__f-9-8b,0.435,0.0138,False,False
410,pankajmathur__orca_mini_v9_5_1B-Instruct,0.2814,0.1674,False,False
411,OpenBuddy__openbuddy-falcon3-10b-v24.2-131k,0.4914,0.0426,False,False
412,grimjim__Llama-Nephilim-Metamorphosis-v2-8B,0.4224,0.0264,False,False
413,JayHyeon__Qwen2.5-0.5B-SFT-2e-5-2ep-IRPO_5e-7-2ep_1alp_0lam,0.2646,0.1842,False,False
414,JayHyeon__Qwen2.5-0.5B-SFT-2e-5-2ep-IRPO_5e-7-3ep_1alp_0lam,0.2656,0.1832,False,False
415,JayHyeon__Qwen2.5-0.5B-SFT-2e-5-2ep-IRPO_5e-7-1ep_1alp_0lam,0.2632,0.1856,False,False
416,SkyOrbis__SKY-Ko-Llama3.1-8B-lora-epoch1,0.434,0.0148,False,False
417,DebateLabKIT__Llama-3.1-Argunaut-1-8B-SFT,0.4056,0.0432,False,False
418,jaspionjader__dp-6-8b,0.437,0.0118,False,False
419,JayHyeon__Qwen2.5-0.5B-SFT-2e-5-2ep-DPOP_5e-7-2ep_0alp_5lam,0.2592,0.1896,False,False
420,JayHyeon__Qwen2.5-0.5B-SFT-2e-5-2ep-DPOP_5e-7-1ep_0alp_5lam,0.2612,0.1876,False,False
421,jaspionjader__dp-7-8b,0.433,0.0158,False,False
422,JayHyeon__Qwen2.5-0.5B-SFT-2e-5-2ep-DPO_3e-6-3ep_0alp_0lam,0.2654,0.1834,False,False
423,JayHyeon__Qwen2.5-0.5B-SFT-2e-5-2ep-DPOP_5e-7-3ep_0alp_5lam,0.2626,0.1862,False,False
424,sometimesanotion__Qwenvergence-14B-v0.6-004-model_stock,0.5462,0.0974,False,False
425,sometimesanotion__Qwenvergence-14B-qv256,0.5558,0.107,False,False
426,cognitivecomputations__Dolphin3.0-Llama3.1-8B,0.4156,0.0332,False,False
427,Sharathhebbar24__chat_gpt2_dpo,0.2394,0.2094,False,False
428,bfuzzy1__llambses-1,0.4084,0.0404,False,False
429,Daemontatox__MawaredT1,0.4374,0.0114,False,False
430,ehristoforu__falcon3-ultraset,0.4828,0.034,False,False
431,ehristoforu__rufalcon3-3b-it,0.3682,0.0806,False,False
432,ehristoforu__ruphi-4b,0.245,0.2038,False,False
433,netcat420__Qwen2.5-7B-nerd-uncensored-v0.9-MFANN,0.4194,0.0294,False,False
434,JayHyeon__Qwen2.5-0.5B-SFT-2e-5-2ep-DPOP_5e-6-1ep_0alp_5lam,0.2724,0.1764,False,False
435,JayHyeon__Qwen2.5-0.5B-SFT-2e-5-2ep-DPOP_5e-6-2ep_0alp_5lam,0.2706,0.1782,False,False
436,ehristoforu__coolqwen-3b-it,0.3954,0.0534,False,False
437,JayHyeon__Qwen2.5-0.5B-SFT-2e-5-2ep-DPOP_5e-6-3ep_0alp_5lam,0.2648,0.184,False,False
438,JayHyeon__Qwen2.5-0.5B-SFT-2e-5-2ep-IRPO_5e-6-1ep_1alp_0lam,0.2628,0.186,False,False
439,JayHyeon__Qwen2.5-0.5B-SFT-2e-5-2ep-IRPO_5e-6-2ep_1alp_0lam,0.2696,0.1792,False,False
440,zelk12__MT-Max-Merge_02012025163610-gemma-2-9B,0.5138,0.065,False,False
441,JayHyeon__Qwen2.5-0.5B-SFT-2e-5-2ep-IRPO_5e-6-3ep_1alp_0lam,0.27,0.1788,False,False
442,grimjim__HuatuoSkywork-o1-Llama-3.1-8B,0.4354,0.0134,False,False
443,JayHyeon__Qwen2.5-0.5B-SFT-2e-5-2ep-DPO_5e-6-3ep_0alp_0lam,0.2662,0.1826,False,False
444,T145__ZEUS-8B-V19,0.465,0.0162,False,False
445,DreadPoor__Derivative-8B-Model_Stock,0.4658,0.017,False,False
446,sumink__Qwensci,0.2628,0.186,False,False
447,netcat420__MFANN3bv1.1,0.2728,0.176,False,False
448,bfuzzy1__acheron-d,0.2474,0.2014,False,False
449,mergekit-community__diabolic6045_ELN-AOC-CAIN,0.2586,0.1902,False,False
450,Alepach__notHumpback-M1,0.241,0.2078,False,False
451,Alepach__notHumpback-M0,0.2432,0.2056,False,False
452,jaspionjader__Kosmos-EVAA-Franken-v38-8B,0.4284,0.0204,False,False
453,Sakalti__light-3B,0.4108,0.038,False,False
454,Danielbrdz__Barcenas-10b,0.507,0.0582,False,False
455,pankajmathur__orca_mini_v9_6_1B-Instruct,0.3204,0.1284,False,False
456,agentlans__Llama-3.2-1B-Instruct-CrashCourse12K,0.3082,0.1406,False,False
457,pankajmathur__orca_mini_v9_7_1B-Instruct,0.2946,0.1542,False,False
458,vonjack__Phi-3-mini-4k-instruct-LLaMAfied,0.475,0.0262,False,False
459,jaspionjader__Kosmos-EVAA-Franken-Immersive-v39-8B,0.428,0.0208,False,False
460,jaspionjader__fr-10-8b,0.4268,0.022,False,False
461,pankajmathur__orca_mini_v9_7_3B-Instruct,0.299,0.1498,False,False
462,jaspionjader__fr-1-8b,0.4198,0.029,False,False
463,jaspionjader__fct-14-8b,0.4262,0.0226,False,False
464,jaspionjader__fr-3-8b,0.4256,0.0232,False,False
465,jaspionjader__fct-9-8b,0.4298,0.019,False,False
466,ehristoforu__Falcon3-8B-Franken-Basestruct,0.4108,0.038,False,False
467,Ahdoot__Test_StealthThinker,0.3944,0.0544,False,False
468,Sakalti__Saba2-3B,0.2448,0.204,False,False
469,T145__ZEUS-8B-V17-abliterated-V2,0.4142,0.0346,False,False
470,sumink__Qwenmplus,0.2998,0.149,False,False
471,T145__ZEUS-8B-V17-abliterated-V4,0.4304,0.0184,False,False
472,Nitral-AI__Captain-Eris_Violet-V0.420-12B,0.4532,0.0044,False,False
473,bunnycore__FwF-Qwen-7B-0.1,0.4086,0.0402,False,False
474,FuseAI__FuseChat-Llama-3.1-8B-Instruct,0.428,0.0208,False,False
475,JayHyeon__Qwen2.5-0.5B-SFT-2e-5-2ep-MDPO_0.5_1e-7-2ep_0alp_0lam,0.2632,0.1856,False,False
476,JayHyeon__Qwen2.5-0.5B-SFT-2e-5-2ep-MDPO_0.5_1e-7-1ep_0alp_0lam,0.2628,0.186,False,False
477,JayHyeon__Qwen2.5-0.5B-SFT-2e-5-2ep-IRPO_1e-7-1ep_1alp_0lam,0.2658,0.183,False,False
478,JayHyeon__Qwen2.5-0.5B-SFT-2e-5-2ep-IRPO_1e-7-2ep_1alp_0lam,0.2646,0.1842,False,False
479,JayHyeon__Qwen2.5-0.5B-SFT-2e-5-2ep-IRPO_3e-7-3ep_1alp_0lam,0.2626,0.1862,False,False
480,grimjim__Llama3.1-SuperNovaLite-HuatuoSkywork-o1-8B,0.4574,0.0086,False,False
481,DreadPoor__Derivative_V2_ALT-8B-Model_Stock,0.4668,0.018,False,False
482,JayHyeon__Qwen2.5-0.5B-SFT-2e-5-2ep-DPOP_3e-7-3ep_0alp_5lam,0.2626,0.1862,False,False
483,inflatebot__MN-12B-Mag-Mell-R1,0.4292,0.0196,False,False
484,DreadPoor__Derivative_V2-8B-Model_Stock,0.4636,0.0148,False,False
485,crestf411__MN-Slush,0.4384,0.0104,False,False
486,Sakalti__light-1.1-3B,0.243,0.2058,False,False
487,noname0202__gemma-2-9b-sft-jp-en-zh-v2,0.3662,0.0826,False,False
488,IlyaGusev__gemma-2-2b-it-abliterated,0.3454,0.1034,False,False
489,tannedbum__L3-Nymeria-Maid-8B,0.4324,0.0164,False,False
490,jsfs11__L3-8B-Stheno-slerp,0.4394,0.0094,False,False
491,Sao10K__L3-8B-Niitama-v1,0.4422,0.0066,False,False
492,JayHyeon__Qwen_0.5-DPO_3e-6-3ep_0alp_0lam,0.2722,0.1766,False,False
493,ngxson__MiniThinky-1B-Llama-3.2,0.2616,0.1872,False,False
494,prithivMLmods__SmolLM2-CoT-360M,0.2574,0.1914,False,False
495,prithivMLmods__Triangulum-5B,0.2526,0.1962,False,False
496,ibm__PowerLM-3b,0.305,0.1438,False,False
497,mkurman__llama-3.2-MEDIT-3B-o1,0.3656,0.0832,False,False
498,tannedbum__L3-Nymeria-v2-8B,0.4392,0.0096,False,False
499,ewre324__Thinker-Llama-3.2-3B-Instruct-Reasoning,0.357,0.0918,False,False
500,JayHyeon__Qwen2.5-0.5B-SFT-2e-5-2ep-MDPO_0.5_1e-7-3ep_0alp_0lam,0.2646,0.1842,False,False
501,JayHyeon__Qwen2.5-0.5B-SFT-2e-5-2ep-DPO_1e-7-2ep_0alp_0lam,0.2652,0.1836,False,False
502,bluuwhale__L3-SthenoMaid-8B-V1,0.4412,0.0076,False,False
503,v000000__L3-8B-Stheno-v3.2-abliterated,0.4252,0.0236,False,False
504,T145__ZEUS-8B-V20,0.4632,0.0144,False,False
505,IlyaGusev__gemma-2-9b-it-abliterated,0.476,0.0272,False,False
506,JayHyeon__Qwen2.5-0.5B-SFT-2e-5-2ep-IRPO_1e-7-3ep_1alp_0lam,0.2656,0.1832,False,False
507,JayHyeon__Qwen2.5-0.5B-SFT-2e-5-2ep-DPO_3e-7-3ep_0alp_0lam,0.2616,0.1872,False,False
508,JayHyeon__Qwen2.5-0.5B-SFT-2e-5-2ep-DPO_1e-7-3ep_0alp_0lam,0.2628,0.186,False,False
509,ewre324__Thinker-Qwen2.5-0.5B-Instruct-Reasoning,0.2714,0.1774,False,False
510,Daemontatox__CogitoZ14,0.5264,0.0776,False,False
511,TheDrummer__Tiger-Gemma-9B-v3,0.4634,0.0146,False,False
512,ewre324__Thinker-SmolLM2-135M-Instruct-Reasoning,0.2512,0.1976,False,False
513,TheDrummer__Tiger-Gemma-9B-v2,0.4612,0.0124,False,False
514,JayHyeon__Qwen_0.5-DPO_5e-7-3ep_0alp_0lam,0.2692,0.1796,False,False
515,tannedbum__Ellaria-9B,0.4828,0.034,False,False
516,mlx-community__Josiefied-Qwen2.5-0.5B-Instruct-abliterated-v1-float32,0.2732,0.1756,False,False
517,TheDrummer__Tiger-Gemma-9B-v1,0.4658,0.017,False,False
518,prithivMLmods__QwQ-LCoT-7B-Instruct,0.4634,0.0146,False,False
519,neopolita__jessi-v0.1-bf16-falcon3-7b-instruct,0.4956,0.0468,False,False
520,PowerInfer__SmallThinker-3B-Preview,0.3748,0.074,False,False
521,prithivMLmods__Triangulum-10B,0.4948,0.046,False,False
522,Goekdeniz-Guelmez__josie-7b-v6.0,0.4212,0.0276,False,False
523,Nitral-AI__Captain_BMO-12B,0.4392,0.0096,False,False
524,Goekdeniz-Guelmez__josie-3b-v6.0,0.3726,0.0762,False,False
525,allenai__OLMo-2-1124-7B-Instruct,0.3542,0.0946,False,False
526,DreadPoor__Derivative_V3-8B-Model_Stock,0.4414,0.0074,False,False
527,noname0202__gemma-2-9b-sft-jp-en-zh-v1,0.3674,0.0814,False,False
528,zelk12__MT1-Max-Merge_02012025163610-gemma-2-9B,0.5122,0.0634,False,False
529,wzhouad__gemma-2-9b-it-WPO-HB,0.452,0.0032,False,False
530,zelk12__MT2-Max-Merge_02012025163610-gemma-2-9B,0.5114,0.0626,False,False
531,zelk12__Rv0.4MT4g2-gemma-2-9B,0.5078,0.059,False,False
532,sometimesanotion__Lamarck-14B-v0.6,0.5664,0.1176,False,False
533,FlofloB__smollm2_pretrained_200k_fineweb,0.2382,0.2106,False,False
534,Daemontatox__CogitoZ,0.5884,0.1396,False,False
535,Minami-su__Amara-o1-7B-Qwen,0.4188,0.03,False,False
536,hotmailuser__FalconSlerp-3B,0.4016,0.0472,False,False
537,hotmailuser__QwenSparse-7B,0.2398,0.209,False,False
538,hotmailuser__FalconSlerp4-7B,0.4748,0.026,False,False
539,hotmailuser__QwenStock-0.5B,0.2466,0.2022,False,False
540,hotmailuser__QwenModelStock-1.8B,0.352,0.0968,False,False
541,hotmailuser__QwenStock-1.7B,0.3502,0.0986,False,False
542,hotmailuser__QwenSlerp-3B,0.4218,0.027,False,False
543,prithivMLmods__GWQ-9B-Preview2,0.488,0.0392,False,False
544,hotmailuser__LlamaStock-8B,0.4478,0.001,False,False
545,prithivMLmods__GWQ-9B-Preview,0.4904,0.0416,False,False
546,hotmailuser__QwenSlerp3-14B,0.5324,0.0836,False,False
547,neopolita__jessi-v0.1-qwen2.5-7b-instruct,0.4918,0.043,False,False
548,hotmailuser__QwenSlerp2-14B,0.5732,0.1244,False,False
549,hotmailuser__QwenStock1-14B,0.563,0.1142,False,False
550,hotmailuser__QwenSlerp-14B,0.574,0.1252,False,False
551,Locutusque__CollectiveLM-Falcon-3-7B,0.4412,0.0076,False,False
552,T145__ZEUS-8B-V21,0.2944,0.1544,False,False
553,microsoft__phi-4,0.5474,0.0986,False,False
554,huihui-ai__QwQ-32B-Coder-Fusion-8020,0.5648,0.116,False,False
555,FlofloB__smollm2-135M_pretrained_200k_fineweb_uncovai_selected,0.2398,0.209,False,False
556,maldv__Lytta2.5-32B-Instruct,0.4458,0.003,False,False
557,huihui-ai__QwQ-32B-Coder-Fusion-7030,0.4922,0.0434,False,False
558,hotmailuser__QwenSlerp2-3B,0.4122,0.0366,False,False
559,mhl1__Qwen2.5-0.5B-cinstruct-stage1,0.2608,0.188,False,False
560,neopolita__jessi-v0.2-falcon3-7b-instruct,0.4872,0.0384,False,False
561,neopolita__jessi-v0.3-falcon3-7b-instruct,0.4884,0.0396,False,False
562,Sakalti__Neptuno-3B,0.4016,0.0472,False,False
563,JayHyeon__Qwen_0.5-DPO_5e-7-2ep_0alp_0lam,0.2712,0.1776,False,False
564,JayHyeon__Qwen_0.5-DPO_5e-7-1ep_0alp_0lam,0.2666,0.1822,False,False
565,JayHyeon__Qwen_0.5-DPOP_5e-7-2ep_0alp_5lam,0.2652,0.1836,False,False
566,JayHyeon__Qwen_0.5-DPOP_5e-7-3ep_0alp_5lam,0.2668,0.182,False,False
567,JayHyeon__Qwen_0.5-DPOP_5e-7-1ep_0alp_5lam,0.2616,0.1872,False,False
568,JayHyeon__Qwen_0.5-IRPO_5e-7-2ep_1alp_0lam,0.2664,0.1824,False,False
569,JayHyeon__Qwen_0.5-IRPO_5e-7-1ep_1alp_0lam,0.2654,0.1834,False,False
570,JayHyeon__Qwen_0.5-DPO_3e-6-2ep_0alp_0lam,0.2718,0.177,False,False
571,JayHyeon__Qwen_0.5-IRPO_5e-7-3ep_1alp_0lam,0.2672,0.1816,False,False
572,JayHyeon__Qwen_0.5-DPO_3e-6-1ep_0alp_0lam,0.2548,0.194,False,False
573,JayHyeon__Qwen_0.5-DPOP_3e-6-2ep_0alp_5lam,0.2644,0.1844,False,False
574,JayHyeon__Qwen_0.5-DPOP_3e-6-1ep_0alp_5lam,0.27,0.1788,False,False
575,JayHyeon__Qwen_0.5-IRPO_3e-6-2ep_1alp_0lam,0.2668,0.182,False,False
576,JayHyeon__Qwen_0.5-IRPO_3e-6-3ep_1alp_0lam,0.2768,0.172,False,False
577,JayHyeon__Qwen_0.5-DPOP_3e-6-3ep_0alp_5lam,0.2654,0.1834,False,False
578,JayHyeon__Qwen_0.5-IRPO_3e-6-1ep_1alp_0lam,0.2648,0.184,False,False
579,JayHyeon__Qwen_0.5-MDPO_0.3_5e-7-3ep_0alp_0lam,0.263,0.1858,False,False
580,JayHyeon__Qwen_0.5-MDPO_0.3_3e-6-3ep_0alp_0lam,0.2674,0.1814,False,False
581,JayHyeon__Qwen_0.5-MDPO_0.7_5e-7-3ep_0alp_0lam,0.263,0.1858,False,False
582,JayHyeon__Qwen_0.5-MDPO_0.7_3e-6-3ep_0alp_0lam,0.2648,0.184,False,False
583,unsloth__phi-4,0.549,0.1002,False,False
584,SkyOrbis__SKY-Ko-Qwen2.5-3B-Instruct,0.3446,0.1042,False,False
585,Minami-su__Amara-o2-7B-Qwen,0.4168,0.032,False,False
586,ngxson__MiniThinky-v2-1B-Llama-3.2,0.2686,0.1802,False,False
587,prithivMLmods__Deepthink-Reasoning-7B,0.4634,0.0146,False,False
588,godlikehhd__alpaca_data_sampled_ifd_new_5200,0.3462,0.1026,False,False
589,godlikehhd__alpaca_data_sampled_ifd_5200,0.341,0.1078,False,False
590,Sakalti__Neptuno-Alpha,0.4124,0.0364,False,False
591,FlofloB__smollm2-135M_pretrained_400k_fineweb_uncovai_selected,0.2434,0.2054,False,False
592,godlikehhd__alpaca_data_ins_min_5200,0.3532,0.0956,False,False
593,unsloth__phi-4-bnb-4bit,0.5462,0.0974,False,False
594,unsloth__phi-4-unsloth-bnb-4bit,0.5492,0.1004,False,False
595,godlikehhd__alpaca_data_ifd_me_max_5200,0.3438,0.105,False,False
596,godlikehhd__alpaca_data_ins_max_5200,0.3416,0.1072,False,False
597,Sakalti__Llama3.2-3B-Uranus-1,0.3932,0.0556,False,False
598,godlikehhd__alpaca_data_ins_ans_max_5200,0.3414,0.1074,False,False
599,ModelCloud__Llama-3.2-1B-Instruct-gptqmodel-4bit-vortex-v1,0.2852,0.1636,False,False
600,zetasepic__Qwen2.5-32B-Instruct-abliterated-v2,0.5486,0.0998,False,False
601,FlofloB__smollm2-135M_pretrained_600k_fineweb_uncovai_selected,0.2494,0.1994,False,False
602,DreadPoor__BaeZel_V3-8B-Model_Stock,0.4702,0.0214,False,False
603,T145__ZEUS-8B-V22,0.464,0.0152,False,False
604,neopolita__jessi-v0.5-falcon3-7b-instruct,0.4918,0.043,False,False
605,Daemontatox__AetherUncensored,0.3688,0.08,False,False
606,prithivMLmods__Phi-4-o1,0.5442,0.0954,False,False
607,FlofloB__smollm2-135M_pretrained_400k_fineweb,0.2418,0.207,False,False
608,bfuzzy1__acheron-m,0.245,0.2038,False,False
609,JayHyeon__Qwen_0.5-IRPO_1e-7-3ep_1alp_0lam,0.2666,0.1822,False,False
610,JayHyeon__Qwen_0.5-MDPO_0.5_6e-6-3ep_0alp_0lam,0.2652,0.1836,False,False
611,JayHyeon__Qwen_0.5-DPO_1e-6-3ep_0alp_0lam,0.2684,0.1804,False,False
612,DavidAU__L3.1-Dark-Planet-SpinFire-Uncensored-8B,0.4336,0.0152,False,False
613,PJMixers-Dev__L3.2-Instruct-Thinking-v0.1-1B,0.2882,0.1606,False,False
614,TheDrummer__Llama-3SOME-8B-v2,0.4128,0.036,False,False
615,yuchenxie__ArlowGPT-8B,0.4464,0.0024,False,False
616,yuchenxie__ArlowGPT-3B-Multilingual,0.3734,0.0754,False,False
617,JayHyeon__Qwen_0.5-MDPO_0.9_5e-7-3ep_0alp_0lam,0.2632,0.1856,False,False
618,JayHyeon__Qwen_0.5-MDPO_0.5_7e-6-3ep_0alp_0lam,0.2694,0.1794,False,False
619,JayHyeon__Qwen_0.5-MDPO_0.1_3e-6-3ep_0alp_0lam,0.2684,0.1804,False,False
620,Sakalti__tara-3.8B,0.4124,0.0364,False,False
621,JayHyeon__Qwen_0.5-MDPO_0.5_1e-5-3ep_0alp_0lam,0.265,0.1838,False,False
622,JayHyeon__Qwen_0.5-DPO_1e-7-3ep_0alp_0lam,0.266,0.1828,False,False
623,prithivMLmods__Phi-4-Math-IO,0.507,0.0582,False,False
624,prithivMLmods__Llama-Deepsync-3B,0.3608,0.088,False,False
625,zelk12__MT4-Max-Merge_02012025163610-gemma-2-9B,0.4638,0.015,False,False
626,prithivMLmods__Phi-4-QwQ,0.5384,0.0896,False,False
627,prithivMLmods__Phi-4-Empathetic,0.5304,0.0816,False,False
628,prithivMLmods__Llama-3.1-5B-Instruct,0.2498,0.199,False,False
629,JayHyeon__Qwen_0.5-DPOP_1e-7-3ep_0alp_5lam,0.2672,0.1816,False,False
630,godlikehhd__alpaca_data_score_max_5200,0.3526,0.0962,False,False
631,kz919__QwQ-0.5B-Distilled-SFT,0.2668,0.182,False,False
632,Sakalti__Tara-3.8B-v1.1,0.4124,0.0364,False,False
633,LGAI-EXAONE__EXAONE-3.5-32B-Instruct,0.5288,0.08,False,False
634,prithivMLmods__Llama-3.2-6B-AlgoCode,0.3058,0.143,False,False
635,prithivMLmods__Llama-Deepsync-1B,0.2904,0.1584,False,False
636,T145__ZEUS-8B-V23,0.4506,0.0018,False,False
637,mkurman__phi-4-MedIT-11B-exp-1,0.4392,0.0096,False,False
638,prithivMLmods__QwQ-LCoT-3B-Instruct,0.3978,0.051,False,False
639,prithivMLmods__Tulu-MathLingo-8B,0.3946,0.0542,False,False
640,prithivMLmods__Llama-3.1-8B-Open-SFT,0.4064,0.0424,False,False
641,bfuzzy1__acheron-m1a-llama,0.2438,0.205,False,False
642,FlofloB__smollm2-135M_pretrained_1200k_fineweb,0.2446,0.2042,False,False
643,FlofloB__smollm2-135M_pretrained_1000k_fineweb_uncovai_selected,0.2474,0.2014,False,False
644,nbeerbower__mistral-nemo-kartoffel-12B,0.4608,0.012,False,False
645,prithivMLmods__GWQ2b,0.3596,0.0892,False,False
646,pankajmathur__orca_mini_v9_6_3B-Instruct,0.394,0.0548,False,False
647,Sharathhebbar24__SSH_355M,0.2558,0.193,False,False
648,cckm__tinymistral_950m,0.2508,0.198,False,False
649,FlofloB__smollm2-135M_pretrained_600k_fineweb,0.2528,0.196,False,False
650,Sakalti__Saba1-7B,0.4676,0.0188,False,False
651,bond005__meno-tiny-0.1,0.3672,0.0816,False,False
652,lunahr__thea-3b-50r-u1,0.3488,0.1,False,False
653,ehristoforu__phi-4-25b,0.5402,0.0914,False,False
654,bunnycore__Gemma-2-2B-Smart,0.32,0.1288,False,False
655,abideen__MedPhi-4-14B-v1,0.5646,0.1158,False,False
656,godlikehhd__alpaca_data_score_max_2500,0.347,0.1018,False,False
657,nbeerbower__mistral-nemo-narwhal-12B,0.411,0.0378,False,False
658,FlofloB__smollm2-135M_pretrained_1400k_fineweb_uncovai_selected,0.2424,0.2064,False,False
659,nbeerbower__mistral-nemo-bophades3-12B,0.456,0.0072,False,False
660,raphgg__test-2.5-72B,0.615,0.1662,False,False
661,DreadPoor__Incidental-8B-Model_Stock,0.4646,0.0158,False,False
662,ehristoforu__qwen2.5-with-lora-think-3b-it,0.3798,0.069,False,False
663,Sakalti__model-3,0.4896,0.0408,False,False
664,shuttleai__shuttle-3,0.6382,0.1894,False,False
665,JayHyeon__Qwen_0.5-IRPO_1e-6-3ep_1alp_0lam,0.265,0.1838,False,False
666,JayHyeon__Qwen_0.5-MDPO_0.5_7e-7-3ep_0alp_0lam,0.259,0.1898,False,False
667,zelk12__MT3-Max-Merge_02012025163610-gemma-2-9B,0.4636,0.0148,False,False
668,m42-health__Llama3-Med42-70B,0.5548,0.106,False,False
669,Aryanne__SHBA,0.4566,0.0078,False,False
670,JayHyeon__Qwen_0.5-DPOP_1e-6-3ep_0alp_5lam,0.2624,0.1864,False,False
671,Daemontatox__Phi-4-COT,0.484,0.0352,False,False
672,bunnycore__Phi-4-RP-v0,0.5662,0.1174,False,False
673,bunnycore__Phi-4-Model-Stock,0.5908,0.142,False,False
674,qingy2024__Qwarkstar-4B,0.343,0.1058,False,False
675,DavidAU__Gemma-The-Writer-Mighty-Sword-9B,0.4786,0.0298,False,False
676,DavidAU__Gemma-The-Writer-N-Restless-Quill-10B-Uncensored,0.476,0.0272,False,False
677,CultriX__Qwen2.5-14B-BrocaV9,0.555,0.1062,False,False
678,DavidAU__Gemma-The-Writer-9B,0.4424,0.0064,False,False
679,DavidAU__L3-DARKEST-PLANET-16.5B,0.4308,0.018,False,False
680,DavidAU__Gemma-The-Writer-J.GutenBerg-10B,0.4544,0.0056,False,False
681,DavidAU__Gemma-The-Writer-DEADLINE-10B,0.4516,0.0028,False,False
682,OpenBuddy__openbuddy-llama3.3-70b-v24.1-131k,0.568,0.1192,False,False
683,Rombo-Org__Rombo-LLM-V2.5-Qwen-7b,0.4358,0.013,False,False
684,Sakalti__SakalFusion-7B-Alpha,0.4886,0.0398,False,False
685,frameai__Loxa-4B,0.3592,0.0896,False,False
686,sumink__qwft,0.2438,0.205,False,False
687,RESMPDEV__EVA-Qwen2.5-1.5B-FRFR,0.325,0.1238,False,False
688,Sakalti__Anemoi-3B,0.4134,0.0354,False,False
689,godlikehhd__alpaca_data_full_2,0.3456,0.1032,False,False
690,godlikehhd__alpaca_data_ifd_max_2600,0.3386,0.1102,False,False
691,godlikehhd__alpaca_data_score_max_0.7_2600,0.3508,0.098,False,False
692,sumink__llamamerge,0.3676,0.0812,False,False
693,Sakalti__light-7b-beta,0.4898,0.041,False,False
694,Sakalti__light-3b-beta,0.4118,0.037,False,False
695,godlikehhd__alpaca_data_score_max_0.1_2600,0.3514,0.0974,False,False
696,Daemontatox__Llama3.3-70B-CogniLink,0.5986,0.1498,False,False
697,godlikehhd__alpaca_data_ins_min_2600,0.3492,0.0996,False,False
698,sethuiyer__Llamaverse-3.1-8B-Instruct,0.4548,0.006,False,False
699,kyutai__helium-1-preview-2b,0.2948,0.154,False,False
700,iFaz__llama32_1B_en_emo_v1,0.2872,0.1616,False,False
701,FlofloB__smollm2-135M_pretrained_1200k_fineweb_uncovai_selected,0.2434,0.2054,False,False
702,FlofloB__smollm2-135M_pretrained_800k_fineweb,0.2408,0.208,False,False
703,FlofloB__smollm2-135M_pretrained_800k_fineweb_uncovai_selected,0.2418,0.207,False,False
704,FlofloB__smollm2-135M_pretrained_1000k_fineweb,0.237,0.2118,False,False
705,OpenLLM-France__Lucie-7B-Instruct-human-data,0.2824,0.1664,False,False
706,OpenLLM-France__Lucie-7B-Instruct,0.2806,0.1682,False,False
707,jaspionjader__knf-2-8b,0.4266,0.0222,False,False
708,OpenLLM-France__Lucie-7B,0.2972,0.1516,False,False
709,zelk12__MT5-Max-Merge_02012025163610-gemma-2-9B,0.4638,0.015,False,False
710,Sakalti__SJT-4B,0.4124,0.0364,False,False
711,DreadPoor__Caelid-8B-Model_Stock,0.4622,0.0134,False,False
712,DreadPoor__Morphing-8B-Model_Stock,0.4612,0.0124,False,False
713,ontocord__RedPajama-3B-v1-AutoRedteam,0.2424,0.2064,False,False
714,THUDM__glm-4-9b-chat-1m-hf,0.3364,0.1124,False,False
715,Sao10K__70B-L3.3-Cirrus-x1,0.6126,0.1638,False,False
716,godlikehhd__alpaca_data_score_max_0.3_2600,0.3474,0.1014,False,False
717,JayHyeon__Qwen_0.5-DPOP_3e-7-2ep_0alp_5lam,0.2612,0.1876,False,False
718,JayHyeon__Qwen_0.5-DPOP_3e-7-1ep_0alp_5lam,0.2612,0.1876,False,False
719,JayHyeon__Qwen_0.5-MDPO_0.5_3e-7-2ep_0alp_0lam,0.2646,0.1842,False,False
720,Sakalti__ultiima-72B,0.6396,0.1908,False,False
721,netcat420__MFANN-abliterated-phi2-merge-unretrained,0.3264,0.1224,False,False
722,JayHyeon__Qwen_0.5-DPO_3e-7-2ep_0alp_0lam,0.268,0.1808,False,False
723,JayHyeon__Qwen_0.5-DPO_3e-7-1ep_0alp_0lam,0.2662,0.1826,False,False
724,JayHyeon__Qwen_0.5-MDPO_0.5_3e-7-1ep_0alp_0lam,0.2606,0.1882,False,False
725,JayHyeon__Qwen_0.5-IRPO_3e-7-1ep_1alp_0lam,0.266,0.1828,False,False
726,DreadPoor__Something-8B-Model_Stock,0.4478,0.001,False,False
727,ContactDoctor__Bio-Medical-3B-CoT-012025,0.365,0.0838,False,False
728,JayHyeon__Qwen_0.5-DPO_3e-7-3ep_0alp_0lam,0.2672,0.1816,False,False
729,JayHyeon__Qwen_0.5-IRPO_3e-7-3ep_1alp_0lam,0.2686,0.1802,True,False
730,JayHyeon__Qwen_0.5-DPOP_3e-7-3ep_0alp_5lam,0.2622,0.1866,False,False
731,JayHyeon__Qwen_0.5-MDPO_0.5_3e-7-3ep_0alp_0lam,0.2634,0.1854,False,False
732,LeroyDyer__SpydazWeb_AI_HumanAGI_002,0.4098,0.039,False,False
733,sumink__qwmer,0.3442,0.1046,False,False
734,LeroyDyer__SpydazWeb_AI_HumanAGI_001_M2,0.3936,0.0552,False,False
735,avemio__GRAG-NEMO-12B-ORPO-HESSIAN-AI,0.2162,0.2326,False,False
736,THUDM__glm-4-9b-chat-hf,0.3714,0.0774,False,False
737,sumink__llmer,0.3912,0.0576,False,False
738,NAPS-ai__naps-llama3.1-70B-v0.2-fp16,0.2486,0.2002,False,False
739,sumink__somer,0.4176,0.0312,False,False
740,NTQAI__NxMobileLM-1.5B-SFT,0.3452,0.1036,False,False
741,godlikehhd__alpaca_data_ifd_min_2600,0.3494,0.0994,False,False
742,DreadPoor__Zelus-8B-Model_Stock,0.4626,0.0138,False,False
743,godlikehhd__alpaca_data_score_max_2600_3B,0.3912,0.0576,False,False
744,Sakalti__Euphrates-14B,0.508,0.0592,False,False
745,huihui-ai__Qwen2.5-72B-Instruct-abliterated,0.573,0.1242,False,False
746,sumink__somer2,0.417,0.0318,False,False
747,sumink__Qmerft,0.2422,0.2066,False,False
748,jaspionjader__knfp-2-8b,0.4442,0.0046,False,False
749,jaspionjader__knfp-3-8b,0.4324,0.0164,False,False
750,bunnycore__Qwen2.5-3B-Model-Stock,0.3868,0.062,False,False
751,darkc0de__BuddyGlassUncensored2025.2,0.5148,0.066,False,False
752,neopolita__jessi-v0.1-virtuoso-small,0.557,0.1082,False,False
753,bunnycore__Qwen2.5-3B-Model-Stock-v2,0.3862,0.0626,False,False
754,bunnycore__FwF-Qwen-7B-0.2,0.4572,0.0084,False,False
755,DreadPoor__Zelus_V2-8B-Model_Stock,0.4692,0.0204,False,False
756,DreadPoor__Howdy-8B-LINEAR,0.4632,0.0144,False,False
757,sometimesanotion__Qwenvergence-14B-v8,0.5632,0.1144,False,False
758,Daemontatox__DocumentCogito,0.4544,0.0056,False,False
759,godlikehhd__alpaca_data_full_3B,0.3844,0.0644,False,False
760,icefog72__Ice0.50-16.01-RP,0.4048,0.044,False,False
761,godlikehhd__alpaca_data_ifd_max_2600_3B,0.3854,0.0634,False,False
762,icefog72__Ice0.51-16.01-RP,0.4098,0.039,False,False
763,icefog72__Ice0.50.1-16.01-RP,0.4186,0.0302,False,False
764,DreadPoor__What_A_Thrill-8B-Model_Stock,0.4552,0.0064,False,False
765,Daemontatox__Mini_QwQ,0.4722,0.0234,False,False
766,icefog72__Ice0.51.1-16.01-RP,0.416,0.0328,False,False
767,Pinkstack__SuperThoughts-CoT-14B-16k-o1-QwQ,0.5522,0.1034,False,False
768,icefog72__Ice0.52-16.01-RP,0.4124,0.0364,False,False
769,icefog72__Ice0.52.1-16.01-RP,0.415,0.0338,False,False
770,Pinkstack__PARM-V1.5-base-QwQ-Qwen-2.5-o1-3B,0.403,0.0458,False,False
771,icefog72__Ice0.53-16.01-RP,0.4192,0.0296,False,False
772,jaspionjader__kstc-1-8b,0.432,0.0168,False,False
773,jaspionjader__kstc-4-8b,0.4308,0.018,False,False
774,bunnycore__Phi-4-Stock-Ex,0.588,0.1392,False,False
775,jaspionjader__kstc-6-8b,0.438,0.0108,False,False
776,fluently-lm__Llama-TI-8B-Instruct,0.4622,0.0134,False,False
777,jaspionjader__kstc-8-8b,0.4364,0.0124,False,False
778,qingy2024__Qwen2.5-4B,0.3498,0.099,False,False
779,zelk12__MTMaMe-Merge_02012025163610-gemma-2-9B,0.4618,0.013,False,False
780,jaspionjader__kstc-9-8b,0.4372,0.0116,False,False
781,ehristoforu__fq2.5-7b-it-normalize_false,0.4554,0.0066,False,False
782,ehristoforu__fq2.5-7b-it-normalize_true,0.4554,0.0066,False,False
783,jaspionjader__kstc-11-8b,0.4322,0.0166,False,False
784,jaspionjader__kstc-5-8b,0.4332,0.0156,False,False
785,jaspionjader__bbb-3,0.43,0.0188,False,False
786,jaspionjader__bbb-4,0.4284,0.0204,False,False
787,jaspionjader__bbb-6,0.4322,0.0166,False,False
788,jaspionjader__bbb-7,0.431,0.0178,True,False
789,V3N0M__Jenna-Tiny-2.0,0.2564,0.1924,False,False
790,jaspionjader__bbb-5,0.428,0.0208,False,False
791,sumink__somerft,0.2494,0.1994,False,False
792,jaspionjader__bbb-2,0.4138,0.035,False,False
793,jaspionjader__bbb-1,0.4422,0.0066,False,False
794,sethuiyer__Llamazing-3.1-8B-Instruct,0.4292,0.0196,False,False
795,prithivMLmods__Omni-Reasoner3-Merged,0.3732,0.0756,False,False
796,prithivMLmods__Omni-Reasoner-Merged,0.4724,0.0236,False,False
797,Sakalti__ultiima-14B,0.5404,0.0916,False,False
798,sometimesanotion__Qwenvergence-14B-v9,0.5492,0.1004,False,False
799,icefog72__Ice0.54-17.01-RP,0.397,0.0518,False,False
800,DreadPoor__Fu_sion_HA-8B-SLERP,0.4648,0.016,False,False
801,FlofloB__smollm2-135M_pretrained_200k_fineweb_uncovai_human_removed,0.2454,0.2034,False,False
802,icefog72__Ice0.55-17.01-RP,0.4174,0.0314,False,False
803,qingy2024__Qwarkstar-4B-Instruct-Preview,0.3742,0.0746,False,False
804,ehristoforu__frqwen2.5-from7b-duable4layers-it,0.428,0.0208,False,False
805,fhai50032__Unaligned-Thinker-PHI-4,0.5304,0.0816,False,False
806,fhai50032__RolePlayLake-7B,0.4266,0.0222,False,False
807,icefog72__Ice0.57-17.01-RP,0.4186,0.0302,False,False
808,TheDrunkenSnail__Daughter-of-Rhodia-12B,0.4454,0.0034,False,False
809,bunnycore__Phi-4-Model-Stock-v2,0.5812,0.1324,False,False
810,jeffmeloy__Qwen2.5-7B-nerd-uncensored-v1.8,0.4714,0.0226,False,False
811,ehristoforu__frqwen2.5-from7b-it,0.4094,0.0394,False,False
812,Sakalti__SJT-0.5B,0.2702,0.1786,False,False
813,neopolita__jessi-v0.4-falcon3-7b-instruct,0.4972,0.0484,False,False
814,Sakalti__SJT-2B,0.2454,0.2034,False,False
815,DreadPoor__Blunt_Edge-8B-SLERP,0.4674,0.0186,False,False
816,DreadPoor__Lava_Lamp-8B-SLERP,0.4634,0.0146,False,False
817,icefog72__Ice0.60-18.01-RP,0.418,0.0308,False,False
818,mkurman__phi4-MedIT-10B-o1,0.4056,0.0432,False,False
819,jeffmeloy__Qwen2.5-7B-olm-v1.3,0.4744,0.0256,False,False
820,icefog72__Ice0.61-18.01-RP,0.4146,0.0342,False,False
821,Sakalti__qwen2.5-2.3B,0.2336,0.2152,False,False
822,LightningRodLabs__Flashlight-v1.0,0.5502,0.1014,False,False
823,Sakalti__Qwen2.5-1B-Instruct,0.2532,0.1956,False,False
824,Sakalti__SJT-1.7B,0.2452,0.2036,False,False
825,FINGU-AI__L3-8B,0.447,0.0018,False,False
826,icefog72__Ice0.60.1-18.01-RP,0.414,0.0348,False,False
827,FlofloB__smollm2-135M_pretrained_400k_fineweb_uncovai_human_removed,0.2492,0.1996,False,False
828,Steelskull__L3.3-MS-Nevoria-70b,0.6146,0.1658,False,False
829,AGI-0__Art-v0-3B,0.2908,0.158,False,False
830,bunnycore__Phi-4-Model-Stock-v3,0.5736,0.1248,False,False
831,DreadPoor__ZEUS-8B-V17-Abliterated_ALT,0.4366,0.0122,False,False
832,sethuiyer__Llama-3.1-8B-Experimental-1208-Instruct,0.4172,0.0316,False,False
833,icefog72__Ice0.62-18.01-RP,0.4156,0.0332,False,False
834,Sakalti__QwenTest-7,0.2564,0.1924,False,False
835,Sakalti__SJT-900M,0.2628,0.186,False,False
836,yanng1242__Marcoro14-7B-slerp,0.4288,0.02,False,False
837,TheTsar1209__qwen-carpmuscle-v0.4.1,0.5512,0.1024,False,False
838,CultriX__Qwen2.5-14B-Hyperionv3,0.5688,0.12,False,False
839,CultriX__Qwen2.5-14B-partialmergept1,0.5226,0.0738,False,False
840,netcat420__Qwen2.5-Coder-Scholar-7B-Abliterated-MFANN-Slerp-Unretrained,0.4416,0.0072,False,False
841,Sakalti__SJT-1.5B-Alpha-1.1,0.3524,0.0964,False,False
842,FlofloB__smollm2-135M_pretrained_800k_fineweb_uncovai_human_removed,0.2488,0.2,False,False
843,theo77186__Qwen2.5-Coder-7B-Instruct-20241106,0.4062,0.0426,False,False
844,sethuiyer__Llama-3.1-8B-Experimental-1206-Instruct,0.4368,0.012,False,False
845,DreadPoor__Nother_One-8B-Model_Stock,0.4404,0.0084,False,False
846,tugstugi__Qwen2.5-7B-Instruct-QwQ-v0.1,0.4262,0.0226,False,False
847,DreadPoor__LemonP-8B-Model_Stock,0.4672,0.0184,False,False
848,prithivMLmods__LwQ-10B-Instruct,0.4154,0.0334,False,False
849,Arthur-LAGACHERIE__Precis-1B-Instruct,0.2772,0.1716,False,False
850,Sakalti__SJT-1.5B-Alpha,0.3524,0.0964,False,False
851,neopolita__jessi-v0.1-falcon3-10b-instruct,0.5072,0.0584,False,False
852,FlofloB__smollm2-135M_pretrained_600k_fineweb_uncovai_human_removed,0.2462,0.2026,False,False
853,ehristoforu__fp4-14b-it-v1,0.4268,0.022,False,False
854,bunnycore__Llama-3.2-3B-Della,0.3042,0.1446,False,False
855,DreadPoor__Aspire_V2-8B-Model_Stock,0.4592,0.0104,False,False
856,DreadPoor__Aspire_V2_ALT-8B-Model_Stock,0.4566,0.0078,False,False
857,DreadPoor__Aspire_V2_ALT_ROW-8B-Model_Stock,0.4566,0.0078,False,False
858,prithivMLmods__LwQ-Reasoner-10B,0.4846,0.0358,False,False
859,Alepach__notHumpback-M1-v2,0.2426,0.2062,False,False
860,prithivMLmods__QwQ-MathOct-7B,0.4652,0.0164,False,False
861,prithivMLmods__QwQ-LCoT-14B-Conversational,0.5254,0.0766,False,False
862,CultriX__Qwen2.5-14B-Hyper,0.563,0.1142,False,False
863,suayptalha__Falcon3-Jessi-v0.4-7B-Slerp,0.5,0.0512,False,False
864,sethuiyer__LlamaZero-3.1-8B-Experimental-1208,0.409,0.0398,False,False
865,DreadPoor__Aspire_V2.1-8B-Model_Stock,0.4514,0.0026,False,False
866,jpacifico__Chocolatine-14B-Instruct-DPO-v1.3,0.5312,0.0824,False,False
867,deepseek-ai__DeepSeek-R1-Distill-Qwen-14B,0.5292,0.0804,False,False
868,CultriX__Qwen2.5-14B-Hyperionv5,0.5568,0.108,False,False
869,sometimesanotion__Lamarck-14B-v0.7-rc1,0.5726,0.1238,False,False
870,CultriX__Qwen2.5-14B-Hyperionv4,0.5614,0.1126,False,False
871,Daemontatox__mini_Pathfinder,0.3416,0.1072,False,False
872,deepseek-ai__DeepSeek-R1-Distill-Llama-8B,0.2718,0.177,False,False
873,ehristoforu__fp4-14b-v1-fix,0.5858,0.137,False,False
874,deepseek-ai__DeepSeek-R1-Distill-Qwen-7B,0.2966,0.1522,False,False
875,deepseek-ai__DeepSeek-R1-Distill-Qwen-1.5B,0.2748,0.174,False,False
876,neopolita__jessi-v0.6-falcon3-7b-instruct,0.492,0.0432,False,False
877,agentlans__Gemma2-9B-AdvancedFuse,0.4544,0.0056,False,False
878,FINGU-AI__Q-Small-3B,0.363,0.0858,False,False
879,JayHyeon__Qwen_0.5-MDPO_0.1_5e-7-3ep_0alp_0lam,0.262,0.1868,False,False
880,Sakalti__SJT-3.7B,0.2742,0.1746,False,False
881,khoantap__llama-evolve-ties-best-merge,0.4664,0.0176,False,False
882,prithivMLmods__QwQ-LCoT2-7B-Instruct,0.4604,0.0116,False,False
883,khoantap__llama-linear-1-0.5-0.5-merge,0.4654,0.0166,False,False
884,khoantap__llama-linear-0.5-1-0.5-merge,0.4882,0.0394,False,False
885,khoantap__llama-slerp-merge,0.4688,0.02,False,False
886,benhaotang__phi4-qwq-sky-t1,0.547,0.0982,False,False
887,khoantap__llama-breadcrumbs-ties-merge,0.434,0.0148,False,False
888,sometimesanotion__Lamarck-14B-v0.7-rc4,0.5748,0.126,False,False
889,khoantap__cheap-moe-merge,0.4194,0.0294,False,False
890,khoantap__moe-out-merge,0.4178,0.031,False,False
891,khoantap__llama-3-8b-stock-merge,0.433,0.0158,False,False
892,DreadPoor__Aspire_V3-8B-Model_Stock,0.439,0.0098,False,False
893,neopolita__jessi-v0.2-falcon3-10b-instruct,0.522,0.0732,False,False
894,DreadPoor__OrangeJ-8B-Model_Stock,0.4646,0.0158,False,False
895,deepseek-ai__DeepSeek-R1-Distill-Qwen-32B,0.3478,0.101,False,False
896,pankajmathur__orca_mini_phi-4,0.5796,0.1308,False,False
897,netcat420__MFANN3bv1.2,0.2962,0.1526,False,False
898,DreadPoor__RPMash-8B-Model_Stock,0.417,0.0318,False,False
899,netcat420__DeepSeek-R1-MFANN-TIES-unretrained-7b,0.2548,0.194,False,False
900,SicariusSicariiStuff__Eximius_Persona_5B,0.3888,0.06,False,False
901,prithivMLmods__QwQ-LCoT1-Merged,0.4624,0.0136,False,False
902,deepseek-ai__DeepSeek-R1-Distill-Llama-70B,0.4414,0.0074,False,False
903,nbeerbower__llama3.1-kartoffeldes-70B,0.5904,0.1416,False,False
904,prithivMLmods__Llama-8B-Distill-CoT,0.378,0.0708,False,False
905,prithivMLmods__QwQ-R1-Distill-7B-CoT,0.3816,0.0672,False,False
906,DreadPoor__Aspire_V4-8B-Model_Stock,0.4592,0.0104,False,False
907,DreadPoor__Aspire_V4_ALT-8B-Model_Stock,0.4558,0.007,False,False
908,agentlans__Llama3.1-Daredevilish,0.4228,0.026,False,False
909,Daemontatox__CogitoDistil,0.3102,0.1386,False,False
910,prithivMLmods__QwQ-R1-Distill-1.5B-CoT,0.323,0.1258,False,False
911,ToastyPigeon__Sto-vo-kor-12B,0.423,0.0258,False,False
912,jpacifico__Chocolatine-2-14B-Instruct-DPO-v2.0b1,0.5298,0.081,False,False
913,prithivMLmods__Deepthink-Reasoning-14B,0.5366,0.0878,False,False
914,agentlans__Llama3.1-Daredevilish-Instruct,0.457,0.0082,False,False
915,netcat420__Qwen2.5-DeepSeek-R1-MFANN-Slerp-7b,0.2978,0.151,False,False
916,sumink__solarmer3,0.4158,0.033,False,False
917,T145__ZEUS-8B-V24,0.409,0.0398,False,False
918,Sakalti__SJT-2.4B,0.2836,0.1652,False,False
919,prithivMLmods__Phi4-Super,0.542,0.0932,False,False
920,Undi95__Phi4-abliterated,0.5408,0.092,False,False
921,neopolita__loki-v0.1-virtuoso,0.5592,0.1104,False,False
922,netcat420__DeepSeek-R1-Distill-Qwen-MFANN-Slerp-7b,0.243,0.2058,False,False
923,jaspionjader__ek-6,0.4316,0.0172,False,False
924,zelk12__MT-Gen6-gemma-2-9B,0.4352,0.0136,False,False
925,sometimesanotion__Qwenvergence-14B-v10,0.5712,0.1224,False,False
926,prithivMLmods__Calcium-Opus-14B-Elite,0.5492,0.1004,False,False
927,unsloth__Llama-3.2-1B-Instruct,0.307,0.1418,False,False
928,noname0202__llama-math-1b-r32-test,0.3068,0.142,False,False
929,prithivMLmods__Calcium-Opus-20B-v1,0.482,0.0332,False,False
930,icefog72__Ice0.62.1-24.01-RP,0.4172,0.0316,False,False
931,jaspionjader__ek-7,0.4314,0.0174,False,False
932,T145__ZEUS-8B-V25,0.366,0.0828,False,False
933,unsloth__Llama-3.2-1B-Instruct-no-system-message,0.3126,0.1362,False,False
934,ehristoforu__tmoe,0.2478,0.201,False,False
935,noname0202__llama-math-1b-r8-512tokens-test,0.3084,0.1404,False,False
936,jpacifico__Chocolatine-2-14B-Instruct-v2.0b2,0.5696,0.1208,False,False
937,icefog72__Ice0.64-24.01-RP,0.4168,0.032,False,False
938,bunnycore__Qwen-2.5-7B-R1-Stock,0.4356,0.0132,False,False
939,noname0202__llama-math-1b-r32-0to512tokens-test,0.3078,0.141,False,False
940,prithivMLmods__FastThink-0.5B-Tiny,0.2684,0.1804,False,False
941,prithivMLmods__Llama-3.2-3B-Math-Oct,0.3678,0.081,False,False
942,SicariusSicariiStuff__Wingless_Imp_8B,0.4354,0.0134,False,False
943,SicariusSicariiStuff__Winged_Imp_8B,0.4352,0.0136,False,False
944,agentlans__Llama3.1-SuperDeepFuse-CrashCourse12K,0.453,0.0042,False,False
945,prithivMLmods__Phi-4-Super,0.542,0.0932,False,False
946,prithivMLmods__Phi-4-Super-o1,0.543,0.0942,False,False
947,prithivMLmods__Calcium-Opus-14B-Merge,0.5376,0.0888,False,False
948,ehristoforu__tmoe-v2,0.2494,0.1994,False,False
949,netcat420__Qwen2.5-MFANN-7b,0.4246,0.0242,False,False
950,prithivMLmods__Phi-4-Super-1,0.543,0.0942,False,False
951,nvidia__AceMath-1.5B-Instruct,0.3234,0.1254,False,False
952,nvidia__AceMath-7B-RM,0.2036,0.2452,False,False
953,icefog72__Ice0.64.1-24.01-RP,0.4168,0.032,False,False
954,nvidia__AceMath-7B-Instruct,0.3996,0.0492,False,False
955,nvidia__AceInstruct-1.5B,0.3178,0.131,False,False
956,nvidia__AceInstruct-7B,0.4336,0.0152,False,False
957,LightningRodLabs__Flashlight-v1.1,0.5422,0.0934,False,False
958,Sakalti__ultiima-14B-v0.2,0.5692,0.1204,False,False
959,Sakalti__SJTPass-2,0.2704,0.1784,False,False
960,noname0202__llama-math-1b-r16-0to512tokens-test,0.3072,0.1416,False,False
961,DreadPoor__RPMash_V3-8B-Model_Stock,0.4394,0.0094,False,False
962,netcat420__Qwen2.5-7b-nerd-uncensored-MFANN-slerp,0.2482,0.2006,False,False
963,grimjim__Llama-3.1-Bonsaikraft-8B-Instruct,0.436,0.0128,False,False
964,mergekit-community__SuperQwen-2.5-1.5B,0.2366,0.2122,False,False
965,netcat420__Qwen2.5-7b-MFANN-slerp,0.4396,0.0092,False,False
966,Sakalti__SJTPass-5,0.254,0.1948,False,False
967,icefog72__Ice0.65-25.01-RP,0.4186,0.0302,False,False
968,Sakalti__SJTPass-4,0.2512,0.1976,False,False
969,bunnycore__Qwen2.5-7B-R1-Bespoke-Task,0.3376,0.1112,False,False
970,bunnycore__Qwen2.5-7B-R1-Bespoke-Stock,0.3958,0.053,False,False
971,DreadPoor__Yearn_V3-8B-Model_Stock,0.456,0.0072,False,False
972,prithivMLmods__Llama-Express.1-Math,0.2912,0.1576,False,False
973,JayHyeon__Qwen_0.5-VDPO_5e-7-1ep_0alp_0lam,0.2676,0.1812,False,False
974,bunnycore__Phi-4-Model-Stock-v4,0.5938,0.145,False,False
975,tianyil1__MistralForCausalLM_Cal_DPO,0.3696,0.0792,False,False
976,YOYO-AI__Qwen2.5-14B-YOYO-1010,0.5044,0.0556,False,False
977,bunnycore__Qwen-2.5-7B-Stock-Deep-Bespoke,0.4132,0.0356,False,False
978,icefog72__Ice0.66-25.01-RP,0.4212,0.0276,False,False
979,bunnycore__Qwen-2.5-7B-Deep-Stock-v1,0.4568,0.008,False,False
980,icefog72__Ice0.67-25.01-RP,0.4152,0.0336,False,False
981,SaisExperiments__RightSheep-Llama3.2-3B,0.3626,0.0862,False,False
982,JayHyeon__Qwen_0.5-VIPO_5e-7-1ep_0alp_0lam,0.2718,0.177,False,False
983,prithivMLmods__Calcium-Opus-14B-Elite2,0.554,0.1052,False,False
984,prithivMLmods__Calcium-Opus-14B-Elite3,0.5426,0.0938,False,False
985,prithivMLmods__Calcium-Opus-14B-Elite4,0.5304,0.0816,False,False
986,prithivMLmods__Calcium-Opus-14B-Elite-Stock,0.5444,0.0956,False,False
987,Xiaojian9992024__Phi-4-mini-UNOFFICAL,0.244,0.2048,False,False
988,mergekit-community__mergekit-dare_ties-ajgjgea,0.3024,0.1464,False,False
989,T145__ZEUS-8B-V26,0.4378,0.011,False,False
990,icefog72__Ice0.69-25.01-RP,0.4186,0.0302,False,False
991,icefog72__Ice0.68-25.01-RP,0.4244,0.0244,False,False
992,Sakalti__ultiima-14B-v0.3,0.5608,0.112,False,False
993,nvidia__AceInstruct-72B,0.4906,0.0418,False,False
994,JayHyeon__Qwen_0.5-VDPO_5e-7-3ep_0alp_0lam,0.2692,0.1796,False,False
995,JayHyeon__Qwen_0.5-VIPO_5e-7-3ep_0alp_0lam,0.2724,0.1764,False,False
996,icefog72__Ice0.70-25.01-RP,0.424,0.0248,False,False
997,nvidia__AceMath-72B-Instruct,0.4842,0.0354,False,False
998,YOYO-AI__Qwen2.5-14B-YOYO-1005,0.5446,0.0958,False,False
999,JayHyeon__Qwen_0.5-IPO_5e-7-1ep_0alp_0lam,0.2678,0.181,False,False
1000,JayHyeon__Qwen_0.5-IPO_5e-7-3ep_0alp_0lam,0.2754,0.1734,False,False
1001,noname0202__Llama-3.2-4x3B-Instruct,0.4034,0.0454,False,False
1002,jaspionjader__Kosmos-EVAA-immersive-sof-v44-8B,0.4264,0.0224,False,False
1003,jaspionjader__sof-10,0.428,0.0208,False,False
1004,jaspionjader__sof-6,0.4326,0.0162,False,False
1005,jaspionjader__sof-3,0.43,0.0188,False,False
1006,jaspionjader__sof-1,0.4134,0.0354,False,False
1007,bunnycore__Qwen-2.5-7B-Deep-Stock-v4,0.4406,0.0082,False,False
1008,djuna__MN-Chinofun-12B-4,0.441,0.0078,False,False
1009,Sakalti__ultiima-72B-v1.5,0.6346,0.1858,False,False
1010,Steelskull__L3.3-Nevoria-R1-70b,0.621,0.1722,False,False
1011,Nitral-AI__Hathor_Tahsin-L3-8B-v0.85,0.4386,0.0102,False,False
1012,DreadPoor__Minthy-8B-Model_Stock,0.4666,0.0178,False,False
1013,Nitral-AI__Nera_Noctis-12B,0.413,0.0358,False,False
1014,DreadPoor__Minthy_ALT-8B-Model_Stock,0.4556,0.0068,False,False
1015,Qwen__Qwen2.5-7B-Instruct-1M,0.4422,0.0066,False,False
1016,ontocord__RedPajama3b_v1-autoredteam_helpfulness-train,0.2626,0.1862,False,False
1017,Qwen__Qwen2.5-14B-Instruct-1M,0.502,0.0532,False,False
1018,Danielbrdz__Barcenas-R1-Qwen-1.5b,0.3294,0.1194,False,False
1019,DreadPoor__Minthy_V2-8B-Model_Stock,0.4632,0.0144,False,False
1020,Danielbrdz__Barcenas-14b-phi-4,0.5314,0.0826,False,False
1021,hotmailuser__Deepseek-qwen-modelstock-2B,0.3126,0.1362,False,False
1022,hotmailuser__FalconSlerp6-7B,0.4604,0.0116,False,False
1023,hotmailuser__Phi4-Slerp4-14B,0.5446,0.0958,False,False
1024,CausalLM__preview-1-hf,0.3164,0.1324,False,False
1025,T145__ZEUS-8B-V27,0.4452,0.0036,False,False
1026,icefog72__IceNalyvkaRP-7b,0.4242,0.0246,False,False
1027,bunnycore__Qwen2.5-7B-RRP-1M,0.4862,0.0374,False,False
1028,nvidia__AceMath-72B-RM,0.224,0.2248,False,False
1029,DreadPoor__Kindling-8B-Model_Stock,0.4694,0.0206,False,False
1030,mergekit-community__mergekit-ties-rraxdhv,0.3974,0.0514,False,False
1031,DreadPoor__Laughing_Stock-8B-Model_Stock,0.4594,0.0106,False,False
1032,TheDrunkenSnail__Mother-of-Rhodia-12B,0.4188,0.03,False,False
1033,netease-youdao__Confucius-o1-14B,0.5106,0.0618,False,False
1034,DoppelReflEx__MN-12B-Mimicore-WhiteSnake,0.4566,0.0078,False,False
1035,DoppelReflEx__MN-12B-Mimicore-GreenSnake,0.452,0.0032,False,False
1036,grimjim__SauerHuatuoSkywork-o1-Llama-3.1-8B,0.4426,0.0062,False,False
1037,Spestly__Atlas-Pro-1.5B-Preview,0.3212,0.1276,False,False
1038,Spestly__Atlas-Pro-7B-Preview,0.421,0.0278,False,False
1039,jpacifico__Lucie-Boosted-7B-Instruct,0.288,0.1608,False,False
1040,SicariusSicariiStuff__Impish_QWEN_14B-1M,0.5442,0.0954,False,False
1041,sthenno__tempesthenno-nuslerp-0124,0.579,0.1302,False,False
1042,jpacifico__Chocolatine-2-14B-Instruct-v2.0b3,0.5714,0.1226,False,False
1043,silma-ai__SILMA-Kashif-2B-Instruct-v1.0,0.3114,0.1374,False,False
1044,EleutherAI__pythia-1b,0.252,0.1968,False,False
1045,YOYO-AI__Qwen2.5-14B-YOYO-0805,0.545,0.0962,False,False
1046,prithivMLmods__Bellatrix-1.5B-xElite,0.2922,0.1566,False,False
1047,Triangle104__DS-R1-Distill-Q2.5-7B-RP,0.3892,0.0596,False,False
1048,Triangle104__Chatty-Harry_V3.0,0.4492,0.0004,False,False
1049,Triangle104__Hermes3-L3.1-DirtyHarry-8B,0.399,0.0498,False,False
1050,Triangle104__Chatty-Harry_V2.0,0.4378,0.011,False,False
1051,Triangle104__Q2.5-Humane-RP,0.4844,0.0356,False,False
1052,Triangle104__Q2.5-EvaHumane-RP,0.4584,0.0096,False,False
1053,Triangle104__Minerva-1.5b,0.3338,0.115,False,False
1054,Triangle104__Minerva-1.5b_V0.2,0.3322,0.1166,False,False
1055,Triangle104__Hermes-Llama-3.2-CoT,0.383,0.0658,False,False
1056,Triangle104__Phi-4-AbliteratedRP,0.5644,0.1156,False,False
1057,Triangle104__Minerva-7b,0.457,0.0082,False,False
1058,Triangle104__Hermes-Llama-3.2-CoT-Summary,0.3566,0.0922,False,False
1059,Triangle104__Minerva-8b,0.3628,0.086,False,False
1060,Triangle104__Herodotos-14B,0.5614,0.1126,False,False
1061,Triangle104__Minerva-10b,0.3492,0.0996,False,False
1062,Triangle104__Dolphin3-Llama3.2-Smart,0.3326,0.1162,False,False
1063,Triangle104__Annunaki-12b,0.4534,0.0046,False,False
1064,Triangle104__DS-R1-Llama-8B-Harmony,0.3678,0.081,False,False
1065,Triangle104__Distilled-Whiskey-8b,0.4288,0.02,False,False
1066,Triangle104__Q2.5-EVACOT-7b,0.4604,0.0116,False,False
1067,Triangle104__Q2.5-AthensCOT,0.4644,0.0156,False,False
1068,Triangle104__Minerva-14b,0.5342,0.0854,False,False
1069,Triangle104__DS-Distilled-Hermes-Llama-3.1,0.4338,0.015,False,False
1070,Triangle104__DS-R1-Distill-Q2.5-10B-Harmony,0.215,0.2338,False,False
1071,FlofloB__smollm2-135M_pretrained_1200k_fineweb_uncovai_human_removed,0.2418,0.207,False,False
1072,FlofloB__smollm2-135M_pretrained_1000k_fineweb_uncovai_human_removed,0.2456,0.2032,False,False
1073,DreadPoor__Sun-8B-Model_Stock,0.46,0.0112,False,False
1074,Triangle104__Minerva-14b-V0.1,0.508,0.0592,False,False
1075,prithivMLmods__Calcium-Opus-14B-Elite-1M,0.542,0.0932,False,False
1076,prithivMLmods__COCO-7B-Instruct-1M,0.4644,0.0156,False,False
1077,SicariusSicariiStuff__Impish_QWEN_7B-1M,0.4676,0.0188,False,False
1078,YOYO-AI__Qwen2.5-14B-YOYO-0505,0.545,0.0962,False,False
1079,prithivMLmods__Bellatrix-Tiny-1B-v2,0.2646,0.1842,False,False
1080,DreadPoor__BulkUp,0.2394,0.2094,False,False
1081,ontocord__starcoder2_3b-AutoRedteam,0.2782,0.1706,False,False
1082,cloudyu__Llama-3.2-3Bx4,0.3674,0.0814,False,False
1083,prithivMLmods__Taurus-Opus-7B,0.4462,0.0026,False,False
1084,bunnycore__DeepSeek-R1-Distill-Qwen-7B-RRP-Ex,0.2992,0.1496,False,False
1085,DreadPoor__test,0.4176,0.0312,False,False
1086,sthenno__tempesthenno-nuslerp-001,0.5684,0.1196,False,False
1087,sthenno__tempesthenno-ppo-ckpt40,0.5692,0.1204,False,False
1088,sthenno__tempesthenno-0120,0.5434,0.0946,False,False
1089,ehristoforu__moremerge,0.2462,0.2026,False,False
1090,ehristoforu__moremerge-upscaled,0.227,0.2218,False,False
1091,bunnycore__Qwen2.5-7B-RRP-ID,0.4378,0.011,False,False
1092,nlpguy__Lion-Lamarck-v.1.0.8,0.5098,0.061,False,False
1093,rsh345__mistral-ft-optimized-1218-NeuralHermes-2.5-Mistral-7B,0.4206,0.0282,False,False
1094,ozone-ai__0x-lite,0.5138,0.065,False,False
1095,Triangle104__DS-R1-Distill-Q2.5-14B-Harmony_V0.1,0.5196,0.0708,False,False
1096,YOYO-AI__Qwen2.5-Coder-14B-YOYO-1010,0.528,0.0792,False,False
1097,DoppelReflEx__MN-12B-Mimicore-Orochi,0.4524,0.0036,False,False
1098,Triangle104__Set-70b,0.612,0.1632,False,False
1099,T145__ZEUS-8B-V28,0.4456,0.0032,False,False
1100,DoppelReflEx__MN-12B-Mimicore-Orochi-v2-Experiment,0.4136,0.0352,False,False
1101,DoppelReflEx__MN-12B-Mimicore-Orochi-v3-Experiment,0.4354,0.0134,False,False
1102,EleutherAI__pythia-1.4b,0.2608,0.188,False,False
1103,DoppelReflEx__MN-12B-Mimicore-Orochi-v4-Experiment,0.446,0.0028,False,False
1104,odyssey-labs__Astral-1-10B,0.3918,0.057,False,False
1105,Spestly__Athena-1-3B,0.3856,0.0632,False,False
1106,bunnycore__Phi-4-ReasoningRP,0.5914,0.1426,False,False
1107,DreadPoor__Wannabe-8B-Model_Stock,0.4606,0.0118,False,False
1108,nlpguy__Lion-Lamarck-v.1.0.9,0.5208,0.072,False,False
1109,ehristoforu__ud-14b,0.2852,0.1636,False,False
1110,DreadPoor__BaeZel_V2_ALT-8B-Model_Stock,0.4636,0.0148,False,False
1111,DreadPoor__BaeZel_V2-8B-Model_Stock,0.4636,0.0148,False,False
1112,Tarek07__Thalassic-Alpha-LLaMa-70B,0.6028,0.154,False,False
1113,tensopolis__virtuoso-small-tensopolis-v1,0.5668,0.118,False,False
1114,FlofloB__smollm2-135M_pretrained_1400k_fineweb_uncovai_human_removed,0.2464,0.2024,False,False
1115,prithivMLmods__Qwen-7B-Distill-Reasoner,0.3884,0.0604,False,False
1116,prithivMLmods__Blaze-14B-xElite,0.53,0.0812,False,False
1117,arcee-ai__Virtuoso-Lite,0.5256,0.0768,False,False
1118,Sakalti__SakalFusion-7B-Beta,0.2384,0.2104,False,False
1119,DreadPoor__test_ALT,0.4206,0.0282,False,False
1120,ontocord__RedPajama-3B-v1-AutoRedteam-Harmless-only,0.254,0.1948,False,False
1121,DreadPoor__mergekit-nuslerp-nqzkedi,0.466,0.0172,False,False
1122,DoppelReflEx__MN-12B-Mimicore-WhiteSnake-v2-Experiment-1,0.384,0.0648,False,False
1123,DoppelReflEx__MN-12B-Mimicore-WhiteSnake-v2-Experiment-3,0.3794,0.0694,False,False
1124,DoppelReflEx__MN-12B-Mimicore-WhiteSnake-v2-Experiment-2,0.4036,0.0452,False,False
1125,DoppelReflEx__MN-12B-Mimicore-WhiteSnake-v2-Experiment-4,0.4154,0.0334,False,False
1126,DreadPoor__AnotherTest,0.382,0.0668,False,False
1127,YOYO-AI__Qwen2.5-14B-YOYO-1010-v2,0.5424,0.0936,False,False
1128,Tarek07__Progenitor-V1.1-LLaMa-70B,0.611,0.1622,False,False
1129,tensopolis__virtuoso-small-tensopolis-v2,0.5662,0.1174,False,False
1130,noname0202__gemma-2-2b-it-ties,0.3274,0.1214,False,False
1131,huihui-ai__DeepSeek-R1-Distill-Qwen-14B-abliterated-v2,0.3004,0.1484,False,False
1132,DoppelReflEx__MN-12B-Kakigori,0.4426,0.0062,False,False
1133,DoppelReflEx__MN-12B-LilithFrame,0.4024,0.0464,False,False
1134,EpistemeAI__Reasoning-Llama-3.1-CoT-RE1-NMT,0.3842,0.0646,False,False
1135,sometimesanotion__Qwenvergence-14B-v11,0.5702,0.1214,False,False
1136,Triangle104__Q2.5-Instruct-1M_Harmony,0.476,0.0272,False,False
1137,Triangle104__Distilled-DarkPlanet-Allades-8B,0.4066,0.0422,False,False
1138,thirdeyeai__elevate360m,0.236,0.2128,False,False
1139,YOYO-AI__Qwen2.5-14B-YOYO-1005-v2,0.5458,0.097,False,False
1140,belztjti__dtfgv,0.2802,0.1686,False,False
1141,DoppelReflEx__MN-12B-LilithFrame-Experiment-2,0.403,0.0458,False,False
1142,HeraiHench__Phi-4-slerp-ReasoningRP-14B,0.3204,0.1284,False,False
1143,nbeerbower__Dumpling-Qwen2.5-1.5B,0.3376,0.1112,False,False
1144,nbeerbower__EVA-abliterated-TIES-Qwen2.5-1.5B,0.3264,0.1224,False,False
1145,skumar9__Llama-medx_v2,0.405,0.0438,False,False
1146,DreadPoor__Oh_Boy-8B-LINEAR,0.4626,0.0138,False,False
1147,prithivMLmods__Qwen2.5-7B-DeepSeek-R1-1M,0.2514,0.1974,False,False
1148,prithivMLmods__Qwen2.5-1.5B-DeepSeek-R1-Instruct,0.237,0.2118,False,False
1149,DoppelReflEx__MN-12B-LilithFrame-Experiment-3,0.4462,0.0026,False,False
1150,prithivMLmods__Qwen2.5-14B-DeepSeek-R1-1M,0.5002,0.0514,False,False
1151,x0000001__Deepseek-Lumen-R1-Qwen2.5-14B,0.3734,0.0754,False,False
1152,YOYO-AI__Qwen2.5-14B-YOYO-0510-v2,0.5424,0.0936,False,False
1153,pankajmathur__orca_mini_v9_2_70b,0.5844,0.1356,False,False
1154,pankajmathur__orca_mini_v8_1_70b,0.5968,0.148,False,False
1155,pankajmathur__orca_mini_v9_4_70B,0.5584,0.1096,False,False
1156,jiviai__medX_v2,0.3734,0.0754,False,False
1157,irahulpandey__mistralai-7B-slerp-v0.1,0.4118,0.037,False,False
1158,Quazim0t0__Phi4.Turn.R1Distill.16bit,0.4832,0.0344,False,False
1159,belztjti__dffghgjh,0.3116,0.1372,False,False
1160,Triangle104__Phi4-RP-o1,0.5368,0.088,False,False
1161,sometimesanotion__Qwenvergence-14B-v12-Prose-DS,0.5796,0.1308,False,False
1162,sometimesanotion__Qwenvergence-14B-v12-Prose,0.5626,0.1138,False,False
1163,Triangle104__DS-Distilled-Hermes-Llama-3.1_TIES,0.2362,0.2126,False,False
1164,ontocord__Llama_3.2_1b-autoredteam_helpfulness-train,0.2624,0.1864,False,False
1165,qingy2024__Qwen2.5-Coder-Draft-1.5B-Instruct,0.3152,0.1336,False,False
1166,AIDC-AI__Marco-o1,0.4294,0.0194,False,False
1167,Pinkstack__Superthoughts-lite-1.8B-experimental-o1,0.2738,0.175,False,False
1168,tensopolis__falcon3-10b-tensopolis-v1,0.5258,0.077,False,False
1169,ewre324__ewre324-R1-SmolLM2-135M-Distill,0.2494,0.1994,False,False
1170,DoppelReflEx__MN-12B-LilithFrame-Experiment-4,0.4448,0.004,False,False
1171,Quazim0t0__Phi4.Turn.R1Distill_v1.5.1-Tensors,0.4732,0.0244,False,False
1172,ehristoforu__trd-7b-it,0.256,0.1928,False,False
1173,suayptalha__Maestro-10B,0.4772,0.0284,False,False
1174,Azure99__Blossom-V6-7B,0.4194,0.0294,False,False
1175,Quazim0t0__RZA-14B-sce,0.5592,0.1104,False,False
1176,EpistemeAI__Reasoning-Llama-3.2-3B-Math-Instruct-RE1-ORPO,0.3978,0.051,False,False
1177,Quazim0t0__GZA-14B-sce,0.5736,0.1248,False,False
1178,EpistemeAI__Reasoning-Llama-3.1-CoT-RE1-NMT-V2-ORPO,0.4022,0.0466,False,False
1179,Edgerunners__meta-llama-3-8b-instruct-hf-ortho-baukit-34fail-3000total-bf16,0.4132,0.0356,False,False
1180,Azure99__Blossom-V6-14B,0.419,0.0298,False,False
1181,HeraiHench__Marge-Qwen-Math-7B,0.2444,0.2044,False,False
1182,ehristoforu__rmoe-v1,0.2472,0.2016,False,False
1183,open-atlas__Atlas-Flash-1.5B-Preview,0.276,0.1728,False,False
1184,grimjim__DeepSauerHuatuoSkywork-R1-o1-Llama-3.1-8B,0.4508,0.002,False,False
1185,sthenno-com__miscii-14b-0130,0.576,0.1272,False,False
1186,arcee-ai__Virtuoso-Small-v2,0.5718,0.123,False,False
1187,win10__miscii-14b-1M-0128,0.5242,0.0754,False,False
1188,Quazim0t0__ThinkPhi1.1-Tensors,0.478,0.0292,False,False
1189,mistralai__Mistral-Small-24B-Base-2501,0.5054,0.0566,False,False
1190,HeraiHench__Double-Down-Qwen-Math-7B,0.2378,0.211,False,False
1191,ehristoforu__QwenQwen2.5-7B-IT-Dare,0.4364,0.0124,False,False
1192,ehristoforu__QwenQwen2.5-7B-IT,0.4364,0.0124,False,False
1193,Triangle104__Dark-Chivalry_V1.0,0.4174,0.0314,False,False
1194,jeffmeloy__Qwen2.5-7B-olm-v1.4,0.4752,0.0264,False,False
1195,Triangle104__Pans_Gutenbergum_V0.1,0.4536,0.0048,False,False
1196,Triangle104__Pans_Gutenbergum_V0.2,0.435,0.0138,False,False
1197,Triangle104__Pantheon_ChatWaifu_V0.2,0.444,0.0048,False,False
1198,Triangle104__Chronos-Prism_V1.0,0.4464,0.0024,False,False
1199,Triangle104__Rocinante-Prism_V2.0,0.434,0.0148,False,False
1200,Triangle104__BigTalker-Lite-8B,0.4276,0.0212,False,False
1201,Triangle104__Rocinante-Prism_V2.1,0.431,0.0178,False,False
1202,netcat420__MFANN3bv1.3,0.3422,0.1066,False,False
1203,open-atlas__Atlas-Flash-7B-Preview,0.2998,0.149,False,False
1204,Triangle104__Robo-Gutenberg_V1.0,0.542,0.0932,False,False
1205,SkyOrbis__SKY-Ko-Qwen2.5-7B-Instruct-SFT-step-15000,0.4312,0.0176,False,False
1206,prithivMLmods__Triangulum-v2-10B,0.511,0.0622,False,False
1207,Sakalti__mergekit-01,0.4898,0.041,False,False
1208,nlpguy__Lion-Lamarck-v.1.1.0,0.5264,0.0776,False,False
1209,YOYO-AI__Qwen2.5-14B-YOYO-SCE,0.54,0.0912,False,False
1210,tensopolis__qwen2.5-14b-tensopolis-v1,0.5722,0.1234,False,False
1211,LightningRodLabs__Flashlight-v1.2,0.278,0.1708,False,False
1212,DoppelReflEx__MN-12B-WolFrame,0.4166,0.0322,False,False
1213,tensopolis__virtuoso-small-v2-tensopolis-v1,0.5858,0.137,False,False
1214,DreadPoor__Winter_Dusk-8B-TIES,0.4176,0.0312,False,False
1215,icefog72__Ice0.70.1-01.02-RP,0.412,0.0368,False,False
1216,DreadPoor__Winter_Dawn-8B-TIES,0.4408,0.008,False,False
1217,DreadPoor__Autumn_Dawn-8B-LINEAR,0.4642,0.0154,False,False
1218,T145__KRONOS-8B-V8,0.445,0.0038,False,False
1219,icefog72__Ice0.73-01.02-RP,0.417,0.0318,False,False
1220,Sakalti__SJT-7.5B,0.4462,0.0026,False,False
1221,Sakalti__SJT-Moe2x7.5B,0.445,0.0038,False,False
1222,jaspionjader__slu-11,0.3866,0.0622,False,False
1223,jaspionjader__slu-13,0.412,0.0368,False,False
1224,jaspionjader__slu-10,0.4152,0.0336,False,False
1225,jaspionjader__slu-14,0.4128,0.036,False,False
1226,jaspionjader__slu-17,0.4066,0.0422,False,False
1227,jaspionjader__slu-20,0.4108,0.038,False,False
1228,jaspionjader__slu-2,0.4,0.0488,False,False
1229,prithivMLmods__Bellatrix-Tiny-1.5B-R1,0.3286,0.1202,False,False
1230,jaspionjader__slu-25,0.4166,0.0322,False,False
1231,jaspionjader__slu-22,0.4116,0.0372,False,False
1232,jaspionjader__slu-23,0.4154,0.0334,False,False
1233,jaspionjader__slu-6,0.4128,0.036,False,False
1234,jaspionjader__slu-29,0.416,0.0328,False,False
1235,DreadPoor__Summer_Dawn-8B-SCE,0.4522,0.0034,False,False
1236,jaspionjader__slu-32,0.4246,0.0242,False,False
1237,icefog72__Ice0.74-02.02-RP,0.3668,0.082,False,False
1238,jaspionjader__slu-33,0.4146,0.0342,False,False
1239,jaspionjader__slu-mix-1,0.4302,0.0186,False,False
1240,jaspionjader__slu-34,0.4152,0.0336,False,False
1241,jaspionjader__slu-35,0.4148,0.034,False,False
1242,jaspionjader__slu-36,0.4128,0.036,False,False
1243,Sakalti__mergekit-della_linear-vmeykci,0.2404,0.2084,False,False
1244,jaspionjader__slu-37,0.4172,0.0316,False,False
1245,icefog72__Ice0.76-02.02-RP,0.4018,0.047,False,False
1246,bunnycore__Llama-3.2-3B-Bespoke-Thought,0.366,0.0828,False,False
1247,icefog72__Ice0.77-02.02-RP,0.4148,0.034,False,False
1248,Triangle104__Q2.5-14B-Instruct-1M-Harmony,0.5526,0.1038,False,False
1249,bunnycore__Phi-4-RR-Shoup,0.6024,0.1536,False,False
1250,Sakalti__ultiima-14B-v0.4,0.5334,0.0846,False,False
1251,icefog72__Ice0.78-02.02-RP,0.4022,0.0466,False,False
1252,saishf__Neural-SOVLish-Devil-8B-L3,0.4224,0.0264,False,False
1253,DreadPoor__Spring_Dusk-8B-SCE,0.4592,0.0104,False,False
1254,prithivMLmods__Calcium-Opus-14B-Elite2-R1,0.5576,0.1088,False,False
1255,T145__ZEUS-8B-V29,0.45,0.0012,False,False
1256,ehristoforu__fd-lora-merged-16x32,0.2778,0.171,False,False
1257,ehristoforu__fd-lora-merged-64x128,0.2748,0.174,False,False
1258,jaspionjader__bh-11,0.4776,0.0288,False,False
1259,jaspionjader__bh-9,0.4774,0.0286,False,False
1260,jaspionjader__bh-12,0.4736,0.0248,False,False
1261,jaspionjader__bh-7,0.4746,0.0258,False,False
1262,jaspionjader__bh-8,0.4822,0.0334,False,False
1263,jaspionjader__bh-5,0.4768,0.028,False,False
1264,jaspionjader__bh-1,0.4568,0.008,False,False
1265,jaspionjader__bh-2,0.4784,0.0296,False,False
1266,jaspionjader__bh-4,0.4776,0.0288,False,False
1267,jaspionjader__bh-3,0.4782,0.0294,False,False
1268,DreadPoor__Summer_Rain-8B-TIES,0.47,0.0212,False,False
1269,jaspionjader__bh-10,0.476,0.0272,False,False
1270,jaspionjader__bh-6,0.4772,0.0284,False,False
1271,jaspionjader__bh-13,0.4742,0.0254,False,False
1272,jaspionjader__bh-15,0.4758,0.027,False,False
1273,jaspionjader__bh-17,0.4694,0.0206,False,False
1274,jaspionjader__bh-16,0.4738,0.025,False,False
1275,jaspionjader__bh-18,0.4778,0.029,False,False
1276,jaspionjader__bh-19,0.4676,0.0188,False,False
1277,jaspionjader__bh-20,0.4694,0.0206,False,False
1278,bunnycore__Phi-4-RStock-v0.1,0.593,0.1442,False,False
1279,jaspionjader__bh-22,0.473,0.0242,False,False
1280,Sakalti__SJT-8B,0.4668,0.018,False,False
1281,jaspionjader__bh-23,0.4668,0.018,False,False
1282,T145__KRONOS-8B-V9,0.4486,0.0002,False,False
1283,DreadPoor__Summer_Rain-8B-SCE,0.47,0.0212,False,False
1284,Xiaojian9992024__Llama3.2-1B-THREADRIPPER,0.3098,0.139,False,False
1285,icefog72__Ice0.80-03.02-RP,0.4212,0.0276,False,False
1286,jaspionjader__bh-30,0.4632,0.0144,False,False
1287,jaspionjader__bh-27,0.4664,0.0176,False,False
1288,jaspionjader__bh-25,0.466,0.0172,False,False
1289,jaspionjader__bh-28,0.4676,0.0188,False,False
1290,jaspionjader__bh-26,0.4696,0.0208,False,False
1291,jaspionjader__bh-29,0.4652,0.0164,False,False
1292,DreadPoor__HOT_STINKING_GARBAGE,0.398,0.0508,False,False
1293,Quazim0t0__Alien-CoT-14B-sce,0.5466,0.0978,False,False
1294,Quazim0t0__Knot-CoT-14B-sce,0.5366,0.0878,False,False
1295,jaspionjader__bh-31,0.4638,0.015,False,False
1296,jaspionjader__bh-32,0.4636,0.0148,False,False
1297,jaspionjader__bh-33,0.4598,0.011,False,False
1298,jaspionjader__bh-37,0.4604,0.0116,False,False
1299,jaspionjader__bh-38,0.4596,0.0108,False,False
1300,jaspionjader__bh-41,0.4592,0.0104,False,False
1301,jaspionjader__bh-42,0.46,0.0112,False,False
1302,jaspionjader__bh-43,0.4596,0.0108,False,False
1303,jaspionjader__bh-46,0.4614,0.0126,False,False
1304,jaspionjader__bh-47,0.4552,0.0064,False,False
1305,jaspionjader__bh-48,0.4526,0.0038,False,False
1306,jaspionjader__bh-49,0.4542,0.0054,False,False
1307,jaspionjader__bh-50,0.4538,0.005,False,False
1308,jaspionjader__bh-55,0.4568,0.008,False,False
1309,zelk12__MT-Gen6fix-gemma-2-9B,0.4378,0.011,False,False
1310,DreadPoor__Winter-8B-SCE,0.4524,0.0036,False,False
1311,ehristoforu__qwen2.5-test-32b-it,0.562,0.1132,False,False
1312,FINGU-AI__Chocolatine-Fusion-14B,0.5638,0.115,False,False
1313,jaspionjader__bh-24,0.4676,0.0188,False,False
1314,YOYO-AI__Qwen2.5-14B-YOYO-latest,0.5696,0.1208,False,False
1315,jaspionjader__bh-54,0.4566,0.0078,False,False
1316,jaspionjader__bh-36,0.4634,0.0146,False,False
1317,jaspionjader__bh-39,0.4636,0.0148,False,False
1318,SentientAGI__Dobby-Mini-Unhinged-Llama-3.1-8B,0.447,0.0018,False,False
1319,Quazim0t0__Phi4Basis-14B-sce,0.5958,0.147,False,False
1320,ehristoforu__testq-32b,0.2406,0.2082,False,False
1321,fblgit__miniclaus-qw1.5B-UNAMGS-GRPO,0.3586,0.0902,False,False
1322,jaspionjader__bh-57,0.4438,0.005,False,False
1323,netcat420__qwen2.5-MFANN-7b-SLERPv1.1,0.4374,0.0114,False,False
1324,Quazim0t0__Loke-14B-sce,0.593,0.1442,False,False
1325,Sakalti__SJT-8B-V1.1,0.4302,0.0186,False,False
1326,bunnycore__Llama-3.2-3B-RRStock,0.3916,0.0572,False,False
1327,prithivMLmods__Megatron-Opus-7B-Exp,0.454,0.0052,False,False
1328,Sakalti__SJT-7B-V1.1-Multilingal,0.25,0.1988,False,False
1329,jpacifico__Chocolatine-2-14B-Instruct-v2.0.1,0.5588,0.11,False,False
1330,Quazim0t0__Mithril-14B-sce,0.594,0.1452,False,False
1331,jaspionjader__bh-35,0.4608,0.012,False,False
1332,DreadPoor__tests_pending-do_not_use_yet,0.4656,0.0168,False,False
1333,jaspionjader__bh-56,0.4464,0.0024,False,False
1334,jaspionjader__bh-51,0.4534,0.0046,False,False
1335,jaspionjader__bh-58,0.4462,0.0026,False,False
1336,Quazim0t0__Adamant-14B-sce,0.5826,0.1338,False,False
1337,zelk12__MT1-Gen6-gemma-2-9B,0.438,0.0108,False,False
1338,SkyOrbis__SKY-Ko-Qwen2.5-7B-Instruct-SFT-step-5000,0.4474,0.0014,False,False
1339,Sakalti__SJT-7B-V1.1,0.4648,0.016,False,False
1340,Sakalti__SJT-2B-V1.1,0.324,0.1248,False,False
1341,jaspionjader__bh-40,0.463,0.0142,False,False
1342,Quazim0t0__ODB-14B-sce,0.4824,0.0336,False,False
1343,Xiaojian9992024__Llama3.2-1B-THREADRIPPER-v0.2,0.3052,0.1436,False,False
1344,EpistemeAI__Reasoning-Llama-3.2-1B-Instruct-v1.2,0.278,0.1708,False,False
1345,EpistemeAI__Reasoning-Llama-3.2-3B-Math-Instruct-RE1,0.3534,0.0954,False,False
1346,xwen-team__Xwen-7B-Chat,0.4714,0.0226,False,False
1347,SentientAGI__Dobby-Mini-Leashed-Llama-3.1-8B,0.4578,0.009,False,False
1348,Danielbrdz__Barcenas-14b-phi-4-v2,0.5404,0.0916,False,False
1349,Quazim0t0__Halo-14B-sce,0.59,0.1412,False,False
1350,Cran-May__SCE-3-24B,0.4966,0.0478,False,False
1351,jaspionjader__bh-52,0.445,0.0038,False,False
1352,jaspionjader__bh-53,0.453,0.0042,False,False
1353,Cran-May__SCE-2-24B,0.5118,0.063,False,False
1354,sometimesanotion__Qwenvergence-14B-v13-Prose-DS,0.5752,0.1264,False,False
1355,CultriX__Qwen2.5-14B-Ultimav2,0.569,0.1202,False,False
1356,jaspionjader__bh-44,0.4614,0.0126,False,False
1357,DreadPoor__Summer_Dusk-8B-TIES,0.443,0.0058,False,False
1358,Quazim0t0__Origami-14B-sce,0.4976,0.0488,False,False
1359,Quazim0t0__Mononoke-14B-sce,0.5538,0.105,False,False
1360,ZeroXClem__Qwen2.5-7B-CelestialHarmony-1M,0.4816,0.0328,False,False
1361,Sakalti__SJT-24B-Alpha,0.498,0.0492,False,False
1362,prithivMLmods__Megatron-Opus-14B-Stock,0.5492,0.1004,False,False
1363,prithivMLmods__Megatron-Opus-14B-Exp,0.5554,0.1066,False,False
1364,prithivMLmods__Primal-Opus-14B-Optimus-v1,0.5498,0.101,False,False
1365,Quazim0t0__Venti-20b,0.5788,0.13,False,False
1366,FINGU-AI__RomboUltima-32B,0.5974,0.1486,False,False
1367,Quazim0t0__InspectorDeck-14B-sce,0.508,0.0592,False,False
1368,Quazim0t0__SZA-14B-sce,0.595,0.1462,False,False
1369,LeroyDyer__CheckPoint_A,0.3904,0.0584,False,False
1370,sthenno__tempesthenno-kto-0205-ckpt80,0.5554,0.1066,False,False
1371,YOYO-AI__ZYH-LLM-Qwen2.5-14B,0.5666,0.1178,False,False
1372,sometimesanotion__KytheraMix-7B-v0.2,0.4936,0.0448,False,False
1373,Krystalan__DRT-o1-7B,0.4438,0.005,False,False
1374,jpacifico__Chocolatine-2-14B-Instruct-v2.0,0.5616,0.1128,False,False
1375,sumink__llamaft,0.3006,0.1482,False,False
1376,Ayush-Singh__Llama1B-sft-2,0.2304,0.2184,False,False
1377,sumink__flflmillama,0.3146,0.1342,False,False
1378,Quazim0t0__tesseract-14b-stock,0.5868,0.138,False,False
1379,Triangle104__L3.1-8B-Dusky-Ink,0.4224,0.0264,False,False
1380,Triangle104__Distilled-DarkPlanet-Allades-8B_TIES,0.4076,0.0412,False,False
1381,Quazim0t0__graphite-14b-sce,0.5026,0.0538,False,False
1382,Quazim0t0__mosaic-14b-sce,0.5926,0.1438,False,False
1383,FINGU-AI__Phi-4-RRStock,0.4878,0.039,False,False
1384,shivank21__mistral_dpo_self,0.2724,0.1764,False,False
1385,DreadPoor__TEST02-Ignore,0.452,0.0032,False,False
1386,cloudyu__S1-Llama-3.2-3Bx4-MoE,0.3808,0.068,False,False
1387,Triangle104__Gemmadevi-Stock-10B,0.4604,0.0116,False,False
1388,Quazim0t0__time-14b-stock,0.6002,0.1514,False,False
1389,Quazim0t0__bloom-14b-stock,0.5936,0.1448,False,False
1390,jaspionjader__bh-59,0.4552,0.0064,False,False
1391,Quazim0t0__NovaScotia-14b-stock,0.6016,0.1528,False,False
1392,sumink__llftfl7,0.3062,0.1426,False,False
1393,LeroyDyer__CheckPoint_C,0.3644,0.0844,False,False
1394,LeroyDyer__CheckPoint_B,0.3918,0.057,False,False
1395,Quazim0t0__Venti-Blend-sce,0.5862,0.1374,False,False
1396,T145__KRONOS-8B-V1-P3,0.4386,0.0102,False,False
1397,Xiaojian9992024__Qwen2.5-THREADRIPPER-Small,0.4478,0.001,False,False
1398,T145__KRONOS-8B-V1-P1,0.4468,0.002,False,False
1399,bunnycore__Qwen2.5-7B-MixStock-V0.1,0.487,0.0382,False,False
1400,EpistemeAI__Reasoning-Llama-3.2-1B-Instruct-v1.3,0.271,0.1778,False,False
1401,DreadPoor__TEST03-ignore,0.461,0.0122,False,False
1402,Dongwei__DeepSeek-R1-Distill-Qwen-7B-GRPO,0.2966,0.1522,False,False
1403,siqi00__Mistral-7B-DFT,0.3942,0.0546,False,False
1404,tensopolis__virtuoso-lite-tensopolis-v1,0.526,0.0772,False,False
1405,notbdq__Qwen2.5-14B-Instruct-1M-GRPO-Reasoning,0.502,0.0532,False,False
1406,zelk12__MT2-Gen6-gemma-2-9B,0.4438,0.005,False,False
1407,RDson__WomboCombo-R1-Coder-14B-Preview,0.5516,0.1028,False,False
1408,Quazim0t0__Oasis-14B-ties,0.5912,0.1424,False,False
1409,1024m__PHI-4-Hindi,0.5238,0.075,False,False
1410,Quazim0t0__GuiltySpark-14B-ties,0.59,0.1412,False,False
1411,FINGU-AI__QwQ-Buddy-32B-Alpha,0.54,0.0912,False,False
1412,netcat420__MFANN-phigments-slerp-V3.2,0.3744,0.0744,False,False
1413,Quazim0t0__Ponder-14B-linear,0.597,0.1482,False,False
1414,DoppelReflEx__MN-12B-FoxFrame-test,0.4362,0.0126,False,False
1415,1-800-LLMs__Qwen-2.5-14B-Hindi,0.546,0.0972,False,False
1416,Sakalti__Saka-7.2B,0.2426,0.2062,False,False
1417,sarvamai__OpenHathi-7B-Hi-v0.1-Base,0.2682,0.1806,False,False
1418,ai4bharat__Airavata,0.2862,0.1626,False,False
1419,meta-llama__Llama-3.1-8B-Instruct,0.432,0.0168,False,False
1420,Telugu-LLM-Labs__Indic-gemma-7b-finetuned-sft-Navarasa-2.0,0.3292,0.1196,False,False
1421,Telugu-LLM-Labs__Indic-gemma-2b-finetuned-sft-Navarasa-2.0,0.2702,0.1786,False,False
1422,suayptalha__Luminis-phi-4,0.5964,0.1476,False,False
1423,Quazim0t0__Casa-14b-sce,0.6008,0.152,False,False
1424,GenVRadmin__llama38bGenZ_Vikas-Merged,0.3744,0.0744,False,False
1425,GenVRadmin__AryaBhatta-GemmaOrca-Merged,0.3268,0.122,False,False
1426,1024m__QWEN-14B-B100,0.5166,0.0678,False,False
1427,GenVRadmin__AryaBhatta-GemmaOrca-2-Merged,0.3186,0.1302,False,False
1428,Sakalti__Saka-14B,0.5758,0.127,False,False
1429,GenVRadmin__AryaBhatta-GemmaUltra-Merged,0.3368,0.112,False,False
1430,rombodawg__Rombos-Coder-V2.5-Qwen-7b,0.4206,0.0282,False,False
1431,jebish7__Nemotron-4-Mini-Hindi-4B-Instruct,0.338,0.1108,False,False
1432,1-800-LLMs__Qwen-2.5-14B-Hindi-Custom-Instruct,0.5206,0.0718,False,False
1433,Quazim0t0__Sumatra-20b,0.5778,0.129,False,False
1434,rombodawg__Rombos-Coder-V2.5-Qwen-14b,0.5216,0.0728,False,False
1435,Quazim0t0__Vine-14b-sce,0.6008,0.152,False,False
1436,jebish7__Llama-3.1-8B-Instruct,0.434,0.0148,False,False
1437,jebish7__Nemotron-4-Mini-Hindi-4B-Base,0.3218,0.127,False,False
1438,jebish7__Nemotron-Mini-4B-Instruct,0.3536,0.0952,False,False
1439,jebish7__aya-expanse-8b,0.4006,0.0482,False,False
1440,bunnycore__DeepThinker-7B-Sce-v1,0.2498,0.199,False,False
1441,jaspionjader__bh-60,0.45,0.0012,False,False
1442,jebish7__gemma-2-9b-it,0.4536,0.0048,False,False
1443,jaspionjader__bh-62,0.4468,0.002,False,False
1444,T145__KRONOS-8B-V1-P2,0.4124,0.0364,False,False
1445,bunnycore__Phi-Seek-4-Sce-V1,0.4702,0.0214,False,False
1446,jebish7__gemma-2-2b-it,0.3514,0.0974,False,False
1447,mlx-community__Mistral-Small-24B-Instruct-2501-bf16,0.5666,0.1178,False,False
1448,Quazim0t0__Katana-8b-sce,0.4298,0.019,False,False
1449,Quazim0t0__Jekyl-8b-sce,0.4224,0.0264,False,False
1450,netcat420__MFANN-phigments-slerp-V3.3,0.3796,0.0692,False,False
1451,netcat420__MFANN3bv1.4,0.375,0.0738,False,False
1452,bunnycore__DeepThinker-7B-Sce-v2,0.2546,0.1942,False,False
1453,tensopolis__virtuoso-lite-tensopolis-v2,0.5238,0.075,False,False
1454,EpistemeAI__ReasoningCore-3B-T1_1,0.4004,0.0484,False,False
1455,Sakalti__Saka-1.5B,0.3238,0.125,False,False
1456,Sakalti__Saka-7.6B,0.4868,0.038,False,False
1457,T145__ZEUS-8B-V30,0.451,0.0022,False,False
1458,sometimesanotion__Qwen2.5-7B-Gordion-v0.1,0.4864,0.0376,False,False
1459,Quazim0t0__Chromatic-8b-sce,0.4272,0.0216,False,False
1460,Quazim0t0__GivingTree-8b-sce,0.4274,0.0214,False,False
1461,Quazim0t0__TBL-8B-sce,0.42,0.0288,False,False
1462,DreadPoor__TEST06-ignore,0.4606,0.0118,False,False
1463,jlzhou__Qwen2.5-3B-Infinity-Instruct-0625,0.3706,0.0782,False,False
1464,bunnycore__Phi-4-Sce-exp-v0.1,0.605,0.1562,False,False
1465,Quazim0t0__Wu-14b-sce,0.563,0.1142,False,False
1466,Quazim0t0__Spok-14b-sce,0.568,0.1192,False,False
1467,Quazim0t0__Hyde-14b-sce,0.5676,0.1188,False,False
1468,jaspionjader__bh-61,0.4388,0.01,False,False
1469,SaisExperiments__Not-So-Small-Alpaca-24B,0.4696,0.0208,False,False
1470,prithivMLmods__WebMind-7B-v0.1,0.4624,0.0136,False,False
1471,prithivMLmods__Sqweeks-7B-Instruct,0.4068,0.042,False,False
1472,jpacifico__Chocolatine-2-14B-Instruct-v2.0.3,0.5764,0.1276,False,False
1473,DreadPoor__TEST07-ignore,0.4726,0.0238,False,False
1474,prithivMLmods__Elita-1,0.5564,0.1076,False,False
1475,prithivMLmods__Jolt-v0.1,0.5586,0.1098,False,False
1476,DreadPoor__TEST08-ignore,0.4698,0.021,False,False
1477,prithivMLmods__Megatron-Corpus-14B-Exp.v2,0.5274,0.0786,False,False
1478,Sakalti__Saka-24B,0.4956,0.0468,False,False
1479,suayptalha__Lamarckvergence-14B,0.523,0.0742,False,False
1480,cognitivecomputations__Dolphin3.0-R1-Mistral-24B,0.443,0.0058,False,False
1481,prithivMLmods__Viper-Coder-v0.1,0.53,0.0812,False,False
1482,Quazim0t0__TB0-8B-sce,0.4298,0.019,False,False
1483,Quazim0t0__Aura-8B-Linear,0.4416,0.0072,False,False
1484,SicariusSicariiStuff__Redemption_Wind_24B,0.5078,0.059,False,False
1485,ehristoforu__della-70b-test-v1,0.2782,0.1706,False,False
1486,kavonalds__Lancer-1-1b-Instruct,0.2802,0.1686,False,False
1487,Nexesenex__Llama_3.2_3b_Kermes_v1,0.3578,0.091,False,False
1488,Josephgflowers__Tinyllama-r1,0.251,0.1978,False,False
1489,HarbingerX__Zeitgeist-3b-V1,0.3808,0.068,False,False
1490,Triangle104__RomboHermes3-R1-Llama3.2-3b,0.3512,0.0976,False,False
1491,tensopolis__phi-4-tensopolis-v1,0.5966,0.1478,False,False
1492,cjvt__GaMS-1B,0.2532,0.1956,False,False
1493,Nexesenex__Llama_3.2_3b_Kermes_v2,0.3696,0.0792,False,False
1494,Nexesenex__Llama_3.2_3b_Kermes_v2.1,0.3706,0.0782,False,False
1495,Pinkstack__Superthoughts-lite-v1,0.2836,0.1652,False,False
1496,sometimesanotion__Qwentessential-14B-v1,0.5758,0.127,False,False
1497,bunnycore__Phi-4-Trim-Exp1,0.244,0.2048,False,False
1498,gz987__qwen2.5-7b-cabs-v0.3,0.5134,0.0646,False,False
1499,gz987__qwen2.5-7b-cabs-v0.1,0.5122,0.0634,False,False
1500,gz987__qwen2.5-7b-cabs-v0.2,0.5128,0.064,False,False
1501,gz987__qwen2.5-7b-cabs-v0.4,0.5138,0.065,False,False
1502,EpistemeAI__OpenReasoner-Llama-3.2-3B-rs1.0,0.3906,0.0582,False,False
1503,jebish7__Llama-3-Nanda-10B-Chat,0.3886,0.0602,False,False
1504,allenai__OLMoE-1B-7B-0125-Instruct,0.351,0.0978,False,False
1505,mobiuslabsgmbh__DeepSeek-R1-ReDistill-Llama3-8B-v1.1,0.3324,0.1164,False,False
1506,cloudyu__Mixtral_11Bx2_MoE_19B,0.4222,0.0266,False,False
1507,Xiaojian9992024__Reflection-L3.2-JametMiniMix-3B,0.3788,0.07,False,False
1508,bunnycore__Qwen-2.5-7B-Deep-Sky-T1,0.3418,0.107,False,False
1509,mobiuslabsgmbh__DeepSeek-R1-ReDistill-Qwen-7B-v1.1,0.3518,0.097,False,False
1510,bunnycore__Qwen-2.5-7B-Deep-Stock-v5,0.3872,0.0616,False,False
1511,tensopolis__qwen2.5-3b-or1-tensopolis,0.3756,0.0732,False,False
1512,JayHyeon__Qwen_0.5-cDPO_5e-7-3ep_0vpo_const_0.3,0.2722,0.1766,False,False
1513,JayHyeon__Qwen_0.5-rDPO_5e-7-3ep_0vpo_const_0.3,0.2756,0.1732,False,False
1514,tensopolis__mistral-small-r1-tensopolis,0.4658,0.017,False,False
1515,baconnier__Napoleon_24B_V0.2,0.4708,0.022,False,False
1516,tensopolis__mistral-small-2501-tensopolis-v1,0.5788,0.13,True,False
1517,DreadPoor__Winter_Night-8B-Model_Stock,0.439,0.0098,False,False
1518,jayasuryajsk__Qwen2.5-3B-reasoner,0.3994,0.0494,False,False
1519,EpistemeAI__ReasoningCore-3B-0,0.3966,0.0522,False,False
1520,sometimesanotion__Qwen2.5-7B-Gordion-v0.1-Reason,0.4746,0.0258,False,False
1521,Triangle104__Porpoise-R1-Llama3.2-3b,0.3272,0.1216,False,False
1522,Quazim0t0__Motion-8B-Linear,0.4416,0.0072,False,False
1523,EpistemeAI__ReasoningCore-3B-R01,0.347,0.1018,False,False
1524,JayHyeon__Qwen_0.5-VIPO_5e-7-3ep_10vpo_const,0.2836,0.1652,False,False
1525,JayHyeon__Qwen_0.5-VIPO_5e-7-3ep_30vpo_const,0.283,0.1658,False,False
1526,JayHyeon__Qwen_0.5-VIPO_5e-7-3ep_1vpo_const,0.282,0.1668,False,False
1527,JayHyeon__Qwen_0.5-VIPO_5e-7-3ep_3vpo_const,0.2816,0.1672,False,False
1528,sometimesanotion__Qwen2.5-7B-Gordion-v0.1-Prose,0.4836,0.0348,False,False
1529,Triangle104__Mistral-Redemption-Arc,0.5394,0.0906,False,False
1530,Quazim0t0__Charlie-8B-Linear,0.454,0.0052,False,False
1531,oopere__Llama-FinSent-S,0.2672,0.1816,False,False
1532,DoppelReflEx__MN-12B-FoxFrame2-test,0.449,0.0002,False,False
1533,FuseAI__FuseChat-Llama-3.2-3B-Instruct,0.4204,0.0284,False,False
1534,DoppelReflEx__MN-12B-FoxFrame3-test,0.444,0.0048,False,False
1535,bunnycore__Qwen-2.5-7B-Exp-Sce,0.4938,0.045,False,False
1536,Daemontatox__Cogito-MIS,0.3856,0.0632,False,False
1537,YOYO-AI__ZYH-LLM-Qwen2.5-14B-V2,0.5488,0.1,False,False
1538,EpistemeAI__ReasoningCore-3B-T1-V1,0.3974,0.0514,False,False
1539,prithivMLmods__Elita-0.1-Distilled-R1-abliterated,0.3506,0.0982,False,False
1540,prithivMLmods__Megatron-Opus-14B-2.0,0.5696,0.1208,False,False
1541,EpistemeAI__Fireball-R1-Llama-3.1-8B,0.3476,0.1012,False,False
1542,nbeerbower__EVA-abliterated-TIES-Qwen2.5-14B,0.5788,0.13,False,False
1543,SicariusSicariiStuff__Phi-lthy4,0.488,0.0392,False,False
1544,open-thoughts__OpenThinker-7B,0.4562,0.0074,False,False
1545,bunnycore__Qwen2.5-7B-MixStock-Sce-V0.3,0.3176,0.1312,False,False
1546,prithivMLmods__Sombrero-Opus-14B-Elite5,0.5862,0.1374,False,False
1547,prithivMLmods__Viper-Coder-v1.1,0.5852,0.1364,False,False
1548,Nitral-AI__Captain-Eris_Violet-GRPO-v0.420,0.4386,0.0102,False,False
1549,bunnycore__Gemma2-9B-TitanFusion,0.4382,0.0106,False,False
1550,bunnycore__Qwen2.5-7B-Sky-R1-Mini,0.2908,0.158,False,False
1551,prithivMLmods__Magellanic-Opus-14B-Exp,0.5702,0.1214,False,False
1552,bunnycore__Qwen2.5-7B-RRP-1M-Thinker,0.3178,0.131,False,False
1553,prithivMLmods__Dinobot-Opus-14B-Exp,0.5724,0.1236,False,False
1554,SicariusSicariiStuff__Phi-Line_14B,0.5414,0.0926,False,False
1555,EpistemeAI__ReasoningCore-3B-RE1-V2,0.3976,0.0512,False,False
1556,nbeerbower__Dumpling-Qwen2.5-14B,0.5416,0.0928,False,False
1557,allura-org__TQ2.5-14B-Neon-v1,0.5688,0.12,False,False
1558,agentlans__Llama3.1-LexiHermes-SuperStorm,0.4584,0.0096,False,False
1559,prithivMLmods__Evac-Opus-14B-Exp,0.5708,0.122,False,False
1560,prithivMLmods__Megatron-Corpus-14B-Exp,0.545,0.0962,False,False
1561,PocketDoc__Dans-PersonalityEngine-V1.2.0-24b,0.5434,0.0946,False,False
1562,nbeerbower__DoppelKartoffel-Mistral-Nemo-23B,0.4196,0.0292,False,False
1563,fluently-lm__FluentlyLM-Prinum,0.6346,0.1858,False,False
1564,braindao__iq-code-evmind-0.5b,0.2636,0.1852,False,False
1565,braindao__DeepSeek-R1-Distill-Qwen-1.5B-Blunt,0.2604,0.1884,False,False
1566,braindao__DeepSeek-R1-Distill-Qwen-1.5B-Reflective,0.2714,0.1774,False,False
1567,SpaceYL__ECE_Poirot,0.3544,0.0944,False,False
1568,AI4free__Dhanishtha,0.3126,0.1362,False,False
1569,jaspionjader__bh-64,0.4456,0.0032,False,False
1570,Youlln__ECE-MIRAGE-1-12B,0.2468,0.202,False,False
1571,Youlln__ECE-MIRAGE-1-15B,0.2468,0.202,False,False
1572,arcee-ai__Arcee-Blitz,0.57,0.1212,False,False
1573,sthenno-com__miscii-14b-0218,0.592,0.1432,False,False
1574,LeroyDyer__CheckPoint_R1,0.3282,0.1206,False,False
1575,failspy__Meta-Llama-3-8B-Instruct-abliterated-v3,0.4182,0.0306,False,False
1576,Davidsv__SUONG-1,0.2324,0.2164,False,False
1577,EnnoAi__EnnoAi-7B-French-Instruct-202502,0.4954,0.0466,False,False
1578,ilsp__Llama-Krikri-8B-Instruct,0.4246,0.0242,False,False
1579,DoppelReflEx__MN-12B-Unleashed-Twilight,0.4512,0.0024,False,False
1580,DreadPoor__Yafune-8B-Model_Stock,0.469,0.0202,False,False
1581,Sourjayon__DeepSeek-R1-8b-Sify,0.3134,0.1354,False,False
1582,MagusCorp__grpo_lora_enem_llama3_7b,0.4042,0.0446,False,False
1583,JayHyeon__Qwen_0.5-VDPO_5e-7-3ep_3vpo_const,0.2746,0.1742,False,False
1584,jebish7__qwen2.5-0.5B-IHA-Hin,0.2488,0.2,False,False
1585,JayHyeon__Qwen_0.5-VDPO_5e-7-3ep_1vpo_const,0.2744,0.1744,False,False
1586,mrm8488__phi-4-14B-grpo-limo,0.5852,0.1364,False,False
1587,arshiaafshani__Arsh-V1,0.5632,0.1144,False,False
1588,mrm8488__phi-4-14B-grpo-gsm8k-3e,0.5862,0.1374,False,False
1589,Daemontatox__mini-Cogito-R1,0.3024,0.1464,False,False
1590,nbeerbower__Dumpling-Qwen2.5-7B-1k-r64-2e-5,0.44,0.0088,False,False
1591,mkxu__llama-3-8b-instruct-fpo,0.412,0.0368,False,False
1592,mindw96__DeepSeek-llama3.3-Bllossom-8B-DACON-LLM3,0.2504,0.1984,False,False
1593,Xiaojian9992024__Phi-4-Megatron-Empathetic,0.5268,0.078,False,False
1594,Xiaojian9992024__Qwen2.5-THREADRIPPER-Small-AnniversaryEdition,0.4976,0.0488,False,False
1595,hotmailuser__Mistral-modelstock2-24B,0.5482,0.0994,False,False
1596,oopere__pruned40-llama-3.2-1B,0.2522,0.1966,False,False
1597,HoangHa__Pensez-Llama3.1-8B,0.3842,0.0646,False,False
1598,ymcki__Llama-3.1-8B-GRPO-Instruct,0.4494,0.0006,False,False
1599,JayHyeon__Qwen_0.5-VIPO_5e-7-1ep_3vpo_const,0.2776,0.1712,False,False
1600,Daemontatox__Research_PathfinderAI,0.2718,0.177,False,False
1601,bunnycore__Maestro-S1k-7B-Sce,0.265,0.1838,False,False
1602,grimjim__Magnolia-v4-12B,0.4462,0.0026,False,False
1603,grimjim__Magnolia-v5a-12B,0.4428,0.006,False,False
1604,prithivMLmods__Megatron-Opus-14B-2.1,0.5276,0.0788,False,False
1605,nbeerbower__Dumpling-Qwen2.5-7B-1k-r16,0.438,0.0108,False,False
1606,prithivMLmods__Viper-Coder-HybridMini-v1.3,0.4966,0.0478,False,False
1607,allura-org__L3.1-8b-RP-Ink,0.4212,0.0276,False,False
1608,nbeerbower__Nemoties-ChatML-12B,0.4538,0.005,False,False
1609,Nitral-AI__Captain-Eris-BMO_Violent-GRPO-v0.420,0.4336,0.0152,False,False
1610,Nitral-AI__Captain-Eris_BMO-Violent-12B,0.4358,0.013,False,False
1611,Triangle104__L3.1-8B-Dusky-Ink_v0.r1,0.3474,0.1014,False,False
1612,Nexesenex__Nemotron_W_4b_Halo_0.1,0.3356,0.1132,False,False
1613,Nexesenex__Llama_3.2_1b_Dolto_0.1,0.2954,0.1534,False,False
1614,Nexesenex__Llama_3.2_1b_OpenTree_R1_0.1,0.2844,0.1644,False,False
1615,Nexesenex__Llama_3.2_1b_RandomLego_RP_R1_0.1,0.304,0.1448,False,False
1616,Nexesenex__Llama_3.2_1b_Syneridol_0.2,0.2554,0.1934,False,False
1617,Wladastic__Mini-Think-Base-1B,0.3174,0.1314,False,False
1618,Nexesenex__Llama_3.2_1b_AquaSyn_0.1,0.2716,0.1772,False,False
1619,Nexesenex__Llama_3.2_1b_Sydonia_0.1,0.2548,0.194,False,False
1620,qingy2024__Benchmaxx-Llama-3.2-1B-Instruct,0.6378,0.189,False,False
1621,mrdayl__OpenThink,0.3196,0.1292,False,False
1622,Nexesenex__Llama_3.2_1b_Synopsys_0.1,0.2584,0.1904,False,False
1623,Nexesenex__Llama_3.2_1b_Odyssea_V1,0.2494,0.1994,False,False
1624,ozone-research__Chirp-01,0.4368,0.012,False,False
1625,formulae__mita-v1-7b,0.2526,0.1962,False,False
1626,suayptalha__DeepSeek-R1-Distill-Llama-3B,0.3942,0.0546,False,False
1627,suayptalha__Clarus-7B-v0.1,0.5132,0.0644,False,False
1628,suayptalha__Clarus-7B-v0.2,0.5122,0.0634,False,False
1629,formulae__mita-v1.2-7b-2-24-2025,0.4562,0.0074,False,False
1630,formulae__mita-v1.1-7b-2-24-2025,0.4806,0.0318,False,False
1631,ModelSpace__GemmaX2-28-9B-v0.1,0.2898,0.159,False,False
1632,Danielbrdz__Barcenas-3b-GRPO,0.3852,0.0636,False,False
1633,netcat420__qwen2.5-MFANN-7b-SLERP-V1.2,0.4602,0.0114,False,False
1634,netcat420__qwen2.5-MFANN-7b-v1.1,0.4406,0.0082,False,False
1635,DevQuasar__DevQuasar-R1-Uncensored-Llama-8B,0.4544,0.0056,False,False
1636,Sakalti__SakaMoe-3x1.6B-Instruct,0.2714,0.1774,False,False
1637,jeanmichela__o-distil-qwen,0.5508,0.102,False,False
1638,sometimesanotion__Lamarck-14B-v0.7-Fusion,0.5822,0.1334,False,False
1639,FINGU-AI__Ultimos-32B,0.2406,0.2082,False,False
1640,bunnycore__Qwen-2.5-7b-S1k,0.5074,0.0586,False,False
1641,JayHyeon__Qwen_0.5-cDPO_5e-7-3ep_0vpo_const_0.1,0.2742,0.1746,False,False
1642,JayHyeon__Qwen_0.5-rDPO_5e-7-3ep_0vpo_const_0.1,0.2756,0.1732,False,False
1643,bunnycore__QwQen-3B-LCoT-R1,0.4268,0.022,False,False
1644,kayfour__T3Q-Qwen2.5-7B-it-KOR-Safe,0.4964,0.0476,False,False
1645,insightfactory__Llama-3.2-3B-Instruct-unsloth-bnb-4bitlora_model,0.3596,0.0892,False,False
1646,JayHyeon__Qwen_0.5-VIPO_5e-7-1ep_1vpo_const,0.2794,0.1694,False,False
1647,CultriX__Qwen2.5-14B-ReasoningMerge,0.5832,0.1344,False,False
1648,YOYO-AI__Qwen2.5-14B-YOYO-latest-V2,0.5682,0.1194,False,False
1649,Lunzima__NQLSG-Qwen2.5-14B-MegaFusion-v3,0.5794,0.1306,False,False
1650,Lunzima__NQLSG-Qwen2.5-14B-MegaFusion-v4,0.5668,0.118,False,False
1651,zelk12__MT1-Gen7-gemma-2-9B,0.451,0.0022,False,False
1652,Triangle104__DSR1-Distill-Qwen-7B-RP,0.4168,0.032,False,False
1653,nbeerbower__DoublePotato-Mistral-Nemo-13B,0.4562,0.0074,False,False
1654,allura-org__MN-12b-RP-Ink,0.416,0.0328,False,False
1655,Triangle104__Llama3.1-Allades-Lit-8b,0.3334,0.1154,False,False
1656,Lunzima__NQLSG-Qwen2.5-14B-MegaFusion-v5,0.5762,0.1274,False,False
1657,Triangle104__Llama3.1-cc-Lit-8b,0.3206,0.1282,False,False
1658,Triangle104__DSR1-Distill-Llama-Lit-8B,0.373,0.0758,False,False
1659,Triangle104__LThreePointOne-8B-HermesBlackroot,0.3826,0.0662,False,False
1660,Triangle104__LThreePointOne-8B-HermesInk,0.436,0.0128,False,False
1661,Xiaojian9992024__Qwen2.5-Ultra-1.5B-25.02-Exp,0.3306,0.1182,False,False
1662,JayHyeon__Qwen_0.5-VDPO_5e-7-1ep_10vpo_const,0.2744,0.1744,False,False
1663,JayHyeon__Qwen_0.5-VDPO_5e-7-1ep_3vpo_const,0.2746,0.1742,False,False
1664,Nexesenex__Nemotron_W_4b_MagLight_0.1,0.3514,0.0974,False,False
1665,tensopolis__qwen2.5-7b-tensopolis-v1,0.4984,0.0496,False,False
1666,Triangle104__Q2.5-R1-3B,0.4292,0.0196,False,False
1667,arcee-ai__Arcee-Maestro-7B-Preview,0.427,0.0218,False,False
1668,YOYO-AI__Qwen2.5-14B-1M-YOYO-V3,0.5872,0.1384,False,False
1669,YOYO-AI__ZYH-LLM-Qwen2.5-14B-V3,0.5786,0.1298,False,False
1670,aixonlab__Zara-14b-v1.2,0.5626,0.1138,False,False
1671,zake7749__gemma-2-9b-it-chinese-kyara,0.4586,0.0098,False,False
1672,zelk12__MT2-Gen7-gemma-2-9B,0.4654,0.0166,False,False
1673,nlpguy__Miisce-one,0.576,0.1272,False,False
1674,zelk12__MT-Gen7-gemma-2-9B,0.4522,0.0034,False,False
1675,hotmailuser__Mistral-modelstock-24B,0.5144,0.0656,False,False
1676,prithivMLmods__Viper-Coder-Hybrid-v1.3,0.576,0.1272,False,False
1677,Sorawiz__Gemma-9B-Base,0.4558,0.007,False,False
1678,Sorawiz__Gemma-Creative-9B-Base,0.421,0.0278,False,False
1679,zelk12__MT3-Gen6-gemma-2-9B,0.4588,0.01,False,False
1680,ontocord__starcoder2-29b-ls,0.2954,0.1534,False,False
1681,Triangle104__Phi4-RP-o1-Ablit,0.542,0.0932,False,False
1682,JayHyeon__Qwen_0.5-VIPO_5e-7-1ep_10vpo_const,0.2804,0.1684,False,False
1683,zelk12__MT-Merge6-gemma-2-9B,0.4514,0.0026,False,False
1684,CultriX__Qwen2.5-14B-HyperMarck-dl,0.5584,0.1096,False,False
1685,Triangle104__Rombos-Novasky-7B_V1c,0.3706,0.0782,False,False
1686,prithivMLmods__Sombrero-Opus-14B-Elite6,0.584,0.1352,False,False
1687,jaspionjader__bh-63,0.4094,0.0394,False,False
1688,JayHyeon__Qwen_0.5-VIPO_5e-7-1ep_30vpo_const,0.2816,0.1672,False,False
1689,prithivMLmods__Viper-Coder-Hybrid-v1.2,0.5604,0.1116,False,False
1690,JayHyeon__Qwen_0.5-VDPO_5e-7-1ep_1vpo_const,0.2772,0.1716,False,False
1691,Triangle104__Herodotos-14B_V0.1,0.2508,0.198,False,False
1692,Triangle104__Mistral-Small-24b-Harmony,0.5064,0.0576,False,False
1693,saishshinde15__TethysAI_Base_Reasoning,0.4174,0.0314,False,False
1694,DreadPoor__Cadence-8B-LINEAR,0.4652,0.0164,False,False
1695,eworojoshua__vas-01,0.499,0.0502,False,False
1696,DreadPoor__Decayed-8B-LINEAR,0.4652,0.0164,False,False
1697,EpistemeAI__ReasoningCore-3B-RE1-V2B,0.3566,0.0922,False,False
1698,EpistemeAI__ReasoningCore-3B-RE1-V2A,0.36,0.0888,False,False
1699,saishshinde15__TethysAI_Vortex,0.423,0.0258,False,False
1700,ZHLiu627__zephyr-7b-gemma-rpo-avg,0.3412,0.1076,False,False
1701,saishshinde15__TethysAI_Vortex_Reasoning,0.4006,0.0482,False,False
1702,ZHLiu627__zephyr-7b-gemma-dpo-avg,0.3378,0.111,False,False
1703,jpacifico__Lucie-7B-Instruct-DPO-v1.1,0.3156,0.1332,False,False
1704,formulae__mita-math-v2.3-2-25-2025,0.2468,0.202,False,False
1705,sumink__bbhqwen,0.2794,0.1694,False,False
1706,OpenLLM-France__Lucie-7B-Instruct-v1.1,0.3204,0.1284,False,False
1707,formulae__mita-elite-v1.2-7b-2-26-2025,0.2506,0.1982,False,False
1708,formulae__mita-gen3-7b-2-26-2025,0.2522,0.1966,False,False
1709,formulae__mita-gen3-v1.2-7b-2-26-2025,0.2622,0.1866,False,False
1710,DeepMount00__Lexora-Lite-3B_v2,0.4246,0.0242,False,False
1711,formulae__mita-elite-v1.1-7b-2-25-2025,0.2354,0.2134,False,False
1712,sumink__bbhqwen3,0.254,0.1948,False,False
1713,bunnycore__Qwen2.5-3B-Model-Stock-v3.1,0.4404,0.0084,False,False
1714,sumink__bbhqwen2,0.2594,0.1894,False,False
1715,formulae__mita-elite-v1.1-gen2-7b-2-25-2025,0.2394,0.2094,False,False
1716,sumink__bbhqwen4,0.2646,0.1842,False,False
1717,Xiaojian9992024__Qwen2.5-Dyanka-7B-Preview,0.5186,0.0698,False,False
1718,sumink__bbhqwen6,0.2372,0.2116,False,False
1719,sumink__bbhqwen5,0.2494,0.1994,False,False
1720,formulae__mita-elite-sce-gen1.1-v1-7b-2-26-2025-exp,0.2524,0.1964,False,False
1721,DreadPoor__Lydia_of_Whiterun-8B-LINEAR,0.4632,0.0144,False,False
1722,Rakuten__RakutenAI-2.0-mini-instruct,0.2792,0.1696,False,False
1723,Lunzima__NQLSG-Qwen2.5-14B-MegaFusion-v6,0.5748,0.126,False,False
1724,sometimesanotion__LamarckInfusion-14B-v1,0.5826,0.1338,False,False
1725,wanlige__li-14b-v0.4-slerp,0.5678,0.119,False,False
1726,mergekit-community__JAJUKA-WEWILLNEVERFORGETYOU-3B,0.3766,0.0722,False,False
1727,Hastagaras__L3.2-JametMini-3B-MK.III,0.3926,0.0562,False,False
1728,HarbingerX__Zeitgeist-3b-V1.2,0.383,0.0658,False,False
1729,bunnycore__Qwen2.5-3B-Model-Stock-v3.2,0.4372,0.0116,False,False
1730,jpacifico__Lucie-7B-Instruct-Merged-Model_Stock-v1.0,0.3192,0.1296,False,False
1731,bunnycore__DeepQwen-3B-LCoT-SCE,0.3894,0.0594,False,False
1732,Supichi__NJS26,0.3652,0.0836,False,False
1733,sometimesanotion__Qwenvergence-14B-v15-Prose-MS,0.5678,0.119,False,False
1734,Lunzima__NQLSG-Qwen2.5-14B-MegaFusion-v6-cpt,0.531,0.0822,False,False
1735,kavonalds__BunderMaxx-0710,0.4898,0.041,False,False
1736,kavonalds__BunderMaxx-1010,0.5092,0.0604,False,False
1737,SaisExperiments__QwOwO-7B-V1,0.4722,0.0234,False,False
1738,Supichi__HF_TOKEN,0.2312,0.2176,False,False
1739,RezVortex__Jajuka-3b,0.398,0.0508,False,False
1740,RezVortex__JAJUKA-WEWILLNEVERFORGETYOU-3B,0.397,0.0518,False,False
1741,Supichi__BBA99,0.231,0.2178,False,False
1742,Supichi__BBAI_QWEEN_V000000_LUMEN_14B,0.2026,0.2462,False,False
1743,Supichi__BBA-123,0.2496,0.1992,False,False
1744,Nexesenex__Llama_3.2_1b_AquaSyn_0.11,0.2558,0.193,False,False
1745,Nexesenex__Llama_3.2_1b_Synopsys_0.11,0.2592,0.1896,False,False
1746,Nexesenex__Llama_3.2_1b_Odyssea_V1.01,0.249,0.1998,False,False
1747,Lawnakk__BBA100,0.2354,0.2134,False,False
1748,lkoenig__BBAI_230_Xiaqwen,0.4876,0.0388,False,False
1749,lkoenig__BBAI_145_,0.4848,0.036,False,False
1750,prithivMLmods__Tadpole-Opus-14B-Exp,0.5454,0.0966,False,False
1751,AicoresSecurity__Cybernet-Sec-3B-R1-V0-Coder,0.3926,0.0562,False,False
1752,AicoresSecurity__Cybernet-Sec-3B-R1-V0,0.3808,0.068,True,False
1753,Amaorynho__BBAI270V4,0.256,0.1928,False,False
1754,marcuscedricridia__cursorr-o1.2-7b,0.249,0.1998,False,False
1755,wanlige__li-14b-v0.4-slerp0.1,0.5884,0.1396,False,False
1756,wanlige__li-14b-v0.4,0.5922,0.1434,False,False
1757,siqi00__Mistral-7B-DFT2,0.3598,0.089,False,False
1758,Xiaojian9992024__Qwen2.5-Dyanka-7B-Preview-v0.2,0.499,0.0502,False,False
1759,LeroyDyer___Spydaz_Web_AI_AGI_R1_001,0.3782,0.0706,False,False
1760,DreadPoor__Nwah-8B-Model_Stock,0.4644,0.0156,False,False
1761,marcuscedricridia__olmner-7b,0.5088,0.06,False,False
1762,marcuscedricridia__fan-o1-7b,0.4078,0.041,False,False
1763,Quazim0t0__Jigsaw-14B-Linear,0.567,0.1182,False,False
1764,Quazim0t0__Edu-14B-Linear,0.5558,0.107,False,False
1765,Quazim0t0__CoT_Phi,0.5686,0.1198,False,False
1766,Quazim0t0__Math_Phi4_Reason,0.5126,0.0638,False,False
1767,Quazim0t0__Insom,0.5868,0.138,False,False
1768,jeffmeloy__Qwen2.5-7B-olm-v1.5,0.478,0.0292,False,False
1769,ruizhe1217__sft-s1-qwen-0.5b,0.2744,0.1744,False,False
1770,Triangle104__Q2.5-R1-7B,0.2502,0.1986,False,False
1771,JayHyeon__Qwen_0.5-rDPO_3e-6-1ep_0vpo_const_0.1,0.2718,0.177,False,False
1772,JayHyeon__Qwen_0.5-VDPO_3e-6-1ep_3vpo_const,0.2644,0.1844,False,False
1773,Supichi__BBAI_135_Gemma,0.2772,0.1716,False,False
1774,lkoenig__BBAI_200_Gemma,0.2718,0.177,False,False
1775,NJS26__NJS_777,0.1934,0.2554,False,False
1776,Lawnakk__BBALAW1,0.2388,0.21,False,False
1777,Amaorynho__BBAI_375,0.2332,0.2156,False,False
1778,rubenroy__Geneva-12B-GCv2-5m,0.4124,0.0364,False,False
1779,Quazim0t0__Fugazi14b,0.6052,0.1564,False,False
1780,HelpingAI__Dhanishtha-Large,0.4074,0.0414,False,False
1781,Supichi__BBAI_250_Xia0_gZ,0.488,0.0392,False,False
1782,Supichi__BBAI_275_Tsunami_gZ,0.4864,0.0376,False,False
1783,AI4free__t2,0.2862,0.1626,False,False
1784,Quazim0t0__SuperNova14b,0.6008,0.152,False,False
1785,Lawnakk__BBALAW1.2,0.245,0.2038,False,False
1786,Lawnakk__BBALAW1.0,0.2384,0.2104,False,False
1787,Quazim0t0__Heretic1.5b,0.3068,0.142,False,False
1788,DreadPoor__hakuchido-8B-MODEL_STOCK,0.4658,0.017,False,False
1789,Lawnakk__BBALAW1.3,0.244,0.2048,False,False
1790,Nexesenex__Llama_3.1_8b_Smarteaz_0.2_R1,0.45,0.0012,False,False
1791,marcuscedricridia__olmner-della-7b,0.505,0.0562,False,False
1792,Nexesenex__Llama_3.1_8b_DeepDive_3_R1_Prev_v1.0,0.446,0.0028,False,False
1793,Quazim0t0__1up-14b,0.5964,0.1476,False,False
1794,marcuscedricridia__olmner-o1-7b,0.5068,0.058,False,False
1795,Nexesenex__Llama_3.1_8b_DobHerWild_R1_v1.1R,0.4584,0.0096,False,False
1796,marcuscedricridia__sbr-o1-7b,0.5052,0.0564,False,False
1797,Nexesenex__Qwen_2.5_3b_Smarteaz_0.01a,0.3972,0.0516,False,False
1798,Supichi__BBAI_525_Tsu_gZ_Xia0,0.4862,0.0374,False,False
1799,Supichi__BBAIK29,0.486,0.0372,False,False
1800,baebee__mergekit-model_stock-nzjnheg,0.434,0.0148,False,False
1801,lkoenig__BBAI_375_QwenDyancabs,0.4886,0.0398,False,False
1802,EpistemeAI__ReasoningCore-3B-RE1-V2C,0.3532,0.0956,False,False
1803,lkoenig__BBAI_212_Qwencore,0.483,0.0342,False,False
1804,prithivMLmods__Messier-Opus-14B-Elite7,0.5784,0.1296,False,False
1805,prithivMLmods__Lacerta-Opus-14B-Elite8,0.5512,0.1024,False,False
1806,prithivMLmods__Primal-Opus-14B-Optimus-v2,0.5828,0.134,False,False
1807,prithivMLmods__Equuleus-Opus-14B-Exp,0.582,0.1332,False,False
1808,prithivMLmods__Porpoise-Opus-14B-Exp,0.5828,0.134,False,False
1809,marcuscedricridia__absolute-o1-7b,0.5112,0.0624,False,False
1810,ontocord__ontocord_wide_7b-stacked-stage1-instruct,0.2364,0.2124,False,False
1811,ontocord__ontocord_wide_7b-stacked-stage1,0.241,0.2078,False,False
1812,Nexesenex__Llama_3.1_8b_Smarteaz_V1.01,0.4666,0.0178,False,False
1813,Amaorynho__BBAI2006,0.2332,0.2156,False,False
1814,Nexesenex__Llama_3.1_8b_DoberWild_v2.01,0.4598,0.011,False,False
1815,Nexesenex__Llama_3.1_8b_Mediver_V1.01,0.346,0.1028,False,False
1816,marcuscedricridia__cursa-o1-7b,0.5076,0.0588,False,False
1817,marcuscedricridia__cursa-o1-7b-2-28-2025,0.4962,0.0474,False,False
1818,Lawnakk__BBALAW1.6,0.4886,0.0398,False,False
1819,ontocord__wide_3b-stage1_shuf_sample1_jsonl-pretrained,0.2526,0.1962,False,False
1820,Nexesenex__Llama_3.1_8b_Medusa_v1.01,0.4366,0.0122,False,False
1821,Nexesenex__Llama_3.1_8b_DodoWild_v2.01,0.4604,0.0116,False,False
1822,marcuscedricridia__post-cursa-o1,0.5048,0.056,False,False
1823,marcuscedricridia__pre-cursa-o1,0.506,0.0572,False,False
1824,marcuscedricridia__pre-cursa-o1-v1.2,0.5106,0.0618,False,False
1825,marcuscedricridia__pre-cursa-o1-v1.3,0.5074,0.0586,False,False
1826,LeroyDyer___Spydaz_Web_AI_AGI_R1_002,0.3838,0.065,False,False
1827,marcuscedricridia__pre-cursa-o1-v1.4,0.5072,0.0584,False,False
1828,marcuscedricridia__pre-cursa-o1-v1.6,0.5096,0.0608,False,False
1829,Nexesenex__Llama_3.1_8b_Dolermed_V1.01,0.4246,0.0242,False,False
1830,Nexesenex__Llama_3.1_8b_Hermedive_V1.01,0.4076,0.0412,False,False
1831,Nexesenex__Llama_3.1_8b_Hermedive_R1_V1.01,0.4272,0.0216,False,False
1832,EpistemeAI__DeepPhi-3.5-mini-instruct,0.2396,0.2092,False,False
1833,Supichi__BBAI_78B_Calme_3_1_Ties,0.232,0.2168,False,False
1834,Lunzima__NQLSG-Qwen2.5-14B-MegaFusion-v7,0.578,0.1292,False,False
1835,EpistemeAI__Fireball-R1-Llama-3.1-8B-Medical-COT,0.3456,0.1032,False,False
1836,iFaz__llama32_3B_en_emo_v3,0.3638,0.085,False,False
1837,NikolaSigmoid__phi-4-14b,0.5324,0.0836,False,False
1838,LeroyDyer___Spydaz_Web_AI_AGI_RP_R1,0.3846,0.0642,False,False
1839,LeroyDyer___Spydaz_Web_AI_AGI_R1_Student_Coder,0.3866,0.0622,False,False
1840,LeroyDyer___Spydaz_Web_AI_AGI_R1_Teacher_Coder,0.399,0.0498,False,False
1841,suayptalha__Clarus-7B-v0.3,0.5176,0.0688,False,False
1842,PocketDoc__Dans-SakuraKaze-V1.0.0-12b,0.4556,0.0068,False,False
1843,DoppelReflEx__L3-8B-R1-WolfCore,0.438,0.0108,False,False
1844,Nexesenex__Llama_3.1_8b_DeepDive_3_Prev_v1.0,0.4392,0.0096,False,False
1845,YOYO-AI__Qwen2.5-14B-YOYO-V4-p1,0.5886,0.1398,False,False
1846,Nexesenex__Llama_3.1_8b_Dolermed_R1_V1.01,0.462,0.0132,False,False
1847,Nexesenex__Llama_3.1_8b_DodoWild_v2.02,0.466,0.0172,False,False
1848,Nexesenex__Llama_3.1_8b_DoberWild_v2.02,0.4592,0.0104,False,False
1849,marcuscedricridia__cursa-o1-7b-v1.1,0.5102,0.0614,False,False
1850,marcuscedricridia__cursa-o1-7b-v1.2-normalize-false,0.5104,0.0616,False,False
1851,Nexesenex__Llama_3.1_8b_Dolermed_R1_V1.03,0.4634,0.0146,False,False
1852,Nexesenex__Llama_3.1_8b_Hermedive_R1_V1.03,0.438,0.0108,False,False
1853,Nexesenex__Llama_3.1_8b_DodoWild_v2.03,0.4654,0.0166,False,False
1854,Nexesenex__Llama_3.1_8b_DoberWild_v2.03,0.4622,0.0134,False,False
1855,Lawnakk__BBALAW1.61,0.4916,0.0428,False,False
1856,Lawnakk__BBALAW1.62,0.4742,0.0254,False,False
1857,ibm-granite__granite-3.2-2b-instruct,0.3922,0.0566,False,False
1858,ibm-granite__granite-3.2-8b-instruct,0.4732,0.0244,False,False
1859,microsoft__Phi-4-mini-instruct,0.4848,0.036,False,False
1860,CYFRAGOVPL__Llama-PLLuM-8B-chat,0.339,0.1098,False,False
1861,CYFRAGOVPL__PLLuM-12B-nc-chat,0.3638,0.085,False,False
1862,CYFRAGOVPL__PLLuM-12B-chat,0.363,0.0858,False,False
1863,CYFRAGOVPL__Llama-PLLuM-8B-base,0.3534,0.0954,False,False
1864,CYFRAGOVPL__PLLuM-12B-nc-base,0.3358,0.113,False,False
1865,CYFRAGOVPL__PLLuM-12B-base,0.3634,0.0854,False,False
1866,Lunzima__NQLSG-Qwen2.5-14B-MegaFusion-v8,0.5834,0.1346,False,False
1867,LeroyDyer___Spydaz_Web_AI_AGI_R1_X2,0.4002,0.0486,False,False
1868,DoppelReflEx__L3-8B-WolfCore,0.4164,0.0324,False,False
1869,LeroyDyer___Spydaz_Web_AI_AGI_R1_X1,0.3818,0.067,False,False
1870,Nexesenex__Llama_3.1_8b_Typhoon_v1.03,0.4686,0.0198,False,False
1871,Nexesenex__Llama_3.1_8b_Stormeder_v1.04,0.4582,0.0094,False,False
1872,Nexesenex__Llama_3.1_8b_Hermedash_R1_V1.04,0.4588,0.01,False,False
1873,Lawnakk__BBALAW1.63,0.482,0.0332,False,False
1874,LeroyDyer___Spydaz_Web_AI_AGI_R1_MasterCoder,0.3862,0.0626,False,False
1875,bunnycore__Qwen2.5-1.5B-Model-Stock,0.2386,0.2102,False,False
1876,iFaz__llama31_8B_en_emo_v4,0.389,0.0598,False,False
1877,bunnycore__Qwen2.5-3B-Model-Stock-v4.1,0.4462,0.0026,False,False
1878,DeepMount00__Qwen2-1.5B-Ita,0.3434,0.1054,False,False
1879,Lunzima__NQLSG-Qwen2.5-14B-MegaFusion-v7-rebase,0.5694,0.1206,False,False
1880,Lawnakk__BBALAW1.64,0.232,0.2168,False,False
1881,Daemontatox__Zirel-7B-Math,0.4736,0.0248,False,False
1882,Lunzima__NQLSG-Qwen2.5-14B-MegaFusion-v8.5,0.5628,0.114,False,False
1883,EpistemeAI__ReasoningCore-3B-Instruct-r01-Reflect,0.3956,0.0532,False,False
1884,Lunzima__NQLSG-Qwen2.5-14B-MegaFusion-v8.6,0.573,0.1242,False,False
1885,Nexesenex__Llama_3.1_8b_Dolerstormed_V1.04,0.4618,0.013,False,False
1886,Nexesenex__Llama_3.1_8b_DodoWild_v2.10,0.4618,0.013,False,False
1887,DoppelReflEx__L3-8B-R1-WolfCore-V1.5-test,0.4316,0.0172,False,False
1888,necva__replica-IEPile,0.4014,0.0474,False,False
1889,prithivMLmods__Pegasus-Opus-14B-Exp,0.5856,0.1368,False,False
1890,LeroyDyer___Spydaz_Web_AI_AGI_R1_MUSR,0.3896,0.0592,False,False
1891,Baptiste-HUVELLE-10__LeTriomphant2.2_ECE_iLAB,0.6076,0.1588,False,False
1892,Lunzima__NQLSG-Qwen2.5-14B-MegaFusion-v8.7,0.5886,0.1398,False,False
1893,sometimesanotion__LamarckInfusion-14B-v2,0.5874,0.1386,False,False
1894,Quazim0t0__Rosemary-14b,0.603,0.1542,False,False
1895,sometimesanotion__LamarckInfusion-14B-v2-hi,0.585,0.1362,False,False
1896,YOYO-AI__Qwen2.5-14B-YOYO-V4-p2,0.5748,0.126,False,False
1897,Lunzima__NQLSG-Qwen2.5-14B-OriginalFusion,0.5884,0.1396,False,False
1898,GuilhermeNaturaUmana__Nature-Reason-1.2-reallysmall,0.473,0.0242,False,False
1899,sometimesanotion__ChocoTrio-14B-v1,0.5764,0.1276,False,False
1900,prithivMLmods__Eridanus-Opus-14B-r999,0.5746,0.1258,False,False
1901,sometimesanotion__LamarckInfusion-14B-v2-lo,0.5812,0.1324,False,False
1902,nbeerbower__Kartoffel-Deepfry-12B,0.4416,0.0072,False,False
1903,marcuscedricridia__r1o-et,0.3416,0.1072,False,False
1904,Quazim0t0__Rune-14b,0.6038,0.155,False,False
1905,lkoenig__BBAI_456_QwenKoen,0.4856,0.0368,False,False
1906,marcuscedricridia__olmner-sbr-7b,0.5082,0.0594,False,False
1907,lkoenig__BBAI_7B_QwenDyancabsLAW,0.492,0.0432,False,False
1908,Lunzima__NQLSG-Qwen2.5-14B-MegaFusion-v8.8,0.5872,0.1384,False,False
1909,lkoenig__BBAI_7B_Qwen2.5koen,0.4844,0.0356,False,False
1910,lkoenig__BBAI_212_QwenLawLo,0.4864,0.0376,False,False
1911,sometimesanotion__LamarckInfusion-14B-v3,0.5806,0.1318,False,False
1912,Amaorynho__BBAIIFEV1,0.4662,0.0174,False,False
1913,bunnycore__Qwen2.5-7B-Instruct-Merge-Stock-v0.1,0.5118,0.063,False,False
1914,Z1-Coder__Z1-Coder-7B,0.4162,0.0326,False,False
1915,prithivMLmods__Viper-Coder-v1.6-r999,0.5858,0.137,False,False
1916,EpistemeAI__DeepThinkers-Phi4,0.5846,0.1358,False,False
1917,rootxhacker__apollo-7B,0.3064,0.1424,False,False
1918,jpacifico__Distilucie-7B-Math-Instruct-DPO-v0.1,0.3244,0.1244,False,False
1919,EpistemeAI__Fireball-R1.1-Llama-3.1-8B,0.298,0.1508,False,False
1920,LeroyDyer___Spydaz_Web_AI_AGI_R1_OmG_001,0.4092,0.0396,False,False
1921,prithivMLmods__Tucana-Opus-14B-r999,0.5716,0.1228,False,False
1922,DreadPoor__ichor-8B-Model_Stock,0.4288,0.02,False,False
1923,rootxhacker__Apollo-70B,0.6166,0.1678,False,False
1924,LeroyDyer___Spydaz_Web_AI_AGI_R1_OmG_Coder,0.397,0.0518,False,False
1925,YOYO-AI__Qwen2.5-14B-YOYO-V4,0.5854,0.1366,False,False
1926,ontocord__wide_3b_sft_stage1.1-ss1-with_r1_generics_intr_math_stories.no_issue,0.2466,0.2022,False,False
1927,ontocord__wide_3b_sft_stage1.1-ss1-with_generics_intr_math_stories.no_issue,0.2574,0.1914,False,False
1928,trthminh1112__autotrain-llama32-1b-finetune,0.2504,0.1984,False,False
1929,cognitivecomputations__Dolphin3.0-Qwen2.5-0.5B,0.2796,0.1692,False,False
1930,mrdayl__OpenCogito,0.406,0.0428,False,False
1931,bunnycore__Blabbertron-1.0,0.5078,0.059,False,False
1932,marcuscedricridia__stray-r1o-et,0.2468,0.202,False,False
1933,marcuscedricridia__etr1o-explicit-v1.1,0.2692,0.1796,False,False
1934,allura-org__Mistral-Small-Sisyphus-24b-2503,0.516,0.0672,False,False
1935,marcuscedricridia__etr1o-explicit-v1.2,0.2484,0.2004,False,False
1936,prithivMLmods__Coma-II-14B,0.5716,0.1228,False,False
1937,baconnier__Napoleon_24B_V0.0,0.511,0.0622,False,False
1938,braindao__DeepSeek-R1-Distill-Qwen-7B-Reflective,0.2892,0.1596,False,False
1939,braindao__DeepSeek-R1-Distill-Qwen-7B-Blunt,0.297,0.1518,False,False
1940,huu-ontocord__wide_3b_orpo_stage1.1-ss1-orpo3,0.2506,0.1982,False,False
1941,Xiaojian9992024__Qwen2.5-7B-MS-Destroyer,0.5074,0.0586,False,False
1942,braindao__DeepSeek-R1-Distill-Qwen-14B-Blunt-Uncensored-Blunt,0.3258,0.123,False,False
1943,braindao__DeepSeek-R1-Distill-Qwen-14B-Blunt,0.3262,0.1226,False,False
1944,braindao__DeepSeek-R1-Distill-Qwen-14B-Reflective,0.3008,0.148,False,False
1945,prithivMLmods__Condor-Opus-14B-Exp,0.5564,0.1076,False,False
1946,prithivMLmods__Cygnus-II-14B,0.5878,0.139,False,False
1947,DoppelReflEx__MiniusLight-24B,0.4848,0.036,False,False
1948,DoppelReflEx__MiniusLight-24B-test,0.469,0.0202,False,False
1949,DoppelReflEx__MiniusLight-24B-v1b-test,0.536,0.0872,False,False
1950,jpacifico__Lucie-7B-Instruct-DPO-v1.1.3,0.3172,0.1316,False,False
1951,marcuscedricridia__etr1o-v1.1,0.259,0.1898,False,False
1952,viettelsecurity-ai__security-llama3.2-3b,0.3756,0.0732,False,False
1953,Daemontatox__Zirel_1.5,0.3386,0.1102,False,False
1954,NikolaSigmoid__acemath-200,0.3766,0.0722,False,False
1955,NikolaSigmoid__DeepSeek-R1-Distill-Qwen-1.5B-500,0.2202,0.2286,False,False
1956,DoppelReflEx__MiniusLight-24B-v1c-test,0.5584,0.1096,False,False
1957,marcuscedricridia__etr1o-v1.2,0.5562,0.1074,False,False
1958,h2oai__h2o-danube-1.8b-chat,0.2644,0.1844,False,False
1959,bunnycore__Blabbertron-1.1,0.5116,0.0628,False,False
1960,yasserrmd__Coder-GRPO-3B,0.41,0.0388,False,False
1961,Ateron__Lotus-Magpic,0.4414,0.0074,False,False
1962,braindao__DeepSeek-R1-Distill-Qwen-7B,0.2856,0.1632,False,False
1963,braindao__DeepSeek-R1-Distill-Qwen-14B-Blunt-Uncensored-Reflective,0.304,0.1448,False,False
1964,nbeerbower__BigKartoffel-mistral-nemo-20B,0.4436,0.0052,False,False
1965,braindao__DeepSeek-R1-Distill-Qwen-14B-Blunt-Uncensored-Blunt-Reflective,0.3376,0.1112,False,False
1966,prithivMLmods__Epimetheus-14B-Axo,0.5774,0.1286,False,False
1967,Ateron__Way_of_MagPicaro,0.4304,0.0184,False,False
1968,prithivMLmods__Gauss-Opus-14B-R999,0.5688,0.12,False,False
1969,aevalone__distill_qw_test,0.49,0.0412,False,False
1970,prithivMLmods__Magellanic-Qwen-25B-R999,0.2216,0.2272,False,False
1971,allura-org__Mistral-Small-24b-Sertraline-0304,0.5438,0.095,False,False
1972,hongbai12__li-0.4-pre,0.5478,0.099,False,False
1973,braindao__DeepSeek-R1-Distill-Qwen-14B,0.2986,0.1502,False,False
1974,Nexesenex__Dolphin3.0-Llama3.1-1B-abliterated,0.2828,0.166,False,False
1975,Nexesenex__pankajmathur_orca_mini_v9_6_1B-instruct-Abliterated-LPL,0.3248,0.124,False,False
1976,ontocord__wide_3b_sft_stage1.2-ss1-expert_fictional_lyrical,0.2522,0.1966,False,False
1977,ontocord__wide_3b_sft_stage1.2-ss1-expert_software,0.2458,0.203,False,False
1978,ontocord__wide_3b_sft_stage1.2-ss1-expert_news,0.245,0.2038,False,False
1979,Nexesenex__Llama_3.2_1b_OrcaSun_V1,0.311,0.1378,False,False
1980,Nexesenex__Llama_3.2_1b_SunOrca_V1,0.2996,0.1492,False,False
1981,ontocord__wide_3b_sft_stage1.2-ss1-expert_how-to,0.246,0.2028,False,False
1982,ontocord__wide_3b_sft_stage1.2-ss1-expert_formatted_text,0.2568,0.192,False,False
1983,NikolaSigmoid__AceMath-1.5B-Instruct-dolphin-r1-200,0.2418,0.207,False,False
1984,NikolaSigmoid__AceMath-1.5B-Instruct-1epoch,0.3766,0.0722,False,False
1985,DreadPoor__ichor_1.1-8B-Model_Stock,0.461,0.0122,False,False
1986,inumulaisk__eval_model,0.3164,0.1324,False,False
1987,DeepMount00__Qwen2-1.5B-Ita_v2,0.3422,0.1066,False,False
1988,necva__IE-cont-Llama3.1-8B,0.2466,0.2022,False,False
1989,Qwen__Qwen2.5-Math-1.5B-Instruct,0.3258,0.123,False,False
1990,DeepMount00__Qwen2-1.5B-Ita_v3,0.342,0.1068,False,False
1991,NikolaSigmoid__phi-4-1steps,0.5326,0.0838,False,False
1992,braindao__Qwen2.5-14B-Instruct,0.5804,0.1316,False,False
1993,braindao__Qwen2.5-14B,0.5088,0.06,False,False
1994,suayptalha__Lix-14B-v0.1,0.5948,0.146,False,False
1995,Lunzima__NQLSG-Qwen2.5-14B-MegaFusion-v8.9,0.5848,0.136,False,False
1996,LeroyDyer___Spydaz_Web_AI_AGI_R1_Math_Student,0.415,0.0338,False,False
1997,ontocord__wide_3b_sft_stage1.1-ss1-with_math.no_issue,0.259,0.1898,False,False
1998,ontocord__wide_3b_sft_stage1.2-ss1-expert_math,0.2558,0.193,False,False
1999,ontocord__wide_3b_sft_stage1.1-ss1-with_generics_math.no_issue,0.2492,0.1996,False,False
2000,ontocord__wide_3b_sft_stage1.1-ss1-with_generics_intr_stories.no_issue,0.25,0.1988,False,False
2001,ontocord__wide_3b_sft_stage1.1-ss1-with_generics_intr.no_issue,0.2592,0.1896,False,False
2002,ontocord__wide_3b_sft_stage1.1-ss1-with_generics_intr_math.no_issue,0.2446,0.2042,False,False
2003,ontocord__wide_3b_sft_stage1.1-ss1-no_redteam_skg_poem.no_issue,0.2622,0.1866,False,False
2004,ontocord__wide_3b-merge_test,0.2462,0.2026,False,False
2005,ontocord__wide_3b_sft_stag1.2-lyrical_news_software_howto_formattedtext-merge,0.2516,0.1972,False,False
2006,braindao__DeepSeek-R1-Distill-Qwen-14B-Blunt-Uncensored,0.3136,0.1352,False,False
2007,Ateron__Glowing-Forest-12B,0.4504,0.0016,False,False
2008,duyhv1411__Llama-3.2-3B-en-vi,0.286,0.1628,False,False
2009,duyhv1411__Llama-3.2-1B-en-vi,0.2888,0.16,False,False
2010,DreadPoor__H_the_eighth-8B-LINEAR,0.4688,0.02,False,False
2011,DreadPoor__Rusted_Platinum-8B-Model_Stock,0.4168,0.032,False,False
2012,yasserrmd__Text2SQL-1.5B,0.3242,0.1246,False,False
2013,DreadPoor__Rusted_Platinum-8B-LINEAR,0.4566,0.0078,False,False
2014,qingy2024__QwEnlarge-16B-Instruct,0.5432,0.0944,False,False
2015,OpenGenerativeAI__Bifrost,0.5684,0.1196,False,False
2016,marcuscedricridia__Hush-Qwen2.5-7B-Preview,0.4908,0.042,False,False
2017,NikolaSigmoid__phi-4-300steps,0.532,0.0832,False,False
2018,DreadPoor__inexpertus-8B-Model_Stock,0.457,0.0082,False,False
2019,Lunzima__NQLSG-Qwen2.5-14B-MegaFusion-v9,0.5738,0.125,False,False
2020,LeroyDyer___Spydaz_Web_AI_AGI_R1_Math_Teacher,0.4072,0.0416,False,False
2021,Lunzima__NQLSG-Qwen2.5-14B-MegaFusion-v9-stock,0.5804,0.1316,False,False
2022,TIGER-Lab__Qwen2.5-Math-7B-CFT,0.4314,0.0174,False,False
2023,AicoresSecurity__Cybernet-Sec-3B-R1-V1,0.3706,0.0782,False,False
2024,DoppelReflEx__MiniusLight-24B-v1d-test,0.56,0.1112,False,False
2025,prithivMLmods__Viper-Coder-v1.7-Vsm6,0.5704,0.1216,False,False
2026,TIGER-Lab__AceCodeRM-7B,0.4446,0.0042,False,False
2027,TIGER-Lab__AceCoder-Qwen2.5-7B-Ins-Rule,0.5012,0.0524,False,False
2028,TIGER-Lab__AceCoder-Qwen2.5-Coder-7B-Ins-Rule,0.46,0.0112,False,False
2029,TIGER-Lab__AceCoder-Qwen2.5-Coder-7B-Base-Rule,0.4104,0.0384,False,False
2030,KingNish__qwen-1b-continued,0.2528,0.196,False,False
2031,iFaz__llama32_3B_en_emo_300_stp,0.3976,0.0512,False,False
2032,KingNish__Reasoning-0.5b,0.2782,0.1706,False,False
2033,lars1234__Mistral-Small-24B-Instruct-2501-writer,0.5804,0.1316,False,False
2034,iFaz__llama32_3B_en_emo_2000_stp,0.4,0.0488,False,False
2035,KingNish__qwen-1b-continued-v2,0.2514,0.1974,False,False
2036,DreadPoor__Minus_Penus-8B-Model_Stock,0.4642,0.0154,False,False
2037,OpenGenerativeAI__Bifrost-14B,0.5708,0.122,False,False
2038,tensopolis__qwen2.5-7b-tensopolis-v2,0.4986,0.0498,False,False
2039,stupidity-ai__Llama-3-8B-Instruct-MultiMoose,0.235,0.2138,False,False
2040,DreadPoor__Rusted_Gold-8B-LINEAR,0.466,0.0172,False,False
2041,Qwen__QwQ-32B,0.2928,0.156,False,False
2042,LeroyDyer___Spydaz_Web_AI_AGI_R1_Math_AdvancedStudent,0.4182,0.0306,False,False
2043,DreadPoor__inexpertus_1.1-8B-LINEAR,0.472,0.0232,False,False
2044,AicoresSecurity__Cybernet-Sec-3B-R1-V1.1,0.388,0.0608,False,False
2045,LeroyDyer___Spydaz_Web_AI_AGI_R1_OmG_Math,0.3842,0.0646,False,False
2046,mrdayl__OpenCognito,0.405,0.0438,False,False
2047,Dans-DiscountModels__12b-mn-dans-reasoning-test-2,0.3826,0.0662,False,False
2048,EpistemeAI__ReasoningCore-1.0-3B-Instruct-r01-Reflect-Math,0.3728,0.076,False,False
2049,DreadPoor__inexpertus_1.2-8B-LINEAR,0.4694,0.0206,False,False
2050,Amu__t1-1.5B,0.3212,0.1276,False,False
2051,LeroyDyer___Spydaz_Web_AI_AGI_R1_OmG_MathMaster,0.3956,0.0532,False,False
2052,prithivMLmods__Sombrero-Opus-14B-Sm2,0.5854,0.1366,False,False
2053,prithivMLmods__Sombrero-Opus-14B-Sm5,0.5808,0.132,False,False
2054,prithivMLmods__Sombrero-Opus-14B-Sm1,0.5744,0.1256,False,False
2055,marcuscedricridia__Yell-Qwen2.5-7B-Preview,0.4484,0.0004,False,False
2056,tinycompany__ShawtyIsBad-bgem3,0.3184,0.1304,False,False
2057,tinycompany__ShawtyIsBad-ib,0.3168,0.132,False,False
2058,tinycompany__ShawtyIsBad-e5-large,0.318,0.1308,False,False
2059,marcuscedricridia__Yell-Qwen2.5-7B-Preview-v1.1,0.447,0.0018,False,False
2060,prithivMLmods__Sombrero-Opus-14B-Sm4,0.5814,0.1326,False,False
2061,KingNish__qwen-1b-continued-v2.1,0.257,0.1918,False,False
2062,tinycompany__SigmaBoi-bgem3,0.3578,0.091,False,False
2063,LeroyDyer___Spydaz_Web_AI_AGI_R1_OmG_002,0.3832,0.0656,False,False
2064,tinycompany__SigmaBoi-bge-m3,0.3578,0.091,False,False
2065,tinycompany__SigmaBoi-ib,0.3574,0.0914,False,False
2066,iFaz__llama32_3B_en_emo_5000_stp,0.3916,0.0572,False,False
2067,iFaz__llama32_3B_en_emo_1000_stp,0.397,0.0518,False,False
2068,marcuscedricridia__Hush-Qwen2.5-7B-v1.1,0.497,0.0482,False,False
2069,tensopolis__falcon3-10b-tensopolis-v2,0.5234,0.0746,False,False
2070,Cran-May__merge_model_20250308_2,0.5772,0.1284,False,False
2071,Cran-May__merge_model_20250308_3,0.5246,0.0758,False,False
2072,Cran-May__merge_model_20250308_4,0.573,0.1242,False,False
2073,Cran-May__tempmotacilla-cinerea-0308,0.5958,0.147,False,False
2074,tinycompany__SigmaBoi-nomic1.5,0.3616,0.0872,False,False
2075,utkmst__chimera-beta-test2-lora-merged,0.4138,0.035,False,False
2076,tinycompany__ShawtyIsBad-nomic1.5,0.3154,0.1334,False,False
2077,tinycompany__SigmaBoi-nomic1.5-fp32,0.3616,0.0872,False,False
2078,marcuscedricridia__Hush-Qwen2.5-7B-v1.4,0.5004,0.0516,False,False
2079,marcuscedricridia__Hush-Qwen2.5-7B-v1.2,0.5012,0.0524,False,False
2080,marcuscedricridia__Hush-Qwen2.5-7B-v1.3,0.4834,0.0346,False,False
2081,lkoenig__BBAI_7B_QwenDyanKoenLo,0.4838,0.035,False,False
2082,lkoenig__BBAI_7B_KoenQwenDyan,0.4948,0.046,False,False
2083,mrdayl__OpenCognito-r1,0.3982,0.0506,False,False
2084,sthenno__tempestissimo-14b-0309,0.5858,0.137,False,False
2085,sthenno__tempesthenno-sft-0309-ckpt10,0.5846,0.1358,False,False
2086,sthenno__tempesthenno-fusion-0309,0.5864,0.1376,False,False
2087,DoppelReflEx__MN-12B-Mimicore-Nocturne,0.458,0.0092,False,False
2088,Daemontatox__Llama_cot,0.425,0.0238,False,False
2089,KingNish__qwen-1b-continued-v2.2,0.2542,0.1946,False,False
2090,Novaciano__BLAST_PROCESSING-3.2-1B,0.3024,0.1464,False,False
2091,Novaciano__HarmfulProject-3.2-1B,0.2832,0.1656,False,False
2092,marcuscedricridia__Hush-Qwen2.5-7B-MST,0.4976,0.0488,False,False
2093,marcuscedricridia__Hush-Qwen2.5-7B-MST-v1.1,0.5082,0.0594,False,False
2094,marcuscedricridia__Hush-Qwen2.5-7B-MST-v1.3,0.5062,0.0574,False,False
2095,Quazim0t0__Imagine-v0.5-16bit,0.521,0.0722,False,False
2096,ECE-ILAB-PRYMMAL__ILAB-Merging-3B-V2,0.447,0.0018,False,False
2097,tinycompany__ShawtyIsBad-nomic-moe,0.318,0.1308,False,False
2098,marcuscedricridia__Qwen2.5-7B-Preview,0.4876,0.0388,False,False
2099,YOYO-AI__Qwen2.5-14B-it-restore,0.577,0.1282,False,False
2100,Quazim0t0__Imbue-14b,0.5896,0.1408,False,False
2101,Quazim0t0__Lo-Phi-14b,0.5892,0.1404,False,False
2102,Quazim0t0__Dyson-14b,0.5998,0.151,False,False
2103,tinycompany__SigmaBoi-nomic-moe,0.3572,0.0916,False,False
2104,weathermanj__Menda-3b-750,0.4412,0.0076,False,False
2105,Quazim0t0__MFDOOM-14B,0.614,0.1652,False,False
2106,tinycompany__SigmaBoi-base,0.3576,0.0912,False,False
2107,Quazim0t0__MFGRIMM-14B,0.608,0.1592,False,False
2108,tensopolis__lamarckvergence-14b-tensopolis-v1,0.5948,0.146,False,False
2109,Dans-DiscountModels__12b-mn-dans-reasoning-test-3,0.4042,0.0446,False,False
2110,DavidAU__Qwen2.5-MOE-2X1.5B-DeepSeek-Uncensored-Censored-4B,0.243,0.2058,False,False
2111,DavidAU__L3.1-MOE-2X8B-Deepseek-DeepHermes-e32-uncensored-abliterated-13.7B,0.391,0.0578,False,False
2112,DavidAU__DeepSeek-BlackRoot-R1-Distill-Llama-3.1-8B,0.3966,0.0522,False,False
2113,DavidAU__Qwen2.5-MOE-2X7B-DeepSeek-Abliterated-Censored-19B,0.3208,0.128,False,False
2114,DavidAU__Qwen2.5-MOE-6x1.5B-DeepSeek-Reasoning-e32,0.2658,0.183,False,False
2115,DavidAU__DeepHermes-3-Llama-3-8B-Preview-16.5B-Brainstorm,0.3868,0.062,False,False
2116,DavidAU__DeepSeek-MOE-4X8B-R1-Distill-Llama-3.1-Deep-Thinker-Uncensored-24B,0.403,0.0458,False,False
2117,DavidAU__DeepSeek-MOE-4X8B-R1-Distill-Llama-3.1-Mad-Scientist-24B,0.3932,0.0556,False,False
2118,DavidAU__DeepSeek-Grand-Horror-SMB-R1-Distill-Llama-3.1-16B,0.3566,0.0922,False,False
2119,DavidAU__DeepThought-MOE-8X3B-R1-Llama-3.2-Reasoning-18B,0.3558,0.093,False,False
2120,DavidAU__DeepSeek-V2-Grand-Horror-SMB-R1-Distill-Llama-3.1-Uncensored-16.5B,0.3608,0.088,False,False
2121,YOYO-AI__Qwen2.5-7B-it-restore,0.4992,0.0504,False,False
2122,DavidAU__DeepSeek-R1-Distill-Qwen-25.5B-Brainstorm,0.5398,0.091,False,False
2123,Quazim0t0__Wendy-14B,0.6088,0.16,False,False
2124,Quazim0t0__Alice-14B,0.603,0.1542,False,False
2125,akhadangi__Llama3.2.1B.0.1-Last,0.2532,0.1956,False,False
2126,akhadangi__Llama3.2.1B.0.01-Last,0.2516,0.1972,False,False
2127,akhadangi__Llama3.2.1B.0.1-First,0.2558,0.193,False,False
2128,akhadangi__Llama3.2.1B.0.01-First,0.2542,0.1946,False,False
2129,akhadangi__Llama3.2.1B.BaseFiT,0.2604,0.1884,False,False
2130,LeroyDyer___Spydaz_Web_AI_AGI_R1_Math_001,0.4026,0.0462,False,False
2131,Lunzima__NQLSG-Qwen2.5-14B-MegaFusion-v9.1,0.593,0.1442,False,False
2132,DeepMount00__Qwen2-1.5B-Ita_v5,0.348,0.1008,False,False
2133,ontocord__merged_0.2_expert_0.8,0.254,0.1948,False,False
2134,Yuma42__Llama3.1-SuperHawk-8B,0.4664,0.0176,False,False
2135,ontocord__merged_0.5_expert_0.5,0.2538,0.195,False,False
2136,ontocord__merged_0.2_expert_0.8-stack_2x,0.2496,0.1992,False,False
2137,marcuscedricridia__Cheng-1,0.5102,0.0614,False,False
2138,Novaciano__Sigil-Of-Satan-3.2-1B,0.3104,0.1384,False,False
2139,Novaciano__ASTAROTH-3.2-1B,0.3108,0.138,False,False
2140,Novaciano__La_Mejor_Mezcla-3.2-1B,0.3106,0.1382,False,False
2141,Novaciano__FuseChat-3.2-1B-GRPO_Creative_RP,0.3132,0.1356,False,False
2142,Novaciano__Fusetrix-3.2-1B-GRPO_RP_Creative,0.3114,0.1374,False,False
2143,Novaciano__Fusetrix-Dolphin-3.2-1B-GRPO_Creative_RP,0.3156,0.1332,False,False
2144,Novaciano__Cerberus-3.2-1B,0.3442,0.1046,False,False
2145,Novaciano__LEWD-Mental-Cultist-3.2-1B,0.3092,0.1396,False,False
2146,Novaciano__Cultist-3.2-1B,0.3032,0.1456,False,False
2147,baebee__7B-Cetacea,0.3962,0.0526,False,False
2148,ZeroXClem__Llama-3.1-8B-SuperTulu-LexiNova,0.4346,0.0142,False,False
2149,MoonRide__Llama-3.2-3B-Khelavaster,0.3794,0.0694,False,False
2150,DeepMount00__Qwen2-1.5B-Ita_v6,0.3502,0.0986,False,False
2151,Yuma42__Llama3.1-IgneousIguana-8B,0.4624,0.0136,False,False
2152,weathermanj__Menda-3B-500,0.4434,0.0054,False,False
2153,weathermanj__Menda-3B-250,0.4438,0.005,False,False
2154,marcuscedricridia__Hush-Qwen2.5-7B-RP-v1.4-1M,0.479,0.0302,False,False
2155,weathermanj__Menda-3b-Optim-200,0.4448,0.004,False,False
2156,Mostafa8Mehrabi__llama-3.2-1b-Insomnia-ChatBot-merged,0.243,0.2058,False,False
2157,thinkcoder__llama3-8b-instruct-lora-8-sft,0.4078,0.041,False,False
2158,magnifi__Phi3_intent_v56_3_w_unknown_5_lr_0.002,0.2684,0.1804,False,False
2159,tinycompany__Tamed-Shawty,0.32,0.1288,False,False
2160,brgx53__Barracuda-PRYMMAL-ECE-TW3,0.2484,0.2004,False,False
2161,weathermanj__Menda-3b-Optim-100,0.4466,0.0022,False,False
2162,DreadPoor__Nullsworn-12B-LINEAR,0.4436,0.0052,False,False
2163,bunnycore__Llama-3.2-3B-ToxicKod,0.391,0.0578,False,False
2164,brgx53__LaConfiance-PRYMMAL-ECE-TW3,0.2412,0.2076,False,False
2165,CreitinGameplays__Llama-3.1-8B-R1-v0.1,0.2892,0.1596,False,False
2166,cognitivecomputations__Dolphin3.0-Llama3.2-1B,0.2756,0.1732,False,False
2167,LeroyDyer___Spydaz_Web_AI_AGI_R1_Math_003,0.3954,0.0534,False,False
2168,LeroyDyer___Spydaz_Web_AI_AGI_R1_Top_Student,0.4238,0.025,False,False
2169,ZeroXClem__Llama-3.1-8B-AthenaSky-MegaMix,0.4478,0.001,False,False
2170,ZeroXClem__Llama-3.1-8B-SpecialTitanFusion,0.4708,0.022,False,False
2171,ZeroXClem__Llama-3.1-8B-SuperNova-EtherealHermes,0.4516,0.0028,False,False
2172,mrdayl__OpenCognito-r2,0.4,0.0488,False,False
2173,ZeroXClem__Llama-3.1-8B-RainbowLight-EtherealMix,0.4206,0.0282,False,False
2174,assskelad__smollm2-360M-sft_SmallThoughts,0.262,0.1868,False,False
2175,prithivMLmods__Galactic-Qwen-14B-Exp1,0.5746,0.1258,False,False
2176,prithivMLmods__Deepthink-Llama-3-8B-Preview,0.4188,0.03,False,False
2177,streamerbtw1002__Nexuim-R1-7B-Instruct,0.474,0.0252,False,False
2178,hatemmahmoud__qwen2.5-1.5b-sft-raft-grpo-hra-doc,0.3714,0.0774,False,False
2179,tinycompany__BiBo-v0.7,0.362,0.0868,False,False
2180,LeroyDyer___Spydaz_Web_AI_TEMP_,0.4124,0.0364,False,False
2181,prithivMLmods__Galactic-Qwen-14B-Exp2,0.6172,0.1684,False,False
2182,open-neo__Kyro-n1-7B,0.4706,0.0218,False,False
2183,open-neo__Kyro-n1-3B,0.4158,0.033,False,False
2184,braindao__DeepSeek-R1-Distill-Qwen-7B-ORPO-Uncensored,0.2882,0.1606,False,False
2185,universalml__NepaliGPT-2.0,0.3544,0.0944,False,False
2186,bunnycore__Qwen2.5-7B-Fuse-Exp,0.4556,0.0068,False,False
2187,Quazim0t0__Mouse-9B,0.2436,0.2052,False,False
2188,prithivMLmods__Viper-Coder-7B-Elite14,0.2306,0.2182,False,False
2189,Amu__t1-3B,0.3362,0.1126,False,False
2190,LeroyDyer___Spydaz_Web_AI_Top_Teacher_,0.4044,0.0444,False,False
2191,Quazim0t0__mocha-14B,0.6012,0.1524,False,False
2192,Quazim0t0__caramel-14B,0.6024,0.1536,False,False
2193,DreadPoor__Noxis-8B-LINEAR,0.4632,0.0144,False,False
2194,tinycompany__BiBo-v0.3,0.3874,0.0614,False,False
2195,ymcki__Llama-3.1-8B-SFT-GRPO-Instruct,0.2724,0.1764,False,False
2196,JungZoona__T3Q-qwen2.5-14b-v1.0-e3,0.6392,0.1904,False,False
2197,NousResearch__DeepHermes-3-Mistral-24B-Preview,0.5346,0.0858,False,False
2198,Lunzima__NQLSG-Qwen2.5-14B-MegaFusion-v9.2,0.5894,0.1406,False,False
2199,Quazim0t0__Lineage-14B,0.5996,0.1508,False,False
2200,Quazim0t0__Geedorah-14B,0.603,0.1542,False,False
2201,prithivMLmods__Gaea-Opus-14B-Exp,0.5764,0.1276,False,False
2202,prithivMLmods__Volans-Opus-14B-Exp,0.5732,0.1244,False,False
2203,marcuscedricridia__Cheng-2,0.591,0.1422,False,False
2204,marcuscedricridia__Cheng-2-v1.1,0.5904,0.1416,False,False
2205,Quazim0t0__Sake-20b,0.589,0.1402,False,False
2206,braindao__DeepSeek-R1-Distill-Qwen-14B-ABUB-ST,0.4646,0.0158,False,False
2207,sthenno__tempesthenno-sft-0314-stage1-ckpt50,0.5874,0.1386,False,False
2208,Aryanne__QwentileSwap,0.6058,0.157,False,False
2209,tomasmcm__sky-t1-coder-32b-flash,0.6062,0.1574,False,False
2210,rubenroy__Gilgamesh-72B,0.6302,0.1814,False,False
2211,rootxhacker__Apollo_v2-32B,0.5938,0.145,False,False
