question_index,source_question_index,source_question,benchmark
0,0,bbh_boolean_expressions_0,bbh
1,1,bbh_boolean_expressions_1,bbh
2,3,bbh_boolean_expressions_3,bbh
3,7,bbh_boolean_expressions_7,bbh
4,9,bbh_boolean_expressions_9,bbh
5,10,bbh_boolean_expressions_10,bbh
6,11,bbh_boolean_expressions_11,bbh
7,14,bbh_boolean_expressions_14,bbh
8,15,bbh_boolean_expressions_15,bbh
9,17,bbh_boolean_expressions_17,bbh
10,20,bbh_boolean_expressions_20,bbh
11,22,bbh_boolean_expressions_22,bbh
12,23,bbh_boolean_expressions_23,bbh
13,24,bbh_boolean_expressions_24,bbh
14,26,bbh_boolean_expressions_26,bbh
15,28,bbh_boolean_expressions_28,bbh
16,30,bbh_boolean_expressions_30,bbh
17,35,bbh_boolean_expressions_35,bbh
18,38,bbh_boolean_expressions_38,bbh
19,41,bbh_boolean_expressions_41,bbh
20,43,bbh_boolean_expressions_43,bbh
21,45,bbh_boolean_expressions_45,bbh
22,47,bbh_boolean_expressions_47,bbh
23,48,bbh_boolean_expressions_48,bbh
24,49,bbh_boolean_expressions_49,bbh
25,51,bbh_boolean_expressions_51,bbh
26,52,bbh_boolean_expressions_52,bbh
27,54,bbh_boolean_expressions_54,bbh
28,59,bbh_boolean_expressions_59,bbh
29,60,bbh_boolean_expressions_60,bbh
30,61,bbh_boolean_expressions_61,bbh
31,62,bbh_boolean_expressions_62,bbh
32,67,bbh_boolean_expressions_67,bbh
33,68,bbh_boolean_expressions_68,bbh
34,69,bbh_boolean_expressions_69,bbh
35,70,bbh_boolean_expressions_70,bbh
36,73,bbh_boolean_expressions_73,bbh
37,78,bbh_boolean_expressions_78,bbh
38,79,bbh_boolean_expressions_79,bbh
39,80,bbh_boolean_expressions_80,bbh
40,82,bbh_boolean_expressions_82,bbh
41,84,bbh_boolean_expressions_84,bbh
42,86,bbh_boolean_expressions_86,bbh
43,88,bbh_boolean_expressions_88,bbh
44,90,bbh_boolean_expressions_90,bbh
45,93,bbh_boolean_expressions_93,bbh
46,95,bbh_boolean_expressions_95,bbh
47,98,bbh_boolean_expressions_98,bbh
48,101,bbh_boolean_expressions_101,bbh
49,102,bbh_boolean_expressions_102,bbh
50,105,bbh_boolean_expressions_105,bbh
51,110,bbh_boolean_expressions_110,bbh
52,112,bbh_boolean_expressions_112,bbh
53,113,bbh_boolean_expressions_113,bbh
54,114,bbh_boolean_expressions_114,bbh
55,116,bbh_boolean_expressions_116,bbh
56,119,bbh_boolean_expressions_119,bbh
57,120,bbh_boolean_expressions_120,bbh
58,125,bbh_boolean_expressions_125,bbh
59,126,bbh_boolean_expressions_126,bbh
60,128,bbh_boolean_expressions_128,bbh
61,129,bbh_boolean_expressions_129,bbh
62,131,bbh_boolean_expressions_131,bbh
63,133,bbh_boolean_expressions_133,bbh
64,134,bbh_boolean_expressions_134,bbh
65,135,bbh_boolean_expressions_135,bbh
66,138,bbh_boolean_expressions_138,bbh
67,139,bbh_boolean_expressions_139,bbh
68,140,bbh_boolean_expressions_140,bbh
69,142,bbh_boolean_expressions_142,bbh
70,143,bbh_boolean_expressions_143,bbh
71,144,bbh_boolean_expressions_144,bbh
72,145,bbh_boolean_expressions_145,bbh
73,148,bbh_boolean_expressions_148,bbh
74,149,bbh_boolean_expressions_149,bbh
75,150,bbh_boolean_expressions_150,bbh
76,151,bbh_boolean_expressions_151,bbh
77,155,bbh_boolean_expressions_155,bbh
78,156,bbh_boolean_expressions_156,bbh
79,157,bbh_boolean_expressions_157,bbh
80,159,bbh_boolean_expressions_159,bbh
81,161,bbh_boolean_expressions_161,bbh
82,163,bbh_boolean_expressions_163,bbh
83,164,bbh_boolean_expressions_164,bbh
84,166,bbh_boolean_expressions_166,bbh
85,167,bbh_boolean_expressions_167,bbh
86,171,bbh_boolean_expressions_171,bbh
87,175,bbh_boolean_expressions_175,bbh
88,177,bbh_boolean_expressions_177,bbh
89,178,bbh_boolean_expressions_178,bbh
90,180,bbh_boolean_expressions_180,bbh
91,181,bbh_boolean_expressions_181,bbh
92,182,bbh_boolean_expressions_182,bbh
93,184,bbh_boolean_expressions_184,bbh
94,187,bbh_boolean_expressions_187,bbh
95,189,bbh_boolean_expressions_189,bbh
96,193,bbh_boolean_expressions_193,bbh
97,194,bbh_boolean_expressions_194,bbh
98,195,bbh_boolean_expressions_195,bbh
99,196,bbh_boolean_expressions_196,bbh
100,197,bbh_boolean_expressions_197,bbh
101,198,bbh_boolean_expressions_198,bbh
102,199,bbh_boolean_expressions_199,bbh
103,202,bbh_boolean_expressions_202,bbh
104,203,bbh_boolean_expressions_203,bbh
105,204,bbh_boolean_expressions_204,bbh
106,206,bbh_boolean_expressions_206,bbh
107,207,bbh_boolean_expressions_207,bbh
108,208,bbh_boolean_expressions_208,bbh
109,212,bbh_boolean_expressions_212,bbh
110,213,bbh_boolean_expressions_213,bbh
111,214,bbh_boolean_expressions_214,bbh
112,219,bbh_boolean_expressions_219,bbh
113,221,bbh_boolean_expressions_221,bbh
114,222,bbh_boolean_expressions_222,bbh
115,224,bbh_boolean_expressions_224,bbh
116,225,bbh_boolean_expressions_225,bbh
117,226,bbh_boolean_expressions_226,bbh
118,228,bbh_boolean_expressions_228,bbh
119,229,bbh_boolean_expressions_229,bbh
120,234,bbh_boolean_expressions_234,bbh
121,235,bbh_boolean_expressions_235,bbh
122,236,bbh_boolean_expressions_236,bbh
123,237,bbh_boolean_expressions_237,bbh
124,239,bbh_boolean_expressions_239,bbh
125,240,bbh_boolean_expressions_240,bbh
126,242,bbh_boolean_expressions_242,bbh
127,246,bbh_boolean_expressions_246,bbh
128,247,bbh_boolean_expressions_247,bbh
129,248,bbh_boolean_expressions_248,bbh
130,249,bbh_boolean_expressions_249,bbh
131,252,bbh_causal_judgement_2,bbh
132,253,bbh_causal_judgement_3,bbh
133,254,bbh_causal_judgement_4,bbh
134,257,bbh_causal_judgement_7,bbh
135,258,bbh_causal_judgement_8,bbh
136,261,bbh_causal_judgement_11,bbh
137,262,bbh_causal_judgement_12,bbh
138,263,bbh_causal_judgement_13,bbh
139,271,bbh_causal_judgement_21,bbh
140,272,bbh_causal_judgement_22,bbh
141,273,bbh_causal_judgement_23,bbh
142,274,bbh_causal_judgement_24,bbh
143,276,bbh_causal_judgement_26,bbh
144,277,bbh_causal_judgement_27,bbh
145,279,bbh_causal_judgement_29,bbh
146,280,bbh_causal_judgement_30,bbh
147,281,bbh_causal_judgement_31,bbh
148,282,bbh_causal_judgement_32,bbh
149,283,bbh_causal_judgement_33,bbh
150,288,bbh_causal_judgement_38,bbh
151,290,bbh_causal_judgement_40,bbh
152,291,bbh_causal_judgement_41,bbh
153,292,bbh_causal_judgement_42,bbh
154,294,bbh_causal_judgement_44,bbh
155,296,bbh_causal_judgement_46,bbh
156,298,bbh_causal_judgement_48,bbh
157,299,bbh_causal_judgement_49,bbh
158,300,bbh_causal_judgement_50,bbh
159,301,bbh_causal_judgement_51,bbh
160,302,bbh_causal_judgement_52,bbh
161,304,bbh_causal_judgement_54,bbh
162,305,bbh_causal_judgement_55,bbh
163,307,bbh_causal_judgement_57,bbh
164,312,bbh_causal_judgement_62,bbh
165,314,bbh_causal_judgement_64,bbh
166,316,bbh_causal_judgement_66,bbh
167,317,bbh_causal_judgement_67,bbh
168,321,bbh_causal_judgement_71,bbh
169,325,bbh_causal_judgement_75,bbh
170,327,bbh_causal_judgement_77,bbh
171,328,bbh_causal_judgement_78,bbh
172,329,bbh_causal_judgement_79,bbh
173,332,bbh_causal_judgement_82,bbh
174,335,bbh_causal_judgement_85,bbh
175,336,bbh_causal_judgement_86,bbh
176,337,bbh_causal_judgement_87,bbh
177,343,bbh_causal_judgement_93,bbh
178,344,bbh_causal_judgement_94,bbh
179,345,bbh_causal_judgement_95,bbh
180,346,bbh_causal_judgement_96,bbh
181,347,bbh_causal_judgement_97,bbh
182,348,bbh_causal_judgement_98,bbh
183,350,bbh_causal_judgement_100,bbh
184,355,bbh_causal_judgement_105,bbh
185,356,bbh_causal_judgement_106,bbh
186,357,bbh_causal_judgement_107,bbh
187,360,bbh_causal_judgement_110,bbh
188,361,bbh_causal_judgement_111,bbh
189,362,bbh_causal_judgement_112,bbh
190,363,bbh_causal_judgement_113,bbh
191,364,bbh_causal_judgement_114,bbh
192,368,bbh_causal_judgement_118,bbh
193,369,bbh_causal_judgement_119,bbh
194,370,bbh_causal_judgement_120,bbh
195,373,bbh_causal_judgement_123,bbh
196,374,bbh_causal_judgement_124,bbh
197,375,bbh_causal_judgement_125,bbh
198,377,bbh_causal_judgement_127,bbh
199,380,bbh_causal_judgement_130,bbh
200,382,bbh_causal_judgement_132,bbh
201,384,bbh_causal_judgement_134,bbh
202,387,bbh_causal_judgement_137,bbh
203,389,bbh_causal_judgement_139,bbh
204,393,bbh_causal_judgement_143,bbh
205,394,bbh_causal_judgement_144,bbh
206,395,bbh_causal_judgement_145,bbh
207,396,bbh_causal_judgement_146,bbh
208,399,bbh_causal_judgement_149,bbh
209,400,bbh_causal_judgement_150,bbh
210,405,bbh_causal_judgement_155,bbh
211,407,bbh_causal_judgement_157,bbh
212,410,bbh_causal_judgement_160,bbh
213,413,bbh_causal_judgement_163,bbh
214,414,bbh_causal_judgement_164,bbh
215,415,bbh_causal_judgement_165,bbh
216,416,bbh_causal_judgement_166,bbh
217,422,bbh_causal_judgement_172,bbh
218,423,bbh_causal_judgement_173,bbh
219,424,bbh_causal_judgement_174,bbh
220,427,bbh_causal_judgement_177,bbh
221,430,bbh_causal_judgement_180,bbh
222,432,bbh_causal_judgement_182,bbh
223,433,bbh_causal_judgement_183,bbh
224,434,bbh_causal_judgement_184,bbh
225,436,bbh_causal_judgement_186,bbh
226,438,bbh_date_understanding_1,bbh
227,440,bbh_date_understanding_3,bbh
228,441,bbh_date_understanding_4,bbh
229,442,bbh_date_understanding_5,bbh
230,443,bbh_date_understanding_6,bbh
231,444,bbh_date_understanding_7,bbh
232,445,bbh_date_understanding_8,bbh
233,449,bbh_date_understanding_12,bbh
234,452,bbh_date_understanding_15,bbh
235,453,bbh_date_understanding_16,bbh
236,454,bbh_date_understanding_17,bbh
237,456,bbh_date_understanding_19,bbh
238,457,bbh_date_understanding_20,bbh
239,458,bbh_date_understanding_21,bbh
240,462,bbh_date_understanding_25,bbh
241,464,bbh_date_understanding_27,bbh
242,472,bbh_date_understanding_35,bbh
243,473,bbh_date_understanding_36,bbh
244,475,bbh_date_understanding_38,bbh
245,479,bbh_date_understanding_42,bbh
246,480,bbh_date_understanding_43,bbh
247,481,bbh_date_understanding_44,bbh
248,483,bbh_date_understanding_46,bbh
249,484,bbh_date_understanding_47,bbh
250,489,bbh_date_understanding_52,bbh
251,491,bbh_date_understanding_54,bbh
252,492,bbh_date_understanding_55,bbh
253,494,bbh_date_understanding_57,bbh
254,497,bbh_date_understanding_60,bbh
255,504,bbh_date_understanding_67,bbh
256,507,bbh_date_understanding_70,bbh
257,508,bbh_date_understanding_71,bbh
258,509,bbh_date_understanding_72,bbh
259,511,bbh_date_understanding_74,bbh
260,512,bbh_date_understanding_75,bbh
261,513,bbh_date_understanding_76,bbh
262,516,bbh_date_understanding_79,bbh
263,517,bbh_date_understanding_80,bbh
264,520,bbh_date_understanding_83,bbh
265,521,bbh_date_understanding_84,bbh
266,522,bbh_date_understanding_85,bbh
267,523,bbh_date_understanding_86,bbh
268,524,bbh_date_understanding_87,bbh
269,525,bbh_date_understanding_88,bbh
270,529,bbh_date_understanding_92,bbh
271,530,bbh_date_understanding_93,bbh
272,532,bbh_date_understanding_95,bbh
273,537,bbh_date_understanding_100,bbh
274,538,bbh_date_understanding_101,bbh
275,539,bbh_date_understanding_102,bbh
276,540,bbh_date_understanding_103,bbh
277,543,bbh_date_understanding_106,bbh
278,544,bbh_date_understanding_107,bbh
279,546,bbh_date_understanding_109,bbh
280,549,bbh_date_understanding_112,bbh
281,552,bbh_date_understanding_115,bbh
282,553,bbh_date_understanding_116,bbh
283,558,bbh_date_understanding_121,bbh
284,559,bbh_date_understanding_122,bbh
285,562,bbh_date_understanding_125,bbh
286,565,bbh_date_understanding_128,bbh
287,566,bbh_date_understanding_129,bbh
288,567,bbh_date_understanding_130,bbh
289,570,bbh_date_understanding_133,bbh
290,572,bbh_date_understanding_135,bbh
291,573,bbh_date_understanding_136,bbh
292,574,bbh_date_understanding_137,bbh
293,575,bbh_date_understanding_138,bbh
294,577,bbh_date_understanding_140,bbh
295,580,bbh_date_understanding_143,bbh
296,581,bbh_date_understanding_144,bbh
297,582,bbh_date_understanding_145,bbh
298,591,bbh_date_understanding_154,bbh
299,593,bbh_date_understanding_156,bbh
300,595,bbh_date_understanding_158,bbh
301,596,bbh_date_understanding_159,bbh
302,597,bbh_date_understanding_160,bbh
303,599,bbh_date_understanding_162,bbh
304,604,bbh_date_understanding_167,bbh
305,606,bbh_date_understanding_169,bbh
306,608,bbh_date_understanding_171,bbh
307,610,bbh_date_understanding_173,bbh
308,612,bbh_date_understanding_175,bbh
309,613,bbh_date_understanding_176,bbh
310,615,bbh_date_understanding_178,bbh
311,616,bbh_date_understanding_179,bbh
312,617,bbh_date_understanding_180,bbh
313,618,bbh_date_understanding_181,bbh
314,620,bbh_date_understanding_183,bbh
315,628,bbh_date_understanding_191,bbh
316,629,bbh_date_understanding_192,bbh
317,631,bbh_date_understanding_194,bbh
318,632,bbh_date_understanding_195,bbh
319,633,bbh_date_understanding_196,bbh
320,634,bbh_date_understanding_197,bbh
321,636,bbh_date_understanding_199,bbh
322,637,bbh_date_understanding_200,bbh
323,639,bbh_date_understanding_202,bbh
324,641,bbh_date_understanding_204,bbh
325,644,bbh_date_understanding_207,bbh
326,646,bbh_date_understanding_209,bbh
327,649,bbh_date_understanding_212,bbh
328,650,bbh_date_understanding_213,bbh
329,653,bbh_date_understanding_216,bbh
330,655,bbh_date_understanding_218,bbh
331,656,bbh_date_understanding_219,bbh
332,657,bbh_date_understanding_220,bbh
333,658,bbh_date_understanding_221,bbh
334,659,bbh_date_understanding_222,bbh
335,661,bbh_date_understanding_224,bbh
336,662,bbh_date_understanding_225,bbh
337,664,bbh_date_understanding_227,bbh
338,666,bbh_date_understanding_229,bbh
339,667,bbh_date_understanding_230,bbh
340,671,bbh_date_understanding_234,bbh
341,672,bbh_date_understanding_235,bbh
342,674,bbh_date_understanding_237,bbh
343,675,bbh_date_understanding_238,bbh
344,676,bbh_date_understanding_239,bbh
345,677,bbh_date_understanding_240,bbh
346,678,bbh_date_understanding_241,bbh
347,679,bbh_date_understanding_242,bbh
348,680,bbh_date_understanding_243,bbh
349,682,bbh_date_understanding_245,bbh
350,683,bbh_date_understanding_246,bbh
351,684,bbh_date_understanding_247,bbh
352,686,bbh_date_understanding_249,bbh
353,687,bbh_disambiguation_qa_0,bbh
354,688,bbh_disambiguation_qa_1,bbh
355,695,bbh_disambiguation_qa_8,bbh
356,698,bbh_disambiguation_qa_11,bbh
357,700,bbh_disambiguation_qa_13,bbh
358,701,bbh_disambiguation_qa_14,bbh
359,702,bbh_disambiguation_qa_15,bbh
360,703,bbh_disambiguation_qa_16,bbh
361,706,bbh_disambiguation_qa_19,bbh
362,709,bbh_disambiguation_qa_22,bbh
363,710,bbh_disambiguation_qa_23,bbh
364,711,bbh_disambiguation_qa_24,bbh
365,712,bbh_disambiguation_qa_25,bbh
366,715,bbh_disambiguation_qa_28,bbh
367,716,bbh_disambiguation_qa_29,bbh
368,718,bbh_disambiguation_qa_31,bbh
369,720,bbh_disambiguation_qa_33,bbh
370,721,bbh_disambiguation_qa_34,bbh
371,724,bbh_disambiguation_qa_37,bbh
372,725,bbh_disambiguation_qa_38,bbh
373,726,bbh_disambiguation_qa_39,bbh
374,728,bbh_disambiguation_qa_41,bbh
375,729,bbh_disambiguation_qa_42,bbh
376,730,bbh_disambiguation_qa_43,bbh
377,736,bbh_disambiguation_qa_49,bbh
378,738,bbh_disambiguation_qa_51,bbh
379,739,bbh_disambiguation_qa_52,bbh
380,742,bbh_disambiguation_qa_55,bbh
381,743,bbh_disambiguation_qa_56,bbh
382,744,bbh_disambiguation_qa_57,bbh
383,745,bbh_disambiguation_qa_58,bbh
384,746,bbh_disambiguation_qa_59,bbh
385,750,bbh_disambiguation_qa_63,bbh
386,751,bbh_disambiguation_qa_64,bbh
387,752,bbh_disambiguation_qa_65,bbh
388,753,bbh_disambiguation_qa_66,bbh
389,757,bbh_disambiguation_qa_70,bbh
390,758,bbh_disambiguation_qa_71,bbh
391,762,bbh_disambiguation_qa_75,bbh
392,763,bbh_disambiguation_qa_76,bbh
393,765,bbh_disambiguation_qa_78,bbh
394,768,bbh_disambiguation_qa_81,bbh
395,769,bbh_disambiguation_qa_82,bbh
396,770,bbh_disambiguation_qa_83,bbh
397,772,bbh_disambiguation_qa_85,bbh
398,774,bbh_disambiguation_qa_87,bbh
399,775,bbh_disambiguation_qa_88,bbh
400,776,bbh_disambiguation_qa_89,bbh
401,777,bbh_disambiguation_qa_90,bbh
402,778,bbh_disambiguation_qa_91,bbh
403,780,bbh_disambiguation_qa_93,bbh
404,783,bbh_disambiguation_qa_96,bbh
405,784,bbh_disambiguation_qa_97,bbh
406,786,bbh_disambiguation_qa_99,bbh
407,788,bbh_disambiguation_qa_101,bbh
408,790,bbh_disambiguation_qa_103,bbh
409,791,bbh_disambiguation_qa_104,bbh
410,793,bbh_disambiguation_qa_106,bbh
411,797,bbh_disambiguation_qa_110,bbh
412,798,bbh_disambiguation_qa_111,bbh
413,799,bbh_disambiguation_qa_112,bbh
414,800,bbh_disambiguation_qa_113,bbh
415,801,bbh_disambiguation_qa_114,bbh
416,802,bbh_disambiguation_qa_115,bbh
417,805,bbh_disambiguation_qa_118,bbh
418,806,bbh_disambiguation_qa_119,bbh
419,807,bbh_disambiguation_qa_120,bbh
420,808,bbh_disambiguation_qa_121,bbh
421,809,bbh_disambiguation_qa_122,bbh
422,810,bbh_disambiguation_qa_123,bbh
423,812,bbh_disambiguation_qa_125,bbh
424,813,bbh_disambiguation_qa_126,bbh
425,814,bbh_disambiguation_qa_127,bbh
426,815,bbh_disambiguation_qa_128,bbh
427,817,bbh_disambiguation_qa_130,bbh
428,818,bbh_disambiguation_qa_131,bbh
429,819,bbh_disambiguation_qa_132,bbh
430,822,bbh_disambiguation_qa_135,bbh
431,823,bbh_disambiguation_qa_136,bbh
432,825,bbh_disambiguation_qa_138,bbh
433,827,bbh_disambiguation_qa_140,bbh
434,829,bbh_disambiguation_qa_142,bbh
435,831,bbh_disambiguation_qa_144,bbh
436,832,bbh_disambiguation_qa_145,bbh
437,835,bbh_disambiguation_qa_148,bbh
438,836,bbh_disambiguation_qa_149,bbh
439,838,bbh_disambiguation_qa_151,bbh
440,839,bbh_disambiguation_qa_152,bbh
441,840,bbh_disambiguation_qa_153,bbh
442,843,bbh_disambiguation_qa_156,bbh
443,844,bbh_disambiguation_qa_157,bbh
444,845,bbh_disambiguation_qa_158,bbh
445,846,bbh_disambiguation_qa_159,bbh
446,847,bbh_disambiguation_qa_160,bbh
447,848,bbh_disambiguation_qa_161,bbh
448,849,bbh_disambiguation_qa_162,bbh
449,850,bbh_disambiguation_qa_163,bbh
450,851,bbh_disambiguation_qa_164,bbh
451,854,bbh_disambiguation_qa_167,bbh
452,856,bbh_disambiguation_qa_169,bbh
453,857,bbh_disambiguation_qa_170,bbh
454,860,bbh_disambiguation_qa_173,bbh
455,862,bbh_disambiguation_qa_175,bbh
456,864,bbh_disambiguation_qa_177,bbh
457,868,bbh_disambiguation_qa_181,bbh
458,869,bbh_disambiguation_qa_182,bbh
459,870,bbh_disambiguation_qa_183,bbh
460,871,bbh_disambiguation_qa_184,bbh
461,874,bbh_disambiguation_qa_187,bbh
462,876,bbh_disambiguation_qa_189,bbh
463,878,bbh_disambiguation_qa_191,bbh
464,883,bbh_disambiguation_qa_196,bbh
465,885,bbh_disambiguation_qa_198,bbh
466,891,bbh_disambiguation_qa_204,bbh
467,893,bbh_disambiguation_qa_206,bbh
468,894,bbh_disambiguation_qa_207,bbh
469,895,bbh_disambiguation_qa_208,bbh
470,896,bbh_disambiguation_qa_209,bbh
471,898,bbh_disambiguation_qa_211,bbh
472,903,bbh_disambiguation_qa_216,bbh
473,904,bbh_disambiguation_qa_217,bbh
474,908,bbh_disambiguation_qa_221,bbh
475,909,bbh_disambiguation_qa_222,bbh
476,910,bbh_disambiguation_qa_223,bbh
477,912,bbh_disambiguation_qa_225,bbh
478,913,bbh_disambiguation_qa_226,bbh
479,917,bbh_disambiguation_qa_230,bbh
480,918,bbh_disambiguation_qa_231,bbh
481,920,bbh_disambiguation_qa_233,bbh
482,922,bbh_disambiguation_qa_235,bbh
483,923,bbh_disambiguation_qa_236,bbh
484,924,bbh_disambiguation_qa_237,bbh
485,928,bbh_disambiguation_qa_241,bbh
486,933,bbh_disambiguation_qa_246,bbh
487,934,bbh_disambiguation_qa_247,bbh
488,938,bbh_formal_fallacies_1,bbh
489,940,bbh_formal_fallacies_3,bbh
490,942,bbh_formal_fallacies_5,bbh
491,943,bbh_formal_fallacies_6,bbh
492,945,bbh_formal_fallacies_8,bbh
493,948,bbh_formal_fallacies_11,bbh
494,949,bbh_formal_fallacies_12,bbh
495,950,bbh_formal_fallacies_13,bbh
496,952,bbh_formal_fallacies_15,bbh
497,957,bbh_formal_fallacies_20,bbh
498,959,bbh_formal_fallacies_22,bbh
499,961,bbh_formal_fallacies_24,bbh
500,962,bbh_formal_fallacies_25,bbh
501,965,bbh_formal_fallacies_28,bbh
502,966,bbh_formal_fallacies_29,bbh
503,967,bbh_formal_fallacies_30,bbh
504,971,bbh_formal_fallacies_34,bbh
505,972,bbh_formal_fallacies_35,bbh
506,973,bbh_formal_fallacies_36,bbh
507,976,bbh_formal_fallacies_39,bbh
508,977,bbh_formal_fallacies_40,bbh
509,978,bbh_formal_fallacies_41,bbh
510,981,bbh_formal_fallacies_44,bbh
511,983,bbh_formal_fallacies_46,bbh
512,984,bbh_formal_fallacies_47,bbh
513,988,bbh_formal_fallacies_51,bbh
514,991,bbh_formal_fallacies_54,bbh
515,992,bbh_formal_fallacies_55,bbh
516,995,bbh_formal_fallacies_58,bbh
517,998,bbh_formal_fallacies_61,bbh
518,999,bbh_formal_fallacies_62,bbh
519,1000,bbh_formal_fallacies_63,bbh
520,1001,bbh_formal_fallacies_64,bbh
521,1002,bbh_formal_fallacies_65,bbh
522,1004,bbh_formal_fallacies_67,bbh
523,1006,bbh_formal_fallacies_69,bbh
524,1008,bbh_formal_fallacies_71,bbh
525,1011,bbh_formal_fallacies_74,bbh
526,1012,bbh_formal_fallacies_75,bbh
527,1013,bbh_formal_fallacies_76,bbh
528,1014,bbh_formal_fallacies_77,bbh
529,1016,bbh_formal_fallacies_79,bbh
530,1019,bbh_formal_fallacies_82,bbh
531,1020,bbh_formal_fallacies_83,bbh
532,1021,bbh_formal_fallacies_84,bbh
533,1022,bbh_formal_fallacies_85,bbh
534,1023,bbh_formal_fallacies_86,bbh
535,1027,bbh_formal_fallacies_90,bbh
536,1028,bbh_formal_fallacies_91,bbh
537,1029,bbh_formal_fallacies_92,bbh
538,1030,bbh_formal_fallacies_93,bbh
539,1031,bbh_formal_fallacies_94,bbh
540,1033,bbh_formal_fallacies_96,bbh
541,1034,bbh_formal_fallacies_97,bbh
542,1035,bbh_formal_fallacies_98,bbh
543,1037,bbh_formal_fallacies_100,bbh
544,1040,bbh_formal_fallacies_103,bbh
545,1041,bbh_formal_fallacies_104,bbh
546,1046,bbh_formal_fallacies_109,bbh
547,1050,bbh_formal_fallacies_113,bbh
548,1051,bbh_formal_fallacies_114,bbh
549,1055,bbh_formal_fallacies_118,bbh
550,1057,bbh_formal_fallacies_120,bbh
551,1059,bbh_formal_fallacies_122,bbh
552,1060,bbh_formal_fallacies_123,bbh
553,1061,bbh_formal_fallacies_124,bbh
554,1062,bbh_formal_fallacies_125,bbh
555,1064,bbh_formal_fallacies_127,bbh
556,1065,bbh_formal_fallacies_128,bbh
557,1066,bbh_formal_fallacies_129,bbh
558,1068,bbh_formal_fallacies_131,bbh
559,1070,bbh_formal_fallacies_133,bbh
560,1073,bbh_formal_fallacies_136,bbh
561,1075,bbh_formal_fallacies_138,bbh
562,1076,bbh_formal_fallacies_139,bbh
563,1080,bbh_formal_fallacies_143,bbh
564,1082,bbh_formal_fallacies_145,bbh
565,1083,bbh_formal_fallacies_146,bbh
566,1086,bbh_formal_fallacies_149,bbh
567,1088,bbh_formal_fallacies_151,bbh
568,1089,bbh_formal_fallacies_152,bbh
569,1091,bbh_formal_fallacies_154,bbh
570,1092,bbh_formal_fallacies_155,bbh
571,1093,bbh_formal_fallacies_156,bbh
572,1094,bbh_formal_fallacies_157,bbh
573,1095,bbh_formal_fallacies_158,bbh
574,1097,bbh_formal_fallacies_160,bbh
575,1098,bbh_formal_fallacies_161,bbh
576,1099,bbh_formal_fallacies_162,bbh
577,1100,bbh_formal_fallacies_163,bbh
578,1106,bbh_formal_fallacies_169,bbh
579,1109,bbh_formal_fallacies_172,bbh
580,1112,bbh_formal_fallacies_175,bbh
581,1114,bbh_formal_fallacies_177,bbh
582,1115,bbh_formal_fallacies_178,bbh
583,1116,bbh_formal_fallacies_179,bbh
584,1120,bbh_formal_fallacies_183,bbh
585,1122,bbh_formal_fallacies_185,bbh
586,1124,bbh_formal_fallacies_187,bbh
587,1125,bbh_formal_fallacies_188,bbh
588,1126,bbh_formal_fallacies_189,bbh
589,1128,bbh_formal_fallacies_191,bbh
590,1130,bbh_formal_fallacies_193,bbh
591,1131,bbh_formal_fallacies_194,bbh
592,1132,bbh_formal_fallacies_195,bbh
593,1136,bbh_formal_fallacies_199,bbh
594,1138,bbh_formal_fallacies_201,bbh
595,1141,bbh_formal_fallacies_204,bbh
596,1142,bbh_formal_fallacies_205,bbh
597,1143,bbh_formal_fallacies_206,bbh
598,1144,bbh_formal_fallacies_207,bbh
599,1146,bbh_formal_fallacies_209,bbh
600,1149,bbh_formal_fallacies_212,bbh
601,1150,bbh_formal_fallacies_213,bbh
602,1152,bbh_formal_fallacies_215,bbh
603,1155,bbh_formal_fallacies_218,bbh
604,1157,bbh_formal_fallacies_220,bbh
605,1161,bbh_formal_fallacies_224,bbh
606,1162,bbh_formal_fallacies_225,bbh
607,1163,bbh_formal_fallacies_226,bbh
608,1169,bbh_formal_fallacies_232,bbh
609,1170,bbh_formal_fallacies_233,bbh
610,1172,bbh_formal_fallacies_235,bbh
611,1173,bbh_formal_fallacies_236,bbh
612,1174,bbh_formal_fallacies_237,bbh
613,1177,bbh_formal_fallacies_240,bbh
614,1178,bbh_formal_fallacies_241,bbh
615,1179,bbh_formal_fallacies_242,bbh
616,1180,bbh_formal_fallacies_243,bbh
617,1181,bbh_formal_fallacies_244,bbh
618,1182,bbh_formal_fallacies_245,bbh
619,1183,bbh_formal_fallacies_246,bbh
620,1185,bbh_formal_fallacies_248,bbh
621,1187,bbh_geometric_shapes_0,bbh
622,1189,bbh_geometric_shapes_2,bbh
623,1191,bbh_geometric_shapes_4,bbh
624,1193,bbh_geometric_shapes_6,bbh
625,1194,bbh_geometric_shapes_7,bbh
626,1201,bbh_geometric_shapes_14,bbh
627,1203,bbh_geometric_shapes_16,bbh
628,1205,bbh_geometric_shapes_18,bbh
629,1210,bbh_geometric_shapes_23,bbh
630,1211,bbh_geometric_shapes_24,bbh
631,1212,bbh_geometric_shapes_25,bbh
632,1219,bbh_geometric_shapes_32,bbh
633,1220,bbh_geometric_shapes_33,bbh
634,1225,bbh_geometric_shapes_38,bbh
635,1226,bbh_geometric_shapes_39,bbh
636,1231,bbh_geometric_shapes_44,bbh
637,1232,bbh_geometric_shapes_45,bbh
638,1234,bbh_geometric_shapes_47,bbh
639,1236,bbh_geometric_shapes_49,bbh
640,1237,bbh_geometric_shapes_50,bbh
641,1238,bbh_geometric_shapes_51,bbh
642,1239,bbh_geometric_shapes_52,bbh
643,1241,bbh_geometric_shapes_54,bbh
644,1242,bbh_geometric_shapes_55,bbh
645,1248,bbh_geometric_shapes_61,bbh
646,1250,bbh_geometric_shapes_63,bbh
647,1252,bbh_geometric_shapes_65,bbh
648,1253,bbh_geometric_shapes_66,bbh
649,1254,bbh_geometric_shapes_67,bbh
650,1257,bbh_geometric_shapes_70,bbh
651,1260,bbh_geometric_shapes_73,bbh
652,1263,bbh_geometric_shapes_76,bbh
653,1265,bbh_geometric_shapes_78,bbh
654,1266,bbh_geometric_shapes_79,bbh
655,1268,bbh_geometric_shapes_81,bbh
656,1269,bbh_geometric_shapes_82,bbh
657,1270,bbh_geometric_shapes_83,bbh
658,1271,bbh_geometric_shapes_84,bbh
659,1274,bbh_geometric_shapes_87,bbh
660,1275,bbh_geometric_shapes_88,bbh
661,1276,bbh_geometric_shapes_89,bbh
662,1278,bbh_geometric_shapes_91,bbh
663,1280,bbh_geometric_shapes_93,bbh
664,1281,bbh_geometric_shapes_94,bbh
665,1282,bbh_geometric_shapes_95,bbh
666,1283,bbh_geometric_shapes_96,bbh
667,1284,bbh_geometric_shapes_97,bbh
668,1287,bbh_geometric_shapes_100,bbh
669,1289,bbh_geometric_shapes_102,bbh
670,1290,bbh_geometric_shapes_103,bbh
671,1291,bbh_geometric_shapes_104,bbh
672,1292,bbh_geometric_shapes_105,bbh
673,1293,bbh_geometric_shapes_106,bbh
674,1294,bbh_geometric_shapes_107,bbh
675,1298,bbh_geometric_shapes_111,bbh
676,1302,bbh_geometric_shapes_115,bbh
677,1303,bbh_geometric_shapes_116,bbh
678,1304,bbh_geometric_shapes_117,bbh
679,1305,bbh_geometric_shapes_118,bbh
680,1306,bbh_geometric_shapes_119,bbh
681,1313,bbh_geometric_shapes_126,bbh
682,1316,bbh_geometric_shapes_129,bbh
683,1321,bbh_geometric_shapes_134,bbh
684,1322,bbh_geometric_shapes_135,bbh
685,1324,bbh_geometric_shapes_137,bbh
686,1325,bbh_geometric_shapes_138,bbh
687,1327,bbh_geometric_shapes_140,bbh
688,1329,bbh_geometric_shapes_142,bbh
689,1331,bbh_geometric_shapes_144,bbh
690,1334,bbh_geometric_shapes_147,bbh
691,1338,bbh_geometric_shapes_151,bbh
692,1339,bbh_geometric_shapes_152,bbh
693,1340,bbh_geometric_shapes_153,bbh
694,1342,bbh_geometric_shapes_155,bbh
695,1344,bbh_geometric_shapes_157,bbh
696,1349,bbh_geometric_shapes_162,bbh
697,1351,bbh_geometric_shapes_164,bbh
698,1354,bbh_geometric_shapes_167,bbh
699,1356,bbh_geometric_shapes_169,bbh
700,1359,bbh_geometric_shapes_172,bbh
701,1364,bbh_geometric_shapes_177,bbh
702,1365,bbh_geometric_shapes_178,bbh
703,1367,bbh_geometric_shapes_180,bbh
704,1370,bbh_geometric_shapes_183,bbh
705,1372,bbh_geometric_shapes_185,bbh
706,1373,bbh_geometric_shapes_186,bbh
707,1374,bbh_geometric_shapes_187,bbh
708,1375,bbh_geometric_shapes_188,bbh
709,1376,bbh_geometric_shapes_189,bbh
710,1377,bbh_geometric_shapes_190,bbh
711,1378,bbh_geometric_shapes_191,bbh
712,1379,bbh_geometric_shapes_192,bbh
713,1385,bbh_geometric_shapes_198,bbh
714,1386,bbh_geometric_shapes_199,bbh
715,1388,bbh_geometric_shapes_201,bbh
716,1390,bbh_geometric_shapes_203,bbh
717,1391,bbh_geometric_shapes_204,bbh
718,1392,bbh_geometric_shapes_205,bbh
719,1395,bbh_geometric_shapes_208,bbh
720,1398,bbh_geometric_shapes_211,bbh
721,1401,bbh_geometric_shapes_214,bbh
722,1402,bbh_geometric_shapes_215,bbh
723,1406,bbh_geometric_shapes_219,bbh
724,1408,bbh_geometric_shapes_221,bbh
725,1409,bbh_geometric_shapes_222,bbh
726,1410,bbh_geometric_shapes_223,bbh
727,1411,bbh_geometric_shapes_224,bbh
728,1416,bbh_geometric_shapes_229,bbh
729,1417,bbh_geometric_shapes_230,bbh
730,1419,bbh_geometric_shapes_232,bbh
731,1421,bbh_geometric_shapes_234,bbh
732,1425,bbh_geometric_shapes_238,bbh
733,1426,bbh_geometric_shapes_239,bbh
734,1427,bbh_geometric_shapes_240,bbh
735,1428,bbh_geometric_shapes_241,bbh
736,1431,bbh_geometric_shapes_244,bbh
737,1432,bbh_geometric_shapes_245,bbh
738,1433,bbh_geometric_shapes_246,bbh
739,1434,bbh_geometric_shapes_247,bbh
740,1437,bbh_hyperbaton_0,bbh
741,1441,bbh_hyperbaton_4,bbh
742,1443,bbh_hyperbaton_6,bbh
743,1447,bbh_hyperbaton_10,bbh
744,1450,bbh_hyperbaton_13,bbh
745,1453,bbh_hyperbaton_16,bbh
746,1456,bbh_hyperbaton_19,bbh
747,1458,bbh_hyperbaton_21,bbh
748,1464,bbh_hyperbaton_27,bbh
749,1465,bbh_hyperbaton_28,bbh
750,1471,bbh_hyperbaton_34,bbh
751,1475,bbh_hyperbaton_38,bbh
752,1477,bbh_hyperbaton_40,bbh
753,1478,bbh_hyperbaton_41,bbh
754,1479,bbh_hyperbaton_42,bbh
755,1480,bbh_hyperbaton_43,bbh
756,1482,bbh_hyperbaton_45,bbh
757,1484,bbh_hyperbaton_47,bbh
758,1485,bbh_hyperbaton_48,bbh
759,1487,bbh_hyperbaton_50,bbh
760,1492,bbh_hyperbaton_55,bbh
761,1495,bbh_hyperbaton_58,bbh
762,1496,bbh_hyperbaton_59,bbh
763,1497,bbh_hyperbaton_60,bbh
764,1498,bbh_hyperbaton_61,bbh
765,1503,bbh_hyperbaton_66,bbh
766,1504,bbh_hyperbaton_67,bbh
767,1505,bbh_hyperbaton_68,bbh
768,1508,bbh_hyperbaton_71,bbh
769,1509,bbh_hyperbaton_72,bbh
770,1510,bbh_hyperbaton_73,bbh
771,1511,bbh_hyperbaton_74,bbh
772,1513,bbh_hyperbaton_76,bbh
773,1514,bbh_hyperbaton_77,bbh
774,1515,bbh_hyperbaton_78,bbh
775,1517,bbh_hyperbaton_80,bbh
776,1519,bbh_hyperbaton_82,bbh
777,1521,bbh_hyperbaton_84,bbh
778,1522,bbh_hyperbaton_85,bbh
779,1523,bbh_hyperbaton_86,bbh
780,1524,bbh_hyperbaton_87,bbh
781,1525,bbh_hyperbaton_88,bbh
782,1526,bbh_hyperbaton_89,bbh
783,1529,bbh_hyperbaton_92,bbh
784,1530,bbh_hyperbaton_93,bbh
785,1532,bbh_hyperbaton_95,bbh
786,1534,bbh_hyperbaton_97,bbh
787,1536,bbh_hyperbaton_99,bbh
788,1538,bbh_hyperbaton_101,bbh
789,1540,bbh_hyperbaton_103,bbh
790,1543,bbh_hyperbaton_106,bbh
791,1544,bbh_hyperbaton_107,bbh
792,1548,bbh_hyperbaton_111,bbh
793,1549,bbh_hyperbaton_112,bbh
794,1551,bbh_hyperbaton_114,bbh
795,1552,bbh_hyperbaton_115,bbh
796,1556,bbh_hyperbaton_119,bbh
797,1559,bbh_hyperbaton_122,bbh
798,1561,bbh_hyperbaton_124,bbh
799,1567,bbh_hyperbaton_130,bbh
800,1568,bbh_hyperbaton_131,bbh
801,1574,bbh_hyperbaton_137,bbh
802,1576,bbh_hyperbaton_139,bbh
803,1578,bbh_hyperbaton_141,bbh
804,1579,bbh_hyperbaton_142,bbh
805,1580,bbh_hyperbaton_143,bbh
806,1582,bbh_hyperbaton_145,bbh
807,1583,bbh_hyperbaton_146,bbh
808,1584,bbh_hyperbaton_147,bbh
809,1585,bbh_hyperbaton_148,bbh
810,1587,bbh_hyperbaton_150,bbh
811,1589,bbh_hyperbaton_152,bbh
812,1590,bbh_hyperbaton_153,bbh
813,1592,bbh_hyperbaton_155,bbh
814,1594,bbh_hyperbaton_157,bbh
815,1596,bbh_hyperbaton_159,bbh
816,1597,bbh_hyperbaton_160,bbh
817,1602,bbh_hyperbaton_165,bbh
818,1603,bbh_hyperbaton_166,bbh
819,1604,bbh_hyperbaton_167,bbh
820,1605,bbh_hyperbaton_168,bbh
821,1610,bbh_hyperbaton_173,bbh
822,1613,bbh_hyperbaton_176,bbh
823,1614,bbh_hyperbaton_177,bbh
824,1615,bbh_hyperbaton_178,bbh
825,1616,bbh_hyperbaton_179,bbh
826,1617,bbh_hyperbaton_180,bbh
827,1619,bbh_hyperbaton_182,bbh
828,1620,bbh_hyperbaton_183,bbh
829,1621,bbh_hyperbaton_184,bbh
830,1624,bbh_hyperbaton_187,bbh
831,1625,bbh_hyperbaton_188,bbh
832,1626,bbh_hyperbaton_189,bbh
833,1627,bbh_hyperbaton_190,bbh
834,1628,bbh_hyperbaton_191,bbh
835,1630,bbh_hyperbaton_193,bbh
836,1631,bbh_hyperbaton_194,bbh
837,1633,bbh_hyperbaton_196,bbh
838,1634,bbh_hyperbaton_197,bbh
839,1637,bbh_hyperbaton_200,bbh
840,1640,bbh_hyperbaton_203,bbh
841,1642,bbh_hyperbaton_205,bbh
842,1643,bbh_hyperbaton_206,bbh
843,1644,bbh_hyperbaton_207,bbh
844,1645,bbh_hyperbaton_208,bbh
845,1646,bbh_hyperbaton_209,bbh
846,1648,bbh_hyperbaton_211,bbh
847,1649,bbh_hyperbaton_212,bbh
848,1650,bbh_hyperbaton_213,bbh
849,1652,bbh_hyperbaton_215,bbh
850,1653,bbh_hyperbaton_216,bbh
851,1655,bbh_hyperbaton_218,bbh
852,1656,bbh_hyperbaton_219,bbh
853,1657,bbh_hyperbaton_220,bbh
854,1658,bbh_hyperbaton_221,bbh
855,1659,bbh_hyperbaton_222,bbh
856,1661,bbh_hyperbaton_224,bbh
857,1663,bbh_hyperbaton_226,bbh
858,1664,bbh_hyperbaton_227,bbh
859,1665,bbh_hyperbaton_228,bbh
860,1667,bbh_hyperbaton_230,bbh
861,1668,bbh_hyperbaton_231,bbh
862,1669,bbh_hyperbaton_232,bbh
863,1671,bbh_hyperbaton_234,bbh
864,1672,bbh_hyperbaton_235,bbh
865,1674,bbh_hyperbaton_237,bbh
866,1676,bbh_hyperbaton_239,bbh
867,1677,bbh_hyperbaton_240,bbh
868,1678,bbh_hyperbaton_241,bbh
869,1679,bbh_hyperbaton_242,bbh
870,1680,bbh_hyperbaton_243,bbh
871,1682,bbh_hyperbaton_245,bbh
872,1686,bbh_hyperbaton_249,bbh
873,1688,bbh_logical_deduction_five_objects_1,bbh
874,1691,bbh_logical_deduction_five_objects_4,bbh
875,1692,bbh_logical_deduction_five_objects_5,bbh
876,1697,bbh_logical_deduction_five_objects_10,bbh
877,1699,bbh_logical_deduction_five_objects_12,bbh
878,1701,bbh_logical_deduction_five_objects_14,bbh
879,1702,bbh_logical_deduction_five_objects_15,bbh
880,1703,bbh_logical_deduction_five_objects_16,bbh
881,1708,bbh_logical_deduction_five_objects_21,bbh
882,1709,bbh_logical_deduction_five_objects_22,bbh
883,1710,bbh_logical_deduction_five_objects_23,bbh
884,1711,bbh_logical_deduction_five_objects_24,bbh
885,1715,bbh_logical_deduction_five_objects_28,bbh
886,1716,bbh_logical_deduction_five_objects_29,bbh
887,1718,bbh_logical_deduction_five_objects_31,bbh
888,1724,bbh_logical_deduction_five_objects_37,bbh
889,1726,bbh_logical_deduction_five_objects_39,bbh
890,1730,bbh_logical_deduction_five_objects_43,bbh
891,1731,bbh_logical_deduction_five_objects_44,bbh
892,1732,bbh_logical_deduction_five_objects_45,bbh
893,1734,bbh_logical_deduction_five_objects_47,bbh
894,1736,bbh_logical_deduction_five_objects_49,bbh
895,1737,bbh_logical_deduction_five_objects_50,bbh
896,1740,bbh_logical_deduction_five_objects_53,bbh
897,1741,bbh_logical_deduction_five_objects_54,bbh
898,1743,bbh_logical_deduction_five_objects_56,bbh
899,1747,bbh_logical_deduction_five_objects_60,bbh
900,1749,bbh_logical_deduction_five_objects_62,bbh
901,1750,bbh_logical_deduction_five_objects_63,bbh
902,1753,bbh_logical_deduction_five_objects_66,bbh
903,1754,bbh_logical_deduction_five_objects_67,bbh
904,1756,bbh_logical_deduction_five_objects_69,bbh
905,1757,bbh_logical_deduction_five_objects_70,bbh
906,1759,bbh_logical_deduction_five_objects_72,bbh
907,1760,bbh_logical_deduction_five_objects_73,bbh
908,1761,bbh_logical_deduction_five_objects_74,bbh
909,1764,bbh_logical_deduction_five_objects_77,bbh
910,1766,bbh_logical_deduction_five_objects_79,bbh
911,1770,bbh_logical_deduction_five_objects_83,bbh
912,1772,bbh_logical_deduction_five_objects_85,bbh
913,1773,bbh_logical_deduction_five_objects_86,bbh
914,1774,bbh_logical_deduction_five_objects_87,bbh
915,1777,bbh_logical_deduction_five_objects_90,bbh
916,1778,bbh_logical_deduction_five_objects_91,bbh
917,1779,bbh_logical_deduction_five_objects_92,bbh
918,1780,bbh_logical_deduction_five_objects_93,bbh
919,1782,bbh_logical_deduction_five_objects_95,bbh
920,1784,bbh_logical_deduction_five_objects_97,bbh
921,1785,bbh_logical_deduction_five_objects_98,bbh
922,1787,bbh_logical_deduction_five_objects_100,bbh
923,1788,bbh_logical_deduction_five_objects_101,bbh
924,1791,bbh_logical_deduction_five_objects_104,bbh
925,1794,bbh_logical_deduction_five_objects_107,bbh
926,1796,bbh_logical_deduction_five_objects_109,bbh
927,1797,bbh_logical_deduction_five_objects_110,bbh
928,1799,bbh_logical_deduction_five_objects_112,bbh
929,1801,bbh_logical_deduction_five_objects_114,bbh
930,1802,bbh_logical_deduction_five_objects_115,bbh
931,1803,bbh_logical_deduction_five_objects_116,bbh
932,1805,bbh_logical_deduction_five_objects_118,bbh
933,1806,bbh_logical_deduction_five_objects_119,bbh
934,1807,bbh_logical_deduction_five_objects_120,bbh
935,1809,bbh_logical_deduction_five_objects_122,bbh
936,1811,bbh_logical_deduction_five_objects_124,bbh
937,1812,bbh_logical_deduction_five_objects_125,bbh
938,1814,bbh_logical_deduction_five_objects_127,bbh
939,1815,bbh_logical_deduction_five_objects_128,bbh
940,1817,bbh_logical_deduction_five_objects_130,bbh
941,1818,bbh_logical_deduction_five_objects_131,bbh
942,1820,bbh_logical_deduction_five_objects_133,bbh
943,1822,bbh_logical_deduction_five_objects_135,bbh
944,1824,bbh_logical_deduction_five_objects_137,bbh
945,1826,bbh_logical_deduction_five_objects_139,bbh
946,1827,bbh_logical_deduction_five_objects_140,bbh
947,1828,bbh_logical_deduction_five_objects_141,bbh
948,1829,bbh_logical_deduction_five_objects_142,bbh
949,1831,bbh_logical_deduction_five_objects_144,bbh
950,1832,bbh_logical_deduction_five_objects_145,bbh
951,1833,bbh_logical_deduction_five_objects_146,bbh
952,1834,bbh_logical_deduction_five_objects_147,bbh
953,1837,bbh_logical_deduction_five_objects_150,bbh
954,1840,bbh_logical_deduction_five_objects_153,bbh
955,1841,bbh_logical_deduction_five_objects_154,bbh
956,1843,bbh_logical_deduction_five_objects_156,bbh
957,1846,bbh_logical_deduction_five_objects_159,bbh
958,1852,bbh_logical_deduction_five_objects_165,bbh
959,1853,bbh_logical_deduction_five_objects_166,bbh
960,1859,bbh_logical_deduction_five_objects_172,bbh
961,1860,bbh_logical_deduction_five_objects_173,bbh
962,1861,bbh_logical_deduction_five_objects_174,bbh
963,1862,bbh_logical_deduction_five_objects_175,bbh
964,1864,bbh_logical_deduction_five_objects_177,bbh
965,1865,bbh_logical_deduction_five_objects_178,bbh
966,1866,bbh_logical_deduction_five_objects_179,bbh
967,1867,bbh_logical_deduction_five_objects_180,bbh
968,1868,bbh_logical_deduction_five_objects_181,bbh
969,1870,bbh_logical_deduction_five_objects_183,bbh
970,1872,bbh_logical_deduction_five_objects_185,bbh
971,1873,bbh_logical_deduction_five_objects_186,bbh
972,1876,bbh_logical_deduction_five_objects_189,bbh
973,1879,bbh_logical_deduction_five_objects_192,bbh
974,1884,bbh_logical_deduction_five_objects_197,bbh
975,1885,bbh_logical_deduction_five_objects_198,bbh
976,1888,bbh_logical_deduction_five_objects_201,bbh
977,1889,bbh_logical_deduction_five_objects_202,bbh
978,1891,bbh_logical_deduction_five_objects_204,bbh
979,1893,bbh_logical_deduction_five_objects_206,bbh
980,1895,bbh_logical_deduction_five_objects_208,bbh
981,1897,bbh_logical_deduction_five_objects_210,bbh
982,1898,bbh_logical_deduction_five_objects_211,bbh
983,1900,bbh_logical_deduction_five_objects_213,bbh
984,1902,bbh_logical_deduction_five_objects_215,bbh
985,1904,bbh_logical_deduction_five_objects_217,bbh
986,1905,bbh_logical_deduction_five_objects_218,bbh
987,1908,bbh_logical_deduction_five_objects_221,bbh
988,1909,bbh_logical_deduction_five_objects_222,bbh
989,1913,bbh_logical_deduction_five_objects_226,bbh
990,1914,bbh_logical_deduction_five_objects_227,bbh
991,1915,bbh_logical_deduction_five_objects_228,bbh
992,1916,bbh_logical_deduction_five_objects_229,bbh
993,1920,bbh_logical_deduction_five_objects_233,bbh
994,1921,bbh_logical_deduction_five_objects_234,bbh
995,1924,bbh_logical_deduction_five_objects_237,bbh
996,1926,bbh_logical_deduction_five_objects_239,bbh
997,1928,bbh_logical_deduction_five_objects_241,bbh
998,1930,bbh_logical_deduction_five_objects_243,bbh
999,1931,bbh_logical_deduction_five_objects_244,bbh
1000,1934,bbh_logical_deduction_five_objects_247,bbh
1001,1936,bbh_logical_deduction_five_objects_249,bbh
1002,1937,bbh_logical_deduction_seven_objects_0,bbh
1003,1938,bbh_logical_deduction_seven_objects_1,bbh
1004,1939,bbh_logical_deduction_seven_objects_2,bbh
1005,1940,bbh_logical_deduction_seven_objects_3,bbh
1006,1942,bbh_logical_deduction_seven_objects_5,bbh
1007,1944,bbh_logical_deduction_seven_objects_7,bbh
1008,1945,bbh_logical_deduction_seven_objects_8,bbh
1009,1948,bbh_logical_deduction_seven_objects_11,bbh
1010,1949,bbh_logical_deduction_seven_objects_12,bbh
1011,1953,bbh_logical_deduction_seven_objects_16,bbh
1012,1955,bbh_logical_deduction_seven_objects_18,bbh
1013,1956,bbh_logical_deduction_seven_objects_19,bbh
1014,1957,bbh_logical_deduction_seven_objects_20,bbh
1015,1960,bbh_logical_deduction_seven_objects_23,bbh
1016,1961,bbh_logical_deduction_seven_objects_24,bbh
1017,1962,bbh_logical_deduction_seven_objects_25,bbh
1018,1963,bbh_logical_deduction_seven_objects_26,bbh
1019,1965,bbh_logical_deduction_seven_objects_28,bbh
1020,1968,bbh_logical_deduction_seven_objects_31,bbh
1021,1969,bbh_logical_deduction_seven_objects_32,bbh
1022,1970,bbh_logical_deduction_seven_objects_33,bbh
1023,1971,bbh_logical_deduction_seven_objects_34,bbh
1024,1972,bbh_logical_deduction_seven_objects_35,bbh
1025,1976,bbh_logical_deduction_seven_objects_39,bbh
1026,1977,bbh_logical_deduction_seven_objects_40,bbh
1027,1980,bbh_logical_deduction_seven_objects_43,bbh
1028,1981,bbh_logical_deduction_seven_objects_44,bbh
1029,1987,bbh_logical_deduction_seven_objects_50,bbh
1030,1989,bbh_logical_deduction_seven_objects_52,bbh
1031,1990,bbh_logical_deduction_seven_objects_53,bbh
1032,1991,bbh_logical_deduction_seven_objects_54,bbh
1033,1993,bbh_logical_deduction_seven_objects_56,bbh
1034,1996,bbh_logical_deduction_seven_objects_59,bbh
1035,1997,bbh_logical_deduction_seven_objects_60,bbh
1036,1998,bbh_logical_deduction_seven_objects_61,bbh
1037,2002,bbh_logical_deduction_seven_objects_65,bbh
1038,2003,bbh_logical_deduction_seven_objects_66,bbh
1039,2004,bbh_logical_deduction_seven_objects_67,bbh
1040,2007,bbh_logical_deduction_seven_objects_70,bbh
1041,2010,bbh_logical_deduction_seven_objects_73,bbh
1042,2017,bbh_logical_deduction_seven_objects_80,bbh
1043,2019,bbh_logical_deduction_seven_objects_82,bbh
1044,2021,bbh_logical_deduction_seven_objects_84,bbh
1045,2023,bbh_logical_deduction_seven_objects_86,bbh
1046,2026,bbh_logical_deduction_seven_objects_89,bbh
1047,2027,bbh_logical_deduction_seven_objects_90,bbh
1048,2029,bbh_logical_deduction_seven_objects_92,bbh
1049,2031,bbh_logical_deduction_seven_objects_94,bbh
1050,2032,bbh_logical_deduction_seven_objects_95,bbh
1051,2033,bbh_logical_deduction_seven_objects_96,bbh
1052,2034,bbh_logical_deduction_seven_objects_97,bbh
1053,2037,bbh_logical_deduction_seven_objects_100,bbh
1054,2038,bbh_logical_deduction_seven_objects_101,bbh
1055,2040,bbh_logical_deduction_seven_objects_103,bbh
1056,2041,bbh_logical_deduction_seven_objects_104,bbh
1057,2044,bbh_logical_deduction_seven_objects_107,bbh
1058,2045,bbh_logical_deduction_seven_objects_108,bbh
1059,2048,bbh_logical_deduction_seven_objects_111,bbh
1060,2050,bbh_logical_deduction_seven_objects_113,bbh
1061,2054,bbh_logical_deduction_seven_objects_117,bbh
1062,2055,bbh_logical_deduction_seven_objects_118,bbh
1063,2056,bbh_logical_deduction_seven_objects_119,bbh
1064,2058,bbh_logical_deduction_seven_objects_121,bbh
1065,2059,bbh_logical_deduction_seven_objects_122,bbh
1066,2060,bbh_logical_deduction_seven_objects_123,bbh
1067,2062,bbh_logical_deduction_seven_objects_125,bbh
1068,2064,bbh_logical_deduction_seven_objects_127,bbh
1069,2068,bbh_logical_deduction_seven_objects_131,bbh
1070,2071,bbh_logical_deduction_seven_objects_134,bbh
1071,2074,bbh_logical_deduction_seven_objects_137,bbh
1072,2075,bbh_logical_deduction_seven_objects_138,bbh
1073,2076,bbh_logical_deduction_seven_objects_139,bbh
1074,2079,bbh_logical_deduction_seven_objects_142,bbh
1075,2080,bbh_logical_deduction_seven_objects_143,bbh
1076,2084,bbh_logical_deduction_seven_objects_147,bbh
1077,2087,bbh_logical_deduction_seven_objects_150,bbh
1078,2089,bbh_logical_deduction_seven_objects_152,bbh
1079,2090,bbh_logical_deduction_seven_objects_153,bbh
1080,2091,bbh_logical_deduction_seven_objects_154,bbh
1081,2092,bbh_logical_deduction_seven_objects_155,bbh
1082,2094,bbh_logical_deduction_seven_objects_157,bbh
1083,2097,bbh_logical_deduction_seven_objects_160,bbh
1084,2104,bbh_logical_deduction_seven_objects_167,bbh
1085,2106,bbh_logical_deduction_seven_objects_169,bbh
1086,2107,bbh_logical_deduction_seven_objects_170,bbh
1087,2108,bbh_logical_deduction_seven_objects_171,bbh
1088,2109,bbh_logical_deduction_seven_objects_172,bbh
1089,2112,bbh_logical_deduction_seven_objects_175,bbh
1090,2113,bbh_logical_deduction_seven_objects_176,bbh
1091,2114,bbh_logical_deduction_seven_objects_177,bbh
1092,2116,bbh_logical_deduction_seven_objects_179,bbh
1093,2118,bbh_logical_deduction_seven_objects_181,bbh
1094,2119,bbh_logical_deduction_seven_objects_182,bbh
1095,2121,bbh_logical_deduction_seven_objects_184,bbh
1096,2123,bbh_logical_deduction_seven_objects_186,bbh
1097,2125,bbh_logical_deduction_seven_objects_188,bbh
1098,2126,bbh_logical_deduction_seven_objects_189,bbh
1099,2127,bbh_logical_deduction_seven_objects_190,bbh
1100,2131,bbh_logical_deduction_seven_objects_194,bbh
1101,2134,bbh_logical_deduction_seven_objects_197,bbh
1102,2135,bbh_logical_deduction_seven_objects_198,bbh
1103,2137,bbh_logical_deduction_seven_objects_200,bbh
1104,2138,bbh_logical_deduction_seven_objects_201,bbh
1105,2141,bbh_logical_deduction_seven_objects_204,bbh
1106,2143,bbh_logical_deduction_seven_objects_206,bbh
1107,2146,bbh_logical_deduction_seven_objects_209,bbh
1108,2147,bbh_logical_deduction_seven_objects_210,bbh
1109,2149,bbh_logical_deduction_seven_objects_212,bbh
1110,2151,bbh_logical_deduction_seven_objects_214,bbh
1111,2152,bbh_logical_deduction_seven_objects_215,bbh
1112,2154,bbh_logical_deduction_seven_objects_217,bbh
1113,2156,bbh_logical_deduction_seven_objects_219,bbh
1114,2159,bbh_logical_deduction_seven_objects_222,bbh
1115,2161,bbh_logical_deduction_seven_objects_224,bbh
1116,2162,bbh_logical_deduction_seven_objects_225,bbh
1117,2164,bbh_logical_deduction_seven_objects_227,bbh
1118,2167,bbh_logical_deduction_seven_objects_230,bbh
1119,2168,bbh_logical_deduction_seven_objects_231,bbh
1120,2172,bbh_logical_deduction_seven_objects_235,bbh
1121,2175,bbh_logical_deduction_seven_objects_238,bbh
1122,2180,bbh_logical_deduction_seven_objects_243,bbh
1123,2184,bbh_logical_deduction_seven_objects_247,bbh
1124,2185,bbh_logical_deduction_seven_objects_248,bbh
1125,2187,bbh_logical_deduction_three_objects_0,bbh
1126,2188,bbh_logical_deduction_three_objects_1,bbh
1127,2189,bbh_logical_deduction_three_objects_2,bbh
1128,2191,bbh_logical_deduction_three_objects_4,bbh
1129,2199,bbh_logical_deduction_three_objects_12,bbh
1130,2200,bbh_logical_deduction_three_objects_13,bbh
1131,2202,bbh_logical_deduction_three_objects_15,bbh
1132,2203,bbh_logical_deduction_three_objects_16,bbh
1133,2205,bbh_logical_deduction_three_objects_18,bbh
1134,2208,bbh_logical_deduction_three_objects_21,bbh
1135,2209,bbh_logical_deduction_three_objects_22,bbh
1136,2210,bbh_logical_deduction_three_objects_23,bbh
1137,2211,bbh_logical_deduction_three_objects_24,bbh
1138,2212,bbh_logical_deduction_three_objects_25,bbh
1139,2213,bbh_logical_deduction_three_objects_26,bbh
1140,2215,bbh_logical_deduction_three_objects_28,bbh
1141,2216,bbh_logical_deduction_three_objects_29,bbh
1142,2217,bbh_logical_deduction_three_objects_30,bbh
1143,2218,bbh_logical_deduction_three_objects_31,bbh
1144,2220,bbh_logical_deduction_three_objects_33,bbh
1145,2221,bbh_logical_deduction_three_objects_34,bbh
1146,2222,bbh_logical_deduction_three_objects_35,bbh
1147,2224,bbh_logical_deduction_three_objects_37,bbh
1148,2225,bbh_logical_deduction_three_objects_38,bbh
1149,2226,bbh_logical_deduction_three_objects_39,bbh
1150,2227,bbh_logical_deduction_three_objects_40,bbh
1151,2228,bbh_logical_deduction_three_objects_41,bbh
1152,2230,bbh_logical_deduction_three_objects_43,bbh
1153,2231,bbh_logical_deduction_three_objects_44,bbh
1154,2235,bbh_logical_deduction_three_objects_48,bbh
1155,2236,bbh_logical_deduction_three_objects_49,bbh
1156,2237,bbh_logical_deduction_three_objects_50,bbh
1157,2239,bbh_logical_deduction_three_objects_52,bbh
1158,2244,bbh_logical_deduction_three_objects_57,bbh
1159,2246,bbh_logical_deduction_three_objects_59,bbh
1160,2250,bbh_logical_deduction_three_objects_63,bbh
1161,2251,bbh_logical_deduction_three_objects_64,bbh
1162,2254,bbh_logical_deduction_three_objects_67,bbh
1163,2257,bbh_logical_deduction_three_objects_70,bbh
1164,2258,bbh_logical_deduction_three_objects_71,bbh
1165,2259,bbh_logical_deduction_three_objects_72,bbh
1166,2260,bbh_logical_deduction_three_objects_73,bbh
1167,2261,bbh_logical_deduction_three_objects_74,bbh
1168,2262,bbh_logical_deduction_three_objects_75,bbh
1169,2263,bbh_logical_deduction_three_objects_76,bbh
1170,2264,bbh_logical_deduction_three_objects_77,bbh
1171,2266,bbh_logical_deduction_three_objects_79,bbh
1172,2267,bbh_logical_deduction_three_objects_80,bbh
1173,2268,bbh_logical_deduction_three_objects_81,bbh
1174,2274,bbh_logical_deduction_three_objects_87,bbh
1175,2278,bbh_logical_deduction_three_objects_91,bbh
1176,2279,bbh_logical_deduction_three_objects_92,bbh
1177,2280,bbh_logical_deduction_three_objects_93,bbh
1178,2281,bbh_logical_deduction_three_objects_94,bbh
1179,2282,bbh_logical_deduction_three_objects_95,bbh
1180,2283,bbh_logical_deduction_three_objects_96,bbh
1181,2284,bbh_logical_deduction_three_objects_97,bbh
1182,2285,bbh_logical_deduction_three_objects_98,bbh
1183,2286,bbh_logical_deduction_three_objects_99,bbh
1184,2287,bbh_logical_deduction_three_objects_100,bbh
1185,2289,bbh_logical_deduction_three_objects_102,bbh
1186,2290,bbh_logical_deduction_three_objects_103,bbh
1187,2291,bbh_logical_deduction_three_objects_104,bbh
1188,2294,bbh_logical_deduction_three_objects_107,bbh
1189,2297,bbh_logical_deduction_three_objects_110,bbh
1190,2299,bbh_logical_deduction_three_objects_112,bbh
1191,2302,bbh_logical_deduction_three_objects_115,bbh
1192,2304,bbh_logical_deduction_three_objects_117,bbh
1193,2305,bbh_logical_deduction_three_objects_118,bbh
1194,2308,bbh_logical_deduction_three_objects_121,bbh
1195,2309,bbh_logical_deduction_three_objects_122,bbh
1196,2310,bbh_logical_deduction_three_objects_123,bbh
1197,2316,bbh_logical_deduction_three_objects_129,bbh
1198,2322,bbh_logical_deduction_three_objects_135,bbh
1199,2323,bbh_logical_deduction_three_objects_136,bbh
1200,2324,bbh_logical_deduction_three_objects_137,bbh
1201,2327,bbh_logical_deduction_three_objects_140,bbh
1202,2328,bbh_logical_deduction_three_objects_141,bbh
1203,2330,bbh_logical_deduction_three_objects_143,bbh
1204,2332,bbh_logical_deduction_three_objects_145,bbh
1205,2334,bbh_logical_deduction_three_objects_147,bbh
1206,2335,bbh_logical_deduction_three_objects_148,bbh
1207,2336,bbh_logical_deduction_three_objects_149,bbh
1208,2337,bbh_logical_deduction_three_objects_150,bbh
1209,2339,bbh_logical_deduction_three_objects_152,bbh
1210,2340,bbh_logical_deduction_three_objects_153,bbh
1211,2341,bbh_logical_deduction_three_objects_154,bbh
1212,2343,bbh_logical_deduction_three_objects_156,bbh
1213,2345,bbh_logical_deduction_three_objects_158,bbh
1214,2356,bbh_logical_deduction_three_objects_169,bbh
1215,2357,bbh_logical_deduction_three_objects_170,bbh
1216,2358,bbh_logical_deduction_three_objects_171,bbh
1217,2359,bbh_logical_deduction_three_objects_172,bbh
1218,2360,bbh_logical_deduction_three_objects_173,bbh
1219,2361,bbh_logical_deduction_three_objects_174,bbh
1220,2363,bbh_logical_deduction_three_objects_176,bbh
1221,2364,bbh_logical_deduction_three_objects_177,bbh
1222,2368,bbh_logical_deduction_three_objects_181,bbh
1223,2369,bbh_logical_deduction_three_objects_182,bbh
1224,2371,bbh_logical_deduction_three_objects_184,bbh
1225,2372,bbh_logical_deduction_three_objects_185,bbh
1226,2374,bbh_logical_deduction_three_objects_187,bbh
1227,2375,bbh_logical_deduction_three_objects_188,bbh
1228,2381,bbh_logical_deduction_three_objects_194,bbh
1229,2385,bbh_logical_deduction_three_objects_198,bbh
1230,2386,bbh_logical_deduction_three_objects_199,bbh
1231,2387,bbh_logical_deduction_three_objects_200,bbh
1232,2388,bbh_logical_deduction_three_objects_201,bbh
1233,2390,bbh_logical_deduction_three_objects_203,bbh
1234,2394,bbh_logical_deduction_three_objects_207,bbh
1235,2396,bbh_logical_deduction_three_objects_209,bbh
1236,2397,bbh_logical_deduction_three_objects_210,bbh
1237,2398,bbh_logical_deduction_three_objects_211,bbh
1238,2400,bbh_logical_deduction_three_objects_213,bbh
1239,2403,bbh_logical_deduction_three_objects_216,bbh
1240,2404,bbh_logical_deduction_three_objects_217,bbh
1241,2405,bbh_logical_deduction_three_objects_218,bbh
1242,2407,bbh_logical_deduction_three_objects_220,bbh
1243,2408,bbh_logical_deduction_three_objects_221,bbh
1244,2409,bbh_logical_deduction_three_objects_222,bbh
1245,2414,bbh_logical_deduction_three_objects_227,bbh
1246,2416,bbh_logical_deduction_three_objects_229,bbh
1247,2419,bbh_logical_deduction_three_objects_232,bbh
1248,2420,bbh_logical_deduction_three_objects_233,bbh
1249,2422,bbh_logical_deduction_three_objects_235,bbh
1250,2426,bbh_logical_deduction_three_objects_239,bbh
1251,2427,bbh_logical_deduction_three_objects_240,bbh
1252,2428,bbh_logical_deduction_three_objects_241,bbh
1253,2430,bbh_logical_deduction_three_objects_243,bbh
1254,2431,bbh_logical_deduction_three_objects_244,bbh
1255,2432,bbh_logical_deduction_three_objects_245,bbh
1256,2433,bbh_logical_deduction_three_objects_246,bbh
1257,2434,bbh_logical_deduction_three_objects_247,bbh
1258,2435,bbh_logical_deduction_three_objects_248,bbh
1259,2436,bbh_logical_deduction_three_objects_249,bbh
1260,2438,bbh_movie_recommendation_1,bbh
1261,2440,bbh_movie_recommendation_3,bbh
1262,2441,bbh_movie_recommendation_4,bbh
1263,2442,bbh_movie_recommendation_5,bbh
1264,2443,bbh_movie_recommendation_6,bbh
1265,2444,bbh_movie_recommendation_7,bbh
1266,2445,bbh_movie_recommendation_8,bbh
1267,2447,bbh_movie_recommendation_10,bbh
1268,2449,bbh_movie_recommendation_12,bbh
1269,2450,bbh_movie_recommendation_13,bbh
1270,2451,bbh_movie_recommendation_14,bbh
1271,2452,bbh_movie_recommendation_15,bbh
1272,2454,bbh_movie_recommendation_17,bbh
1273,2456,bbh_movie_recommendation_19,bbh
1274,2458,bbh_movie_recommendation_21,bbh
1275,2460,bbh_movie_recommendation_23,bbh
1276,2462,bbh_movie_recommendation_25,bbh
1277,2464,bbh_movie_recommendation_27,bbh
1278,2465,bbh_movie_recommendation_28,bbh
1279,2466,bbh_movie_recommendation_29,bbh
1280,2472,bbh_movie_recommendation_35,bbh
1281,2474,bbh_movie_recommendation_37,bbh
1282,2475,bbh_movie_recommendation_38,bbh
1283,2478,bbh_movie_recommendation_41,bbh
1284,2479,bbh_movie_recommendation_42,bbh
1285,2480,bbh_movie_recommendation_43,bbh
1286,2481,bbh_movie_recommendation_44,bbh
1287,2483,bbh_movie_recommendation_46,bbh
1288,2484,bbh_movie_recommendation_47,bbh
1289,2485,bbh_movie_recommendation_48,bbh
1290,2491,bbh_movie_recommendation_54,bbh
1291,2492,bbh_movie_recommendation_55,bbh
1292,2496,bbh_movie_recommendation_59,bbh
1293,2497,bbh_movie_recommendation_60,bbh
1294,2498,bbh_movie_recommendation_61,bbh
1295,2502,bbh_movie_recommendation_65,bbh
1296,2504,bbh_movie_recommendation_67,bbh
1297,2507,bbh_movie_recommendation_70,bbh
1298,2508,bbh_movie_recommendation_71,bbh
1299,2509,bbh_movie_recommendation_72,bbh
1300,2510,bbh_movie_recommendation_73,bbh
1301,2511,bbh_movie_recommendation_74,bbh
1302,2512,bbh_movie_recommendation_75,bbh
1303,2513,bbh_movie_recommendation_76,bbh
1304,2514,bbh_movie_recommendation_77,bbh
1305,2515,bbh_movie_recommendation_78,bbh
1306,2516,bbh_movie_recommendation_79,bbh
1307,2517,bbh_movie_recommendation_80,bbh
1308,2518,bbh_movie_recommendation_81,bbh
1309,2519,bbh_movie_recommendation_82,bbh
1310,2521,bbh_movie_recommendation_84,bbh
1311,2522,bbh_movie_recommendation_85,bbh
1312,2525,bbh_movie_recommendation_88,bbh
1313,2528,bbh_movie_recommendation_91,bbh
1314,2531,bbh_movie_recommendation_94,bbh
1315,2532,bbh_movie_recommendation_95,bbh
1316,2534,bbh_movie_recommendation_97,bbh
1317,2535,bbh_movie_recommendation_98,bbh
1318,2539,bbh_movie_recommendation_102,bbh
1319,2540,bbh_movie_recommendation_103,bbh
1320,2542,bbh_movie_recommendation_105,bbh
1321,2543,bbh_movie_recommendation_106,bbh
1322,2544,bbh_movie_recommendation_107,bbh
1323,2546,bbh_movie_recommendation_109,bbh
1324,2548,bbh_movie_recommendation_111,bbh
1325,2552,bbh_movie_recommendation_115,bbh
1326,2554,bbh_movie_recommendation_117,bbh
1327,2555,bbh_movie_recommendation_118,bbh
1328,2558,bbh_movie_recommendation_121,bbh
1329,2561,bbh_movie_recommendation_124,bbh
1330,2562,bbh_movie_recommendation_125,bbh
1331,2563,bbh_movie_recommendation_126,bbh
1332,2565,bbh_movie_recommendation_128,bbh
1333,2567,bbh_movie_recommendation_130,bbh
1334,2568,bbh_movie_recommendation_131,bbh
1335,2572,bbh_movie_recommendation_135,bbh
1336,2577,bbh_movie_recommendation_140,bbh
1337,2581,bbh_movie_recommendation_144,bbh
1338,2582,bbh_movie_recommendation_145,bbh
1339,2585,bbh_movie_recommendation_148,bbh
1340,2588,bbh_movie_recommendation_151,bbh
1341,2589,bbh_movie_recommendation_152,bbh
1342,2592,bbh_movie_recommendation_155,bbh
1343,2593,bbh_movie_recommendation_156,bbh
1344,2597,bbh_movie_recommendation_160,bbh
1345,2599,bbh_movie_recommendation_162,bbh
1346,2600,bbh_movie_recommendation_163,bbh
1347,2601,bbh_movie_recommendation_164,bbh
1348,2602,bbh_movie_recommendation_165,bbh
1349,2605,bbh_movie_recommendation_168,bbh
1350,2606,bbh_movie_recommendation_169,bbh
1351,2608,bbh_movie_recommendation_171,bbh
1352,2610,bbh_movie_recommendation_173,bbh
1353,2611,bbh_movie_recommendation_174,bbh
1354,2612,bbh_movie_recommendation_175,bbh
1355,2616,bbh_movie_recommendation_179,bbh
1356,2617,bbh_movie_recommendation_180,bbh
1357,2618,bbh_movie_recommendation_181,bbh
1358,2620,bbh_movie_recommendation_183,bbh
1359,2621,bbh_movie_recommendation_184,bbh
1360,2622,bbh_movie_recommendation_185,bbh
1361,2623,bbh_movie_recommendation_186,bbh
1362,2624,bbh_movie_recommendation_187,bbh
1363,2625,bbh_movie_recommendation_188,bbh
1364,2627,bbh_movie_recommendation_190,bbh
1365,2628,bbh_movie_recommendation_191,bbh
1366,2629,bbh_movie_recommendation_192,bbh
1367,2630,bbh_movie_recommendation_193,bbh
1368,2635,bbh_movie_recommendation_198,bbh
1369,2637,bbh_movie_recommendation_200,bbh
1370,2639,bbh_movie_recommendation_202,bbh
1371,2640,bbh_movie_recommendation_203,bbh
1372,2642,bbh_movie_recommendation_205,bbh
1373,2643,bbh_movie_recommendation_206,bbh
1374,2647,bbh_movie_recommendation_210,bbh
1375,2648,bbh_movie_recommendation_211,bbh
1376,2650,bbh_movie_recommendation_213,bbh
1377,2651,bbh_movie_recommendation_214,bbh
1378,2652,bbh_movie_recommendation_215,bbh
1379,2653,bbh_movie_recommendation_216,bbh
1380,2654,bbh_movie_recommendation_217,bbh
1381,2655,bbh_movie_recommendation_218,bbh
1382,2664,bbh_movie_recommendation_227,bbh
1383,2665,bbh_movie_recommendation_228,bbh
1384,2668,bbh_movie_recommendation_231,bbh
1385,2669,bbh_movie_recommendation_232,bbh
1386,2670,bbh_movie_recommendation_233,bbh
1387,2674,bbh_movie_recommendation_237,bbh
1388,2675,bbh_movie_recommendation_238,bbh
1389,2677,bbh_movie_recommendation_240,bbh
1390,2678,bbh_movie_recommendation_241,bbh
1391,2679,bbh_movie_recommendation_242,bbh
1392,2680,bbh_movie_recommendation_243,bbh
1393,2681,bbh_movie_recommendation_244,bbh
1394,2682,bbh_movie_recommendation_245,bbh
1395,2685,bbh_movie_recommendation_248,bbh
1396,2686,bbh_movie_recommendation_249,bbh
1397,2689,bbh_navigate_2,bbh
1398,2691,bbh_navigate_4,bbh
1399,2693,bbh_navigate_6,bbh
1400,2694,bbh_navigate_7,bbh
1401,2697,bbh_navigate_10,bbh
1402,2701,bbh_navigate_14,bbh
1403,2703,bbh_navigate_16,bbh
1404,2704,bbh_navigate_17,bbh
1405,2705,bbh_navigate_18,bbh
1406,2707,bbh_navigate_20,bbh
1407,2709,bbh_navigate_22,bbh
1408,2710,bbh_navigate_23,bbh
1409,2711,bbh_navigate_24,bbh
1410,2712,bbh_navigate_25,bbh
1411,2713,bbh_navigate_26,bbh
1412,2715,bbh_navigate_28,bbh
1413,2720,bbh_navigate_33,bbh
1414,2721,bbh_navigate_34,bbh
1415,2722,bbh_navigate_35,bbh
1416,2723,bbh_navigate_36,bbh
1417,2725,bbh_navigate_38,bbh
1418,2726,bbh_navigate_39,bbh
1419,2729,bbh_navigate_42,bbh
1420,2730,bbh_navigate_43,bbh
1421,2731,bbh_navigate_44,bbh
1422,2732,bbh_navigate_45,bbh
1423,2733,bbh_navigate_46,bbh
1424,2734,bbh_navigate_47,bbh
1425,2735,bbh_navigate_48,bbh
1426,2736,bbh_navigate_49,bbh
1427,2737,bbh_navigate_50,bbh
1428,2739,bbh_navigate_52,bbh
1429,2743,bbh_navigate_56,bbh
1430,2744,bbh_navigate_57,bbh
1431,2746,bbh_navigate_59,bbh
1432,2747,bbh_navigate_60,bbh
1433,2750,bbh_navigate_63,bbh
1434,2754,bbh_navigate_67,bbh
1435,2756,bbh_navigate_69,bbh
1436,2760,bbh_navigate_73,bbh
1437,2761,bbh_navigate_74,bbh
1438,2763,bbh_navigate_76,bbh
1439,2764,bbh_navigate_77,bbh
1440,2765,bbh_navigate_78,bbh
1441,2768,bbh_navigate_81,bbh
1442,2769,bbh_navigate_82,bbh
1443,2771,bbh_navigate_84,bbh
1444,2774,bbh_navigate_87,bbh
1445,2775,bbh_navigate_88,bbh
1446,2776,bbh_navigate_89,bbh
1447,2778,bbh_navigate_91,bbh
1448,2782,bbh_navigate_95,bbh
1449,2783,bbh_navigate_96,bbh
1450,2784,bbh_navigate_97,bbh
1451,2785,bbh_navigate_98,bbh
1452,2789,bbh_navigate_102,bbh
1453,2790,bbh_navigate_103,bbh
1454,2792,bbh_navigate_105,bbh
1455,2793,bbh_navigate_106,bbh
1456,2795,bbh_navigate_108,bbh
1457,2796,bbh_navigate_109,bbh
1458,2797,bbh_navigate_110,bbh
1459,2798,bbh_navigate_111,bbh
1460,2799,bbh_navigate_112,bbh
1461,2800,bbh_navigate_113,bbh
1462,2802,bbh_navigate_115,bbh
1463,2804,bbh_navigate_117,bbh
1464,2807,bbh_navigate_120,bbh
1465,2808,bbh_navigate_121,bbh
1466,2809,bbh_navigate_122,bbh
1467,2811,bbh_navigate_124,bbh
1468,2813,bbh_navigate_126,bbh
1469,2815,bbh_navigate_128,bbh
1470,2816,bbh_navigate_129,bbh
1471,2818,bbh_navigate_131,bbh
1472,2820,bbh_navigate_133,bbh
1473,2823,bbh_navigate_136,bbh
1474,2824,bbh_navigate_137,bbh
1475,2825,bbh_navigate_138,bbh
1476,2828,bbh_navigate_141,bbh
1477,2832,bbh_navigate_145,bbh
1478,2834,bbh_navigate_147,bbh
1479,2835,bbh_navigate_148,bbh
1480,2841,bbh_navigate_154,bbh
1481,2842,bbh_navigate_155,bbh
1482,2844,bbh_navigate_157,bbh
1483,2845,bbh_navigate_158,bbh
1484,2847,bbh_navigate_160,bbh
1485,2850,bbh_navigate_163,bbh
1486,2852,bbh_navigate_165,bbh
1487,2853,bbh_navigate_166,bbh
1488,2854,bbh_navigate_167,bbh
1489,2855,bbh_navigate_168,bbh
1490,2856,bbh_navigate_169,bbh
1491,2861,bbh_navigate_174,bbh
1492,2864,bbh_navigate_177,bbh
1493,2865,bbh_navigate_178,bbh
1494,2866,bbh_navigate_179,bbh
1495,2867,bbh_navigate_180,bbh
1496,2868,bbh_navigate_181,bbh
1497,2869,bbh_navigate_182,bbh
1498,2870,bbh_navigate_183,bbh
1499,2872,bbh_navigate_185,bbh
1500,2875,bbh_navigate_188,bbh
1501,2876,bbh_navigate_189,bbh
1502,2878,bbh_navigate_191,bbh
1503,2886,bbh_navigate_199,bbh
1504,2892,bbh_navigate_205,bbh
1505,2893,bbh_navigate_206,bbh
1506,2896,bbh_navigate_209,bbh
1507,2897,bbh_navigate_210,bbh
1508,2899,bbh_navigate_212,bbh
1509,2903,bbh_navigate_216,bbh
1510,2904,bbh_navigate_217,bbh
1511,2906,bbh_navigate_219,bbh
1512,2908,bbh_navigate_221,bbh
1513,2911,bbh_navigate_224,bbh
1514,2913,bbh_navigate_226,bbh
1515,2914,bbh_navigate_227,bbh
1516,2915,bbh_navigate_228,bbh
1517,2919,bbh_navigate_232,bbh
1518,2920,bbh_navigate_233,bbh
1519,2922,bbh_navigate_235,bbh
1520,2923,bbh_navigate_236,bbh
1521,2925,bbh_navigate_238,bbh
1522,2926,bbh_navigate_239,bbh
1523,2927,bbh_navigate_240,bbh
1524,2928,bbh_navigate_241,bbh
1525,2929,bbh_navigate_242,bbh
1526,2930,bbh_navigate_243,bbh
1527,2932,bbh_navigate_245,bbh
1528,2933,bbh_navigate_246,bbh
1529,2935,bbh_navigate_248,bbh
1530,2939,bbh_object_counting_2,bbh
1531,2940,bbh_object_counting_3,bbh
1532,2941,bbh_object_counting_4,bbh
1533,2945,bbh_object_counting_8,bbh
1534,2949,bbh_object_counting_12,bbh
1535,2952,bbh_object_counting_15,bbh
1536,2953,bbh_object_counting_16,bbh
1537,2954,bbh_object_counting_17,bbh
1538,2957,bbh_object_counting_20,bbh
1539,2958,bbh_object_counting_21,bbh
1540,2959,bbh_object_counting_22,bbh
1541,2961,bbh_object_counting_24,bbh
1542,2963,bbh_object_counting_26,bbh
1543,2964,bbh_object_counting_27,bbh
1544,2967,bbh_object_counting_30,bbh
1545,2969,bbh_object_counting_32,bbh
1546,2973,bbh_object_counting_36,bbh
1547,2975,bbh_object_counting_38,bbh
1548,2976,bbh_object_counting_39,bbh
1549,2977,bbh_object_counting_40,bbh
1550,2978,bbh_object_counting_41,bbh
1551,2979,bbh_object_counting_42,bbh
1552,2984,bbh_object_counting_47,bbh
1553,2986,bbh_object_counting_49,bbh
1554,2987,bbh_object_counting_50,bbh
1555,2988,bbh_object_counting_51,bbh
1556,2989,bbh_object_counting_52,bbh
1557,2990,bbh_object_counting_53,bbh
1558,2992,bbh_object_counting_55,bbh
1559,2994,bbh_object_counting_57,bbh
1560,2995,bbh_object_counting_58,bbh
1561,2998,bbh_object_counting_61,bbh
1562,2999,bbh_object_counting_62,bbh
1563,3000,bbh_object_counting_63,bbh
1564,3001,bbh_object_counting_64,bbh
1565,3002,bbh_object_counting_65,bbh
1566,3003,bbh_object_counting_66,bbh
1567,3006,bbh_object_counting_69,bbh
1568,3007,bbh_object_counting_70,bbh
1569,3010,bbh_object_counting_73,bbh
1570,3011,bbh_object_counting_74,bbh
1571,3014,bbh_object_counting_77,bbh
1572,3015,bbh_object_counting_78,bbh
1573,3019,bbh_object_counting_82,bbh
1574,3022,bbh_object_counting_85,bbh
1575,3023,bbh_object_counting_86,bbh
1576,3024,bbh_object_counting_87,bbh
1577,3029,bbh_object_counting_92,bbh
1578,3031,bbh_object_counting_94,bbh
1579,3032,bbh_object_counting_95,bbh
1580,3033,bbh_object_counting_96,bbh
1581,3034,bbh_object_counting_97,bbh
1582,3038,bbh_object_counting_101,bbh
1583,3040,bbh_object_counting_103,bbh
1584,3041,bbh_object_counting_104,bbh
1585,3042,bbh_object_counting_105,bbh
1586,3043,bbh_object_counting_106,bbh
1587,3044,bbh_object_counting_107,bbh
1588,3045,bbh_object_counting_108,bbh
1589,3047,bbh_object_counting_110,bbh
1590,3048,bbh_object_counting_111,bbh
1591,3050,bbh_object_counting_113,bbh
1592,3053,bbh_object_counting_116,bbh
1593,3054,bbh_object_counting_117,bbh
1594,3055,bbh_object_counting_118,bbh
1595,3057,bbh_object_counting_120,bbh
1596,3058,bbh_object_counting_121,bbh
1597,3059,bbh_object_counting_122,bbh
1598,3063,bbh_object_counting_126,bbh
1599,3064,bbh_object_counting_127,bbh
1600,3065,bbh_object_counting_128,bbh
1601,3066,bbh_object_counting_129,bbh
1602,3068,bbh_object_counting_131,bbh
1603,3071,bbh_object_counting_134,bbh
1604,3077,bbh_object_counting_140,bbh
1605,3078,bbh_object_counting_141,bbh
1606,3080,bbh_object_counting_143,bbh
1607,3081,bbh_object_counting_144,bbh
1608,3082,bbh_object_counting_145,bbh
1609,3084,bbh_object_counting_147,bbh
1610,3085,bbh_object_counting_148,bbh
1611,3086,bbh_object_counting_149,bbh
1612,3088,bbh_object_counting_151,bbh
1613,3089,bbh_object_counting_152,bbh
1614,3092,bbh_object_counting_155,bbh
1615,3103,bbh_object_counting_166,bbh
1616,3106,bbh_object_counting_169,bbh
1617,3107,bbh_object_counting_170,bbh
1618,3109,bbh_object_counting_172,bbh
1619,3110,bbh_object_counting_173,bbh
1620,3111,bbh_object_counting_174,bbh
1621,3114,bbh_object_counting_177,bbh
1622,3116,bbh_object_counting_179,bbh
1623,3119,bbh_object_counting_182,bbh
1624,3121,bbh_object_counting_184,bbh
1625,3125,bbh_object_counting_188,bbh
1626,3126,bbh_object_counting_189,bbh
1627,3127,bbh_object_counting_190,bbh
1628,3128,bbh_object_counting_191,bbh
1629,3130,bbh_object_counting_193,bbh
1630,3132,bbh_object_counting_195,bbh
1631,3133,bbh_object_counting_196,bbh
1632,3134,bbh_object_counting_197,bbh
1633,3135,bbh_object_counting_198,bbh
1634,3137,bbh_object_counting_200,bbh
1635,3138,bbh_object_counting_201,bbh
1636,3139,bbh_object_counting_202,bbh
1637,3143,bbh_object_counting_206,bbh
1638,3145,bbh_object_counting_208,bbh
1639,3146,bbh_object_counting_209,bbh
1640,3147,bbh_object_counting_210,bbh
1641,3148,bbh_object_counting_211,bbh
1642,3149,bbh_object_counting_212,bbh
1643,3151,bbh_object_counting_214,bbh
1644,3153,bbh_object_counting_216,bbh
1645,3154,bbh_object_counting_217,bbh
1646,3158,bbh_object_counting_221,bbh
1647,3159,bbh_object_counting_222,bbh
1648,3161,bbh_object_counting_224,bbh
1649,3162,bbh_object_counting_225,bbh
1650,3163,bbh_object_counting_226,bbh
1651,3165,bbh_object_counting_228,bbh
1652,3166,bbh_object_counting_229,bbh
1653,3168,bbh_object_counting_231,bbh
1654,3170,bbh_object_counting_233,bbh
1655,3171,bbh_object_counting_234,bbh
1656,3173,bbh_object_counting_236,bbh
1657,3175,bbh_object_counting_238,bbh
1658,3177,bbh_object_counting_240,bbh
1659,3181,bbh_object_counting_244,bbh
1660,3186,bbh_object_counting_249,bbh
1661,3187,bbh_penguins_in_a_table_0,bbh
1662,3189,bbh_penguins_in_a_table_2,bbh
1663,3190,bbh_penguins_in_a_table_3,bbh
1664,3194,bbh_penguins_in_a_table_7,bbh
1665,3195,bbh_penguins_in_a_table_8,bbh
1666,3196,bbh_penguins_in_a_table_9,bbh
1667,3203,bbh_penguins_in_a_table_16,bbh
1668,3204,bbh_penguins_in_a_table_17,bbh
1669,3205,bbh_penguins_in_a_table_18,bbh
1670,3206,bbh_penguins_in_a_table_19,bbh
1671,3208,bbh_penguins_in_a_table_21,bbh
1672,3214,bbh_penguins_in_a_table_27,bbh
1673,3218,bbh_penguins_in_a_table_31,bbh
1674,3220,bbh_penguins_in_a_table_33,bbh
1675,3221,bbh_penguins_in_a_table_34,bbh
1676,3222,bbh_penguins_in_a_table_35,bbh
1677,3223,bbh_penguins_in_a_table_36,bbh
1678,3224,bbh_penguins_in_a_table_37,bbh
1679,3225,bbh_penguins_in_a_table_38,bbh
1680,3226,bbh_penguins_in_a_table_39,bbh
1681,3228,bbh_penguins_in_a_table_41,bbh
1682,3231,bbh_penguins_in_a_table_44,bbh
1683,3233,bbh_penguins_in_a_table_46,bbh
1684,3238,bbh_penguins_in_a_table_51,bbh
1685,3242,bbh_penguins_in_a_table_55,bbh
1686,3243,bbh_penguins_in_a_table_56,bbh
1687,3244,bbh_penguins_in_a_table_57,bbh
1688,3245,bbh_penguins_in_a_table_58,bbh
1689,3246,bbh_penguins_in_a_table_59,bbh
1690,3248,bbh_penguins_in_a_table_61,bbh
1691,3255,bbh_penguins_in_a_table_68,bbh
1692,3256,bbh_penguins_in_a_table_69,bbh
1693,3259,bbh_penguins_in_a_table_72,bbh
1694,3264,bbh_penguins_in_a_table_77,bbh
1695,3265,bbh_penguins_in_a_table_78,bbh
1696,3266,bbh_penguins_in_a_table_79,bbh
1697,3270,bbh_penguins_in_a_table_83,bbh
1698,3271,bbh_penguins_in_a_table_84,bbh
1699,3275,bbh_penguins_in_a_table_88,bbh
1700,3276,bbh_penguins_in_a_table_89,bbh
1701,3277,bbh_penguins_in_a_table_90,bbh
1702,3278,bbh_penguins_in_a_table_91,bbh
1703,3281,bbh_penguins_in_a_table_94,bbh
1704,3283,bbh_penguins_in_a_table_96,bbh
1705,3287,bbh_penguins_in_a_table_100,bbh
1706,3288,bbh_penguins_in_a_table_101,bbh
1707,3292,bbh_penguins_in_a_table_105,bbh
1708,3298,bbh_penguins_in_a_table_111,bbh
1709,3299,bbh_penguins_in_a_table_112,bbh
1710,3301,bbh_penguins_in_a_table_114,bbh
1711,3304,bbh_penguins_in_a_table_117,bbh
1712,3305,bbh_penguins_in_a_table_118,bbh
1713,3306,bbh_penguins_in_a_table_119,bbh
1714,3309,bbh_penguins_in_a_table_122,bbh
1715,3310,bbh_penguins_in_a_table_123,bbh
1716,3312,bbh_penguins_in_a_table_125,bbh
1717,3313,bbh_penguins_in_a_table_126,bbh
1718,3315,bbh_penguins_in_a_table_128,bbh
1719,3316,bbh_penguins_in_a_table_129,bbh
1720,3317,bbh_penguins_in_a_table_130,bbh
1721,3323,bbh_penguins_in_a_table_136,bbh
1722,3324,bbh_penguins_in_a_table_137,bbh
1723,3328,bbh_penguins_in_a_table_141,bbh
1724,3329,bbh_penguins_in_a_table_142,bbh
1725,3331,bbh_penguins_in_a_table_144,bbh
1726,3333,bbh_reasoning_about_colored_objects_0,bbh
1727,3334,bbh_reasoning_about_colored_objects_1,bbh
1728,3335,bbh_reasoning_about_colored_objects_2,bbh
1729,3337,bbh_reasoning_about_colored_objects_4,bbh
1730,3338,bbh_reasoning_about_colored_objects_5,bbh
1731,3339,bbh_reasoning_about_colored_objects_6,bbh
1732,3340,bbh_reasoning_about_colored_objects_7,bbh
1733,3341,bbh_reasoning_about_colored_objects_8,bbh
1734,3342,bbh_reasoning_about_colored_objects_9,bbh
1735,3347,bbh_reasoning_about_colored_objects_14,bbh
1736,3351,bbh_reasoning_about_colored_objects_18,bbh
1737,3352,bbh_reasoning_about_colored_objects_19,bbh
1738,3353,bbh_reasoning_about_colored_objects_20,bbh
1739,3359,bbh_reasoning_about_colored_objects_26,bbh
1740,3361,bbh_reasoning_about_colored_objects_28,bbh
1741,3362,bbh_reasoning_about_colored_objects_29,bbh
1742,3363,bbh_reasoning_about_colored_objects_30,bbh
1743,3368,bbh_reasoning_about_colored_objects_35,bbh
1744,3369,bbh_reasoning_about_colored_objects_36,bbh
1745,3372,bbh_reasoning_about_colored_objects_39,bbh
1746,3373,bbh_reasoning_about_colored_objects_40,bbh
1747,3374,bbh_reasoning_about_colored_objects_41,bbh
1748,3376,bbh_reasoning_about_colored_objects_43,bbh
1749,3379,bbh_reasoning_about_colored_objects_46,bbh
1750,3380,bbh_reasoning_about_colored_objects_47,bbh
1751,3381,bbh_reasoning_about_colored_objects_48,bbh
1752,3383,bbh_reasoning_about_colored_objects_50,bbh
1753,3384,bbh_reasoning_about_colored_objects_51,bbh
1754,3385,bbh_reasoning_about_colored_objects_52,bbh
1755,3386,bbh_reasoning_about_colored_objects_53,bbh
1756,3387,bbh_reasoning_about_colored_objects_54,bbh
1757,3388,bbh_reasoning_about_colored_objects_55,bbh
1758,3389,bbh_reasoning_about_colored_objects_56,bbh
1759,3391,bbh_reasoning_about_colored_objects_58,bbh
1760,3397,bbh_reasoning_about_colored_objects_64,bbh
1761,3400,bbh_reasoning_about_colored_objects_67,bbh
1762,3404,bbh_reasoning_about_colored_objects_71,bbh
1763,3407,bbh_reasoning_about_colored_objects_74,bbh
1764,3409,bbh_reasoning_about_colored_objects_76,bbh
1765,3411,bbh_reasoning_about_colored_objects_78,bbh
1766,3413,bbh_reasoning_about_colored_objects_80,bbh
1767,3414,bbh_reasoning_about_colored_objects_81,bbh
1768,3416,bbh_reasoning_about_colored_objects_83,bbh
1769,3417,bbh_reasoning_about_colored_objects_84,bbh
1770,3418,bbh_reasoning_about_colored_objects_85,bbh
1771,3419,bbh_reasoning_about_colored_objects_86,bbh
1772,3421,bbh_reasoning_about_colored_objects_88,bbh
1773,3422,bbh_reasoning_about_colored_objects_89,bbh
1774,3424,bbh_reasoning_about_colored_objects_91,bbh
1775,3425,bbh_reasoning_about_colored_objects_92,bbh
1776,3427,bbh_reasoning_about_colored_objects_94,bbh
1777,3429,bbh_reasoning_about_colored_objects_96,bbh
1778,3431,bbh_reasoning_about_colored_objects_98,bbh
1779,3432,bbh_reasoning_about_colored_objects_99,bbh
1780,3433,bbh_reasoning_about_colored_objects_100,bbh
1781,3434,bbh_reasoning_about_colored_objects_101,bbh
1782,3435,bbh_reasoning_about_colored_objects_102,bbh
1783,3437,bbh_reasoning_about_colored_objects_104,bbh
1784,3438,bbh_reasoning_about_colored_objects_105,bbh
1785,3444,bbh_reasoning_about_colored_objects_111,bbh
1786,3446,bbh_reasoning_about_colored_objects_113,bbh
1787,3448,bbh_reasoning_about_colored_objects_115,bbh
1788,3449,bbh_reasoning_about_colored_objects_116,bbh
1789,3453,bbh_reasoning_about_colored_objects_120,bbh
1790,3454,bbh_reasoning_about_colored_objects_121,bbh
1791,3455,bbh_reasoning_about_colored_objects_122,bbh
1792,3456,bbh_reasoning_about_colored_objects_123,bbh
1793,3457,bbh_reasoning_about_colored_objects_124,bbh
1794,3458,bbh_reasoning_about_colored_objects_125,bbh
1795,3459,bbh_reasoning_about_colored_objects_126,bbh
1796,3460,bbh_reasoning_about_colored_objects_127,bbh
1797,3461,bbh_reasoning_about_colored_objects_128,bbh
1798,3463,bbh_reasoning_about_colored_objects_130,bbh
1799,3465,bbh_reasoning_about_colored_objects_132,bbh
1800,3466,bbh_reasoning_about_colored_objects_133,bbh
1801,3467,bbh_reasoning_about_colored_objects_134,bbh
1802,3468,bbh_reasoning_about_colored_objects_135,bbh
1803,3469,bbh_reasoning_about_colored_objects_136,bbh
1804,3470,bbh_reasoning_about_colored_objects_137,bbh
1805,3475,bbh_reasoning_about_colored_objects_142,bbh
1806,3476,bbh_reasoning_about_colored_objects_143,bbh
1807,3477,bbh_reasoning_about_colored_objects_144,bbh
1808,3478,bbh_reasoning_about_colored_objects_145,bbh
1809,3479,bbh_reasoning_about_colored_objects_146,bbh
1810,3481,bbh_reasoning_about_colored_objects_148,bbh
1811,3482,bbh_reasoning_about_colored_objects_149,bbh
1812,3485,bbh_reasoning_about_colored_objects_152,bbh
1813,3486,bbh_reasoning_about_colored_objects_153,bbh
1814,3488,bbh_reasoning_about_colored_objects_155,bbh
1815,3490,bbh_reasoning_about_colored_objects_157,bbh
1816,3493,bbh_reasoning_about_colored_objects_160,bbh
1817,3495,bbh_reasoning_about_colored_objects_162,bbh
1818,3497,bbh_reasoning_about_colored_objects_164,bbh
1819,3500,bbh_reasoning_about_colored_objects_167,bbh
1820,3501,bbh_reasoning_about_colored_objects_168,bbh
1821,3502,bbh_reasoning_about_colored_objects_169,bbh
1822,3503,bbh_reasoning_about_colored_objects_170,bbh
1823,3504,bbh_reasoning_about_colored_objects_171,bbh
1824,3507,bbh_reasoning_about_colored_objects_174,bbh
1825,3508,bbh_reasoning_about_colored_objects_175,bbh
1826,3514,bbh_reasoning_about_colored_objects_181,bbh
1827,3515,bbh_reasoning_about_colored_objects_182,bbh
1828,3522,bbh_reasoning_about_colored_objects_189,bbh
1829,3523,bbh_reasoning_about_colored_objects_190,bbh
1830,3525,bbh_reasoning_about_colored_objects_192,bbh
1831,3526,bbh_reasoning_about_colored_objects_193,bbh
1832,3527,bbh_reasoning_about_colored_objects_194,bbh
1833,3528,bbh_reasoning_about_colored_objects_195,bbh
1834,3529,bbh_reasoning_about_colored_objects_196,bbh
1835,3530,bbh_reasoning_about_colored_objects_197,bbh
1836,3531,bbh_reasoning_about_colored_objects_198,bbh
1837,3532,bbh_reasoning_about_colored_objects_199,bbh
1838,3535,bbh_reasoning_about_colored_objects_202,bbh
1839,3537,bbh_reasoning_about_colored_objects_204,bbh
1840,3538,bbh_reasoning_about_colored_objects_205,bbh
1841,3540,bbh_reasoning_about_colored_objects_207,bbh
1842,3541,bbh_reasoning_about_colored_objects_208,bbh
1843,3544,bbh_reasoning_about_colored_objects_211,bbh
1844,3546,bbh_reasoning_about_colored_objects_213,bbh
1845,3547,bbh_reasoning_about_colored_objects_214,bbh
1846,3550,bbh_reasoning_about_colored_objects_217,bbh
1847,3551,bbh_reasoning_about_colored_objects_218,bbh
1848,3558,bbh_reasoning_about_colored_objects_225,bbh
1849,3559,bbh_reasoning_about_colored_objects_226,bbh
1850,3561,bbh_reasoning_about_colored_objects_228,bbh
1851,3563,bbh_reasoning_about_colored_objects_230,bbh
1852,3565,bbh_reasoning_about_colored_objects_232,bbh
1853,3568,bbh_reasoning_about_colored_objects_235,bbh
1854,3570,bbh_reasoning_about_colored_objects_237,bbh
1855,3572,bbh_reasoning_about_colored_objects_239,bbh
1856,3573,bbh_reasoning_about_colored_objects_240,bbh
1857,3575,bbh_reasoning_about_colored_objects_242,bbh
1858,3580,bbh_reasoning_about_colored_objects_247,bbh
1859,3582,bbh_reasoning_about_colored_objects_249,bbh
1860,3583,bbh_ruin_names_0,bbh
1861,3584,bbh_ruin_names_1,bbh
1862,3586,bbh_ruin_names_3,bbh
1863,3587,bbh_ruin_names_4,bbh
1864,3591,bbh_ruin_names_8,bbh
1865,3593,bbh_ruin_names_10,bbh
1866,3594,bbh_ruin_names_11,bbh
1867,3597,bbh_ruin_names_14,bbh
1868,3600,bbh_ruin_names_17,bbh
1869,3602,bbh_ruin_names_19,bbh
1870,3603,bbh_ruin_names_20,bbh
1871,3608,bbh_ruin_names_25,bbh
1872,3609,bbh_ruin_names_26,bbh
1873,3610,bbh_ruin_names_27,bbh
1874,3613,bbh_ruin_names_30,bbh
1875,3617,bbh_ruin_names_34,bbh
1876,3618,bbh_ruin_names_35,bbh
1877,3620,bbh_ruin_names_37,bbh
1878,3621,bbh_ruin_names_38,bbh
1879,3622,bbh_ruin_names_39,bbh
1880,3623,bbh_ruin_names_40,bbh
1881,3625,bbh_ruin_names_42,bbh
1882,3627,bbh_ruin_names_44,bbh
1883,3630,bbh_ruin_names_47,bbh
1884,3631,bbh_ruin_names_48,bbh
1885,3632,bbh_ruin_names_49,bbh
1886,3636,bbh_ruin_names_53,bbh
1887,3639,bbh_ruin_names_56,bbh
1888,3642,bbh_ruin_names_59,bbh
1889,3643,bbh_ruin_names_60,bbh
1890,3644,bbh_ruin_names_61,bbh
1891,3645,bbh_ruin_names_62,bbh
1892,3648,bbh_ruin_names_65,bbh
1893,3649,bbh_ruin_names_66,bbh
1894,3651,bbh_ruin_names_68,bbh
1895,3653,bbh_ruin_names_70,bbh
1896,3656,bbh_ruin_names_73,bbh
1897,3658,bbh_ruin_names_75,bbh
1898,3661,bbh_ruin_names_78,bbh
1899,3662,bbh_ruin_names_79,bbh
1900,3666,bbh_ruin_names_83,bbh
1901,3667,bbh_ruin_names_84,bbh
1902,3668,bbh_ruin_names_85,bbh
1903,3669,bbh_ruin_names_86,bbh
1904,3671,bbh_ruin_names_88,bbh
1905,3676,bbh_ruin_names_93,bbh
1906,3677,bbh_ruin_names_94,bbh
1907,3679,bbh_ruin_names_96,bbh
1908,3681,bbh_ruin_names_98,bbh
1909,3682,bbh_ruin_names_99,bbh
1910,3684,bbh_ruin_names_101,bbh
1911,3689,bbh_ruin_names_106,bbh
1912,3690,bbh_ruin_names_107,bbh
1913,3691,bbh_ruin_names_108,bbh
1914,3694,bbh_ruin_names_111,bbh
1915,3695,bbh_ruin_names_112,bbh
1916,3696,bbh_ruin_names_113,bbh
1917,3701,bbh_ruin_names_118,bbh
1918,3702,bbh_ruin_names_119,bbh
1919,3703,bbh_ruin_names_120,bbh
1920,3705,bbh_ruin_names_122,bbh
1921,3706,bbh_ruin_names_123,bbh
1922,3708,bbh_ruin_names_125,bbh
1923,3710,bbh_ruin_names_127,bbh
1924,3712,bbh_ruin_names_129,bbh
1925,3713,bbh_ruin_names_130,bbh
1926,3717,bbh_ruin_names_134,bbh
1927,3719,bbh_ruin_names_136,bbh
1928,3725,bbh_ruin_names_142,bbh
1929,3726,bbh_ruin_names_143,bbh
1930,3727,bbh_ruin_names_144,bbh
1931,3731,bbh_ruin_names_148,bbh
1932,3732,bbh_ruin_names_149,bbh
1933,3733,bbh_ruin_names_150,bbh
1934,3734,bbh_ruin_names_151,bbh
1935,3735,bbh_ruin_names_152,bbh
1936,3736,bbh_ruin_names_153,bbh
1937,3737,bbh_ruin_names_154,bbh
1938,3740,bbh_ruin_names_157,bbh
1939,3741,bbh_ruin_names_158,bbh
1940,3745,bbh_ruin_names_162,bbh
1941,3747,bbh_ruin_names_164,bbh
1942,3751,bbh_ruin_names_168,bbh
1943,3752,bbh_ruin_names_169,bbh
1944,3753,bbh_ruin_names_170,bbh
1945,3754,bbh_ruin_names_171,bbh
1946,3755,bbh_ruin_names_172,bbh
1947,3756,bbh_ruin_names_173,bbh
1948,3759,bbh_ruin_names_176,bbh
1949,3760,bbh_ruin_names_177,bbh
1950,3761,bbh_ruin_names_178,bbh
1951,3762,bbh_ruin_names_179,bbh
1952,3767,bbh_ruin_names_184,bbh
1953,3769,bbh_ruin_names_186,bbh
1954,3774,bbh_ruin_names_191,bbh
1955,3775,bbh_ruin_names_192,bbh
1956,3777,bbh_ruin_names_194,bbh
1957,3779,bbh_ruin_names_196,bbh
1958,3780,bbh_ruin_names_197,bbh
1959,3782,bbh_ruin_names_199,bbh
1960,3783,bbh_ruin_names_200,bbh
1961,3785,bbh_ruin_names_202,bbh
1962,3787,bbh_ruin_names_204,bbh
1963,3789,bbh_ruin_names_206,bbh
1964,3790,bbh_ruin_names_207,bbh
1965,3791,bbh_ruin_names_208,bbh
1966,3793,bbh_ruin_names_210,bbh
1967,3798,bbh_ruin_names_215,bbh
1968,3801,bbh_ruin_names_218,bbh
1969,3802,bbh_ruin_names_219,bbh
1970,3807,bbh_ruin_names_224,bbh
1971,3811,bbh_ruin_names_228,bbh
1972,3812,bbh_ruin_names_229,bbh
1973,3813,bbh_ruin_names_230,bbh
1974,3814,bbh_ruin_names_231,bbh
1975,3815,bbh_ruin_names_232,bbh
1976,3816,bbh_ruin_names_233,bbh
1977,3818,bbh_ruin_names_235,bbh
1978,3822,bbh_ruin_names_239,bbh
1979,3824,bbh_ruin_names_241,bbh
1980,3826,bbh_ruin_names_243,bbh
1981,3827,bbh_ruin_names_244,bbh
1982,3834,bbh_salient_translation_error_detection_1,bbh
1983,3835,bbh_salient_translation_error_detection_2,bbh
1984,3836,bbh_salient_translation_error_detection_3,bbh
1985,3838,bbh_salient_translation_error_detection_5,bbh
1986,3841,bbh_salient_translation_error_detection_8,bbh
1987,3843,bbh_salient_translation_error_detection_10,bbh
1988,3844,bbh_salient_translation_error_detection_11,bbh
1989,3845,bbh_salient_translation_error_detection_12,bbh
1990,3848,bbh_salient_translation_error_detection_15,bbh
1991,3849,bbh_salient_translation_error_detection_16,bbh
1992,3851,bbh_salient_translation_error_detection_18,bbh
1993,3857,bbh_salient_translation_error_detection_24,bbh
1994,3858,bbh_salient_translation_error_detection_25,bbh
1995,3859,bbh_salient_translation_error_detection_26,bbh
1996,3860,bbh_salient_translation_error_detection_27,bbh
1997,3861,bbh_salient_translation_error_detection_28,bbh
1998,3862,bbh_salient_translation_error_detection_29,bbh
1999,3863,bbh_salient_translation_error_detection_30,bbh
2000,3864,bbh_salient_translation_error_detection_31,bbh
2001,3868,bbh_salient_translation_error_detection_35,bbh
2002,3870,bbh_salient_translation_error_detection_37,bbh
2003,3871,bbh_salient_translation_error_detection_38,bbh
2004,3872,bbh_salient_translation_error_detection_39,bbh
2005,3873,bbh_salient_translation_error_detection_40,bbh
2006,3876,bbh_salient_translation_error_detection_43,bbh
2007,3877,bbh_salient_translation_error_detection_44,bbh
2008,3878,bbh_salient_translation_error_detection_45,bbh
2009,3879,bbh_salient_translation_error_detection_46,bbh
2010,3882,bbh_salient_translation_error_detection_49,bbh
2011,3885,bbh_salient_translation_error_detection_52,bbh
2012,3886,bbh_salient_translation_error_detection_53,bbh
2013,3889,bbh_salient_translation_error_detection_56,bbh
2014,3892,bbh_salient_translation_error_detection_59,bbh
2015,3893,bbh_salient_translation_error_detection_60,bbh
2016,3894,bbh_salient_translation_error_detection_61,bbh
2017,3895,bbh_salient_translation_error_detection_62,bbh
2018,3897,bbh_salient_translation_error_detection_64,bbh
2019,3902,bbh_salient_translation_error_detection_69,bbh
2020,3903,bbh_salient_translation_error_detection_70,bbh
2021,3904,bbh_salient_translation_error_detection_71,bbh
2022,3906,bbh_salient_translation_error_detection_73,bbh
2023,3909,bbh_salient_translation_error_detection_76,bbh
2024,3911,bbh_salient_translation_error_detection_78,bbh
2025,3912,bbh_salient_translation_error_detection_79,bbh
2026,3914,bbh_salient_translation_error_detection_81,bbh
2027,3917,bbh_salient_translation_error_detection_84,bbh
2028,3918,bbh_salient_translation_error_detection_85,bbh
2029,3919,bbh_salient_translation_error_detection_86,bbh
2030,3920,bbh_salient_translation_error_detection_87,bbh
2031,3921,bbh_salient_translation_error_detection_88,bbh
2032,3922,bbh_salient_translation_error_detection_89,bbh
2033,3923,bbh_salient_translation_error_detection_90,bbh
2034,3928,bbh_salient_translation_error_detection_95,bbh
2035,3930,bbh_salient_translation_error_detection_97,bbh
2036,3931,bbh_salient_translation_error_detection_98,bbh
2037,3934,bbh_salient_translation_error_detection_101,bbh
2038,3936,bbh_salient_translation_error_detection_103,bbh
2039,3937,bbh_salient_translation_error_detection_104,bbh
2040,3939,bbh_salient_translation_error_detection_106,bbh
2041,3941,bbh_salient_translation_error_detection_108,bbh
2042,3943,bbh_salient_translation_error_detection_110,bbh
2043,3944,bbh_salient_translation_error_detection_111,bbh
2044,3946,bbh_salient_translation_error_detection_113,bbh
2045,3947,bbh_salient_translation_error_detection_114,bbh
2046,3949,bbh_salient_translation_error_detection_116,bbh
2047,3951,bbh_salient_translation_error_detection_118,bbh
2048,3953,bbh_salient_translation_error_detection_120,bbh
2049,3954,bbh_salient_translation_error_detection_121,bbh
2050,3956,bbh_salient_translation_error_detection_123,bbh
2051,3957,bbh_salient_translation_error_detection_124,bbh
2052,3959,bbh_salient_translation_error_detection_126,bbh
2053,3961,bbh_salient_translation_error_detection_128,bbh
2054,3962,bbh_salient_translation_error_detection_129,bbh
2055,3963,bbh_salient_translation_error_detection_130,bbh
2056,3965,bbh_salient_translation_error_detection_132,bbh
2057,3966,bbh_salient_translation_error_detection_133,bbh
2058,3967,bbh_salient_translation_error_detection_134,bbh
2059,3968,bbh_salient_translation_error_detection_135,bbh
2060,3970,bbh_salient_translation_error_detection_137,bbh
2061,3971,bbh_salient_translation_error_detection_138,bbh
2062,3972,bbh_salient_translation_error_detection_139,bbh
2063,3974,bbh_salient_translation_error_detection_141,bbh
2064,3975,bbh_salient_translation_error_detection_142,bbh
2065,3977,bbh_salient_translation_error_detection_144,bbh
2066,3979,bbh_salient_translation_error_detection_146,bbh
2067,3982,bbh_salient_translation_error_detection_149,bbh
2068,3984,bbh_salient_translation_error_detection_151,bbh
2069,3987,bbh_salient_translation_error_detection_154,bbh
2070,3989,bbh_salient_translation_error_detection_156,bbh
2071,3990,bbh_salient_translation_error_detection_157,bbh
2072,3991,bbh_salient_translation_error_detection_158,bbh
2073,3993,bbh_salient_translation_error_detection_160,bbh
2074,3997,bbh_salient_translation_error_detection_164,bbh
2075,3998,bbh_salient_translation_error_detection_165,bbh
2076,3999,bbh_salient_translation_error_detection_166,bbh
2077,4000,bbh_salient_translation_error_detection_167,bbh
2078,4002,bbh_salient_translation_error_detection_169,bbh
2079,4004,bbh_salient_translation_error_detection_171,bbh
2080,4005,bbh_salient_translation_error_detection_172,bbh
2081,4008,bbh_salient_translation_error_detection_175,bbh
2082,4009,bbh_salient_translation_error_detection_176,bbh
2083,4010,bbh_salient_translation_error_detection_177,bbh
2084,4011,bbh_salient_translation_error_detection_178,bbh
2085,4013,bbh_salient_translation_error_detection_180,bbh
2086,4015,bbh_salient_translation_error_detection_182,bbh
2087,4016,bbh_salient_translation_error_detection_183,bbh
2088,4017,bbh_salient_translation_error_detection_184,bbh
2089,4020,bbh_salient_translation_error_detection_187,bbh
2090,4023,bbh_salient_translation_error_detection_190,bbh
2091,4024,bbh_salient_translation_error_detection_191,bbh
2092,4025,bbh_salient_translation_error_detection_192,bbh
2093,4029,bbh_salient_translation_error_detection_196,bbh
2094,4032,bbh_salient_translation_error_detection_199,bbh
2095,4033,bbh_salient_translation_error_detection_200,bbh
2096,4034,bbh_salient_translation_error_detection_201,bbh
2097,4035,bbh_salient_translation_error_detection_202,bbh
2098,4036,bbh_salient_translation_error_detection_203,bbh
2099,4037,bbh_salient_translation_error_detection_204,bbh
2100,4040,bbh_salient_translation_error_detection_207,bbh
2101,4041,bbh_salient_translation_error_detection_208,bbh
2102,4044,bbh_salient_translation_error_detection_211,bbh
2103,4048,bbh_salient_translation_error_detection_215,bbh
2104,4049,bbh_salient_translation_error_detection_216,bbh
2105,4050,bbh_salient_translation_error_detection_217,bbh
2106,4054,bbh_salient_translation_error_detection_221,bbh
2107,4057,bbh_salient_translation_error_detection_224,bbh
2108,4058,bbh_salient_translation_error_detection_225,bbh
2109,4059,bbh_salient_translation_error_detection_226,bbh
2110,4061,bbh_salient_translation_error_detection_228,bbh
2111,4063,bbh_salient_translation_error_detection_230,bbh
2112,4064,bbh_salient_translation_error_detection_231,bbh
2113,4065,bbh_salient_translation_error_detection_232,bbh
2114,4066,bbh_salient_translation_error_detection_233,bbh
2115,4069,bbh_salient_translation_error_detection_236,bbh
2116,4070,bbh_salient_translation_error_detection_237,bbh
2117,4071,bbh_salient_translation_error_detection_238,bbh
2118,4073,bbh_salient_translation_error_detection_240,bbh
2119,4078,bbh_salient_translation_error_detection_245,bbh
2120,4079,bbh_salient_translation_error_detection_246,bbh
2121,4080,bbh_salient_translation_error_detection_247,bbh
2122,4084,bbh_snarks_1,bbh
2123,4086,bbh_snarks_3,bbh
2124,4087,bbh_snarks_4,bbh
2125,4092,bbh_snarks_9,bbh
2126,4093,bbh_snarks_10,bbh
2127,4094,bbh_snarks_11,bbh
2128,4095,bbh_snarks_12,bbh
2129,4096,bbh_snarks_13,bbh
2130,4098,bbh_snarks_15,bbh
2131,4099,bbh_snarks_16,bbh
2132,4101,bbh_snarks_18,bbh
2133,4102,bbh_snarks_19,bbh
2134,4104,bbh_snarks_21,bbh
2135,4105,bbh_snarks_22,bbh
2136,4107,bbh_snarks_24,bbh
2137,4108,bbh_snarks_25,bbh
2138,4112,bbh_snarks_29,bbh
2139,4116,bbh_snarks_33,bbh
2140,4119,bbh_snarks_36,bbh
2141,4123,bbh_snarks_40,bbh
2142,4124,bbh_snarks_41,bbh
2143,4128,bbh_snarks_45,bbh
2144,4130,bbh_snarks_47,bbh
2145,4131,bbh_snarks_48,bbh
2146,4132,bbh_snarks_49,bbh
2147,4133,bbh_snarks_50,bbh
2148,4135,bbh_snarks_52,bbh
2149,4136,bbh_snarks_53,bbh
2150,4137,bbh_snarks_54,bbh
2151,4139,bbh_snarks_56,bbh
2152,4142,bbh_snarks_59,bbh
2153,4144,bbh_snarks_61,bbh
2154,4149,bbh_snarks_66,bbh
2155,4152,bbh_snarks_69,bbh
2156,4153,bbh_snarks_70,bbh
2157,4155,bbh_snarks_72,bbh
2158,4159,bbh_snarks_76,bbh
2159,4161,bbh_snarks_78,bbh
2160,4163,bbh_snarks_80,bbh
2161,4164,bbh_snarks_81,bbh
2162,4166,bbh_snarks_83,bbh
2163,4167,bbh_snarks_84,bbh
2164,4169,bbh_snarks_86,bbh
2165,4170,bbh_snarks_87,bbh
2166,4171,bbh_snarks_88,bbh
2167,4172,bbh_snarks_89,bbh
2168,4173,bbh_snarks_90,bbh
2169,4175,bbh_snarks_92,bbh
2170,4176,bbh_snarks_93,bbh
2171,4177,bbh_snarks_94,bbh
2172,4179,bbh_snarks_96,bbh
2173,4180,bbh_snarks_97,bbh
2174,4181,bbh_snarks_98,bbh
2175,4182,bbh_snarks_99,bbh
2176,4183,bbh_snarks_100,bbh
2177,4184,bbh_snarks_101,bbh
2178,4185,bbh_snarks_102,bbh
2179,4186,bbh_snarks_103,bbh
2180,4187,bbh_snarks_104,bbh
2181,4188,bbh_snarks_105,bbh
2182,4189,bbh_snarks_106,bbh
2183,4190,bbh_snarks_107,bbh
2184,4191,bbh_snarks_108,bbh
2185,4193,bbh_snarks_110,bbh
2186,4195,bbh_snarks_112,bbh
2187,4196,bbh_snarks_113,bbh
2188,4200,bbh_snarks_117,bbh
2189,4201,bbh_snarks_118,bbh
2190,4202,bbh_snarks_119,bbh
2191,4205,bbh_snarks_122,bbh
2192,4206,bbh_snarks_123,bbh
2193,4208,bbh_snarks_125,bbh
2194,4209,bbh_snarks_126,bbh
2195,4211,bbh_snarks_128,bbh
2196,4213,bbh_snarks_130,bbh
2197,4215,bbh_snarks_132,bbh
2198,4218,bbh_snarks_135,bbh
2199,4221,bbh_snarks_138,bbh
2200,4222,bbh_snarks_139,bbh
2201,4225,bbh_snarks_142,bbh
2202,4226,bbh_snarks_143,bbh
2203,4227,bbh_snarks_144,bbh
2204,4228,bbh_snarks_145,bbh
2205,4229,bbh_snarks_146,bbh
2206,4230,bbh_snarks_147,bbh
2207,4231,bbh_snarks_148,bbh
2208,4233,bbh_snarks_150,bbh
2209,4236,bbh_snarks_153,bbh
2210,4242,bbh_snarks_159,bbh
2211,4245,bbh_snarks_162,bbh
2212,4246,bbh_snarks_163,bbh
2213,4247,bbh_snarks_164,bbh
2214,4249,bbh_snarks_166,bbh
2215,4252,bbh_snarks_169,bbh
2216,4253,bbh_snarks_170,bbh
2217,4254,bbh_snarks_171,bbh
2218,4255,bbh_snarks_172,bbh
2219,4257,bbh_snarks_174,bbh
2220,4259,bbh_snarks_176,bbh
2221,4261,bbh_sports_understanding_0,bbh
2222,4262,bbh_sports_understanding_1,bbh
2223,4263,bbh_sports_understanding_2,bbh
2224,4264,bbh_sports_understanding_3,bbh
2225,4265,bbh_sports_understanding_4,bbh
2226,4267,bbh_sports_understanding_6,bbh
2227,4270,bbh_sports_understanding_9,bbh
2228,4271,bbh_sports_understanding_10,bbh
2229,4272,bbh_sports_understanding_11,bbh
2230,4274,bbh_sports_understanding_13,bbh
2231,4275,bbh_sports_understanding_14,bbh
2232,4276,bbh_sports_understanding_15,bbh
2233,4277,bbh_sports_understanding_16,bbh
2234,4278,bbh_sports_understanding_17,bbh
2235,4279,bbh_sports_understanding_18,bbh
2236,4280,bbh_sports_understanding_19,bbh
2237,4281,bbh_sports_understanding_20,bbh
2238,4285,bbh_sports_understanding_24,bbh
2239,4286,bbh_sports_understanding_25,bbh
2240,4287,bbh_sports_understanding_26,bbh
2241,4291,bbh_sports_understanding_30,bbh
2242,4293,bbh_sports_understanding_32,bbh
2243,4295,bbh_sports_understanding_34,bbh
2244,4298,bbh_sports_understanding_37,bbh
2245,4299,bbh_sports_understanding_38,bbh
2246,4300,bbh_sports_understanding_39,bbh
2247,4303,bbh_sports_understanding_42,bbh
2248,4305,bbh_sports_understanding_44,bbh
2249,4306,bbh_sports_understanding_45,bbh
2250,4307,bbh_sports_understanding_46,bbh
2251,4308,bbh_sports_understanding_47,bbh
2252,4310,bbh_sports_understanding_49,bbh
2253,4311,bbh_sports_understanding_50,bbh
2254,4312,bbh_sports_understanding_51,bbh
2255,4314,bbh_sports_understanding_53,bbh
2256,4316,bbh_sports_understanding_55,bbh
2257,4317,bbh_sports_understanding_56,bbh
2258,4322,bbh_sports_understanding_61,bbh
2259,4324,bbh_sports_understanding_63,bbh
2260,4326,bbh_sports_understanding_65,bbh
2261,4331,bbh_sports_understanding_70,bbh
2262,4335,bbh_sports_understanding_74,bbh
2263,4336,bbh_sports_understanding_75,bbh
2264,4339,bbh_sports_understanding_78,bbh
2265,4340,bbh_sports_understanding_79,bbh
2266,4341,bbh_sports_understanding_80,bbh
2267,4343,bbh_sports_understanding_82,bbh
2268,4344,bbh_sports_understanding_83,bbh
2269,4347,bbh_sports_understanding_86,bbh
2270,4353,bbh_sports_understanding_92,bbh
2271,4355,bbh_sports_understanding_94,bbh
2272,4358,bbh_sports_understanding_97,bbh
2273,4359,bbh_sports_understanding_98,bbh
2274,4360,bbh_sports_understanding_99,bbh
2275,4362,bbh_sports_understanding_101,bbh
2276,4364,bbh_sports_understanding_103,bbh
2277,4369,bbh_sports_understanding_108,bbh
2278,4370,bbh_sports_understanding_109,bbh
2279,4371,bbh_sports_understanding_110,bbh
2280,4372,bbh_sports_understanding_111,bbh
2281,4375,bbh_sports_understanding_114,bbh
2282,4376,bbh_sports_understanding_115,bbh
2283,4377,bbh_sports_understanding_116,bbh
2284,4378,bbh_sports_understanding_117,bbh
2285,4385,bbh_sports_understanding_124,bbh
2286,4387,bbh_sports_understanding_126,bbh
2287,4388,bbh_sports_understanding_127,bbh
2288,4389,bbh_sports_understanding_128,bbh
2289,4390,bbh_sports_understanding_129,bbh
2290,4392,bbh_sports_understanding_131,bbh
2291,4393,bbh_sports_understanding_132,bbh
2292,4394,bbh_sports_understanding_133,bbh
2293,4395,bbh_sports_understanding_134,bbh
2294,4398,bbh_sports_understanding_137,bbh
2295,4399,bbh_sports_understanding_138,bbh
2296,4400,bbh_sports_understanding_139,bbh
2297,4403,bbh_sports_understanding_142,bbh
2298,4405,bbh_sports_understanding_144,bbh
2299,4406,bbh_sports_understanding_145,bbh
2300,4409,bbh_sports_understanding_148,bbh
2301,4410,bbh_sports_understanding_149,bbh
2302,4411,bbh_sports_understanding_150,bbh
2303,4412,bbh_sports_understanding_151,bbh
2304,4413,bbh_sports_understanding_152,bbh
2305,4415,bbh_sports_understanding_154,bbh
2306,4417,bbh_sports_understanding_156,bbh
2307,4420,bbh_sports_understanding_159,bbh
2308,4421,bbh_sports_understanding_160,bbh
2309,4422,bbh_sports_understanding_161,bbh
2310,4424,bbh_sports_understanding_163,bbh
2311,4425,bbh_sports_understanding_164,bbh
2312,4426,bbh_sports_understanding_165,bbh
2313,4430,bbh_sports_understanding_169,bbh
2314,4433,bbh_sports_understanding_172,bbh
2315,4434,bbh_sports_understanding_173,bbh
2316,4435,bbh_sports_understanding_174,bbh
2317,4440,bbh_sports_understanding_179,bbh
2318,4441,bbh_sports_understanding_180,bbh
2319,4442,bbh_sports_understanding_181,bbh
2320,4444,bbh_sports_understanding_183,bbh
2321,4445,bbh_sports_understanding_184,bbh
2322,4447,bbh_sports_understanding_186,bbh
2323,4448,bbh_sports_understanding_187,bbh
2324,4450,bbh_sports_understanding_189,bbh
2325,4451,bbh_sports_understanding_190,bbh
2326,4452,bbh_sports_understanding_191,bbh
2327,4453,bbh_sports_understanding_192,bbh
2328,4455,bbh_sports_understanding_194,bbh
2329,4458,bbh_sports_understanding_197,bbh
2330,4460,bbh_sports_understanding_199,bbh
2331,4461,bbh_sports_understanding_200,bbh
2332,4462,bbh_sports_understanding_201,bbh
2333,4463,bbh_sports_understanding_202,bbh
2334,4464,bbh_sports_understanding_203,bbh
2335,4467,bbh_sports_understanding_206,bbh
2336,4470,bbh_sports_understanding_209,bbh
2337,4476,bbh_sports_understanding_215,bbh
2338,4478,bbh_sports_understanding_217,bbh
2339,4480,bbh_sports_understanding_219,bbh
2340,4482,bbh_sports_understanding_221,bbh
2341,4484,bbh_sports_understanding_223,bbh
2342,4485,bbh_sports_understanding_224,bbh
2343,4489,bbh_sports_understanding_228,bbh
2344,4490,bbh_sports_understanding_229,bbh
2345,4493,bbh_sports_understanding_232,bbh
2346,4496,bbh_sports_understanding_235,bbh
2347,4500,bbh_sports_understanding_239,bbh
2348,4501,bbh_sports_understanding_240,bbh
2349,4502,bbh_sports_understanding_241,bbh
2350,4511,bbh_temporal_sequences_0,bbh
2351,4512,bbh_temporal_sequences_1,bbh
2352,4513,bbh_temporal_sequences_2,bbh
2353,4516,bbh_temporal_sequences_5,bbh
2354,4517,bbh_temporal_sequences_6,bbh
2355,4518,bbh_temporal_sequences_7,bbh
2356,4519,bbh_temporal_sequences_8,bbh
2357,4520,bbh_temporal_sequences_9,bbh
2358,4526,bbh_temporal_sequences_15,bbh
2359,4528,bbh_temporal_sequences_17,bbh
2360,4530,bbh_temporal_sequences_19,bbh
2361,4532,bbh_temporal_sequences_21,bbh
2362,4534,bbh_temporal_sequences_23,bbh
2363,4535,bbh_temporal_sequences_24,bbh
2364,4536,bbh_temporal_sequences_25,bbh
2365,4537,bbh_temporal_sequences_26,bbh
2366,4538,bbh_temporal_sequences_27,bbh
2367,4539,bbh_temporal_sequences_28,bbh
2368,4541,bbh_temporal_sequences_30,bbh
2369,4542,bbh_temporal_sequences_31,bbh
2370,4544,bbh_temporal_sequences_33,bbh
2371,4546,bbh_temporal_sequences_35,bbh
2372,4547,bbh_temporal_sequences_36,bbh
2373,4552,bbh_temporal_sequences_41,bbh
2374,4553,bbh_temporal_sequences_42,bbh
2375,4554,bbh_temporal_sequences_43,bbh
2376,4556,bbh_temporal_sequences_45,bbh
2377,4557,bbh_temporal_sequences_46,bbh
2378,4558,bbh_temporal_sequences_47,bbh
2379,4560,bbh_temporal_sequences_49,bbh
2380,4562,bbh_temporal_sequences_51,bbh
2381,4564,bbh_temporal_sequences_53,bbh
2382,4565,bbh_temporal_sequences_54,bbh
2383,4567,bbh_temporal_sequences_56,bbh
2384,4569,bbh_temporal_sequences_58,bbh
2385,4571,bbh_temporal_sequences_60,bbh
2386,4572,bbh_temporal_sequences_61,bbh
2387,4577,bbh_temporal_sequences_66,bbh
2388,4579,bbh_temporal_sequences_68,bbh
2389,4580,bbh_temporal_sequences_69,bbh
2390,4581,bbh_temporal_sequences_70,bbh
2391,4582,bbh_temporal_sequences_71,bbh
2392,4583,bbh_temporal_sequences_72,bbh
2393,4585,bbh_temporal_sequences_74,bbh
2394,4586,bbh_temporal_sequences_75,bbh
2395,4587,bbh_temporal_sequences_76,bbh
2396,4588,bbh_temporal_sequences_77,bbh
2397,4592,bbh_temporal_sequences_81,bbh
2398,4594,bbh_temporal_sequences_83,bbh
2399,4598,bbh_temporal_sequences_87,bbh
2400,4599,bbh_temporal_sequences_88,bbh
2401,4600,bbh_temporal_sequences_89,bbh
2402,4602,bbh_temporal_sequences_91,bbh
2403,4603,bbh_temporal_sequences_92,bbh
2404,4604,bbh_temporal_sequences_93,bbh
2405,4605,bbh_temporal_sequences_94,bbh
2406,4607,bbh_temporal_sequences_96,bbh
2407,4609,bbh_temporal_sequences_98,bbh
2408,4611,bbh_temporal_sequences_100,bbh
2409,4612,bbh_temporal_sequences_101,bbh
2410,4617,bbh_temporal_sequences_106,bbh
2411,4619,bbh_temporal_sequences_108,bbh
2412,4621,bbh_temporal_sequences_110,bbh
2413,4622,bbh_temporal_sequences_111,bbh
2414,4623,bbh_temporal_sequences_112,bbh
2415,4626,bbh_temporal_sequences_115,bbh
2416,4627,bbh_temporal_sequences_116,bbh
2417,4629,bbh_temporal_sequences_118,bbh
2418,4632,bbh_temporal_sequences_121,bbh
2419,4635,bbh_temporal_sequences_124,bbh
2420,4636,bbh_temporal_sequences_125,bbh
2421,4638,bbh_temporal_sequences_127,bbh
2422,4641,bbh_temporal_sequences_130,bbh
2423,4642,bbh_temporal_sequences_131,bbh
2424,4643,bbh_temporal_sequences_132,bbh
2425,4649,bbh_temporal_sequences_138,bbh
2426,4650,bbh_temporal_sequences_139,bbh
2427,4651,bbh_temporal_sequences_140,bbh
2428,4652,bbh_temporal_sequences_141,bbh
2429,4654,bbh_temporal_sequences_143,bbh
2430,4656,bbh_temporal_sequences_145,bbh
2431,4658,bbh_temporal_sequences_147,bbh
2432,4659,bbh_temporal_sequences_148,bbh
2433,4660,bbh_temporal_sequences_149,bbh
2434,4661,bbh_temporal_sequences_150,bbh
2435,4666,bbh_temporal_sequences_155,bbh
2436,4674,bbh_temporal_sequences_163,bbh
2437,4677,bbh_temporal_sequences_166,bbh
2438,4678,bbh_temporal_sequences_167,bbh
2439,4681,bbh_temporal_sequences_170,bbh
2440,4682,bbh_temporal_sequences_171,bbh
2441,4685,bbh_temporal_sequences_174,bbh
2442,4687,bbh_temporal_sequences_176,bbh
2443,4689,bbh_temporal_sequences_178,bbh
2444,4694,bbh_temporal_sequences_183,bbh
2445,4695,bbh_temporal_sequences_184,bbh
2446,4696,bbh_temporal_sequences_185,bbh
2447,4697,bbh_temporal_sequences_186,bbh
2448,4699,bbh_temporal_sequences_188,bbh
2449,4700,bbh_temporal_sequences_189,bbh
2450,4701,bbh_temporal_sequences_190,bbh
2451,4704,bbh_temporal_sequences_193,bbh
2452,4706,bbh_temporal_sequences_195,bbh
2453,4709,bbh_temporal_sequences_198,bbh
2454,4713,bbh_temporal_sequences_202,bbh
2455,4714,bbh_temporal_sequences_203,bbh
2456,4715,bbh_temporal_sequences_204,bbh
2457,4716,bbh_temporal_sequences_205,bbh
2458,4717,bbh_temporal_sequences_206,bbh
2459,4721,bbh_temporal_sequences_210,bbh
2460,4722,bbh_temporal_sequences_211,bbh
2461,4723,bbh_temporal_sequences_212,bbh
2462,4724,bbh_temporal_sequences_213,bbh
2463,4726,bbh_temporal_sequences_215,bbh
2464,4729,bbh_temporal_sequences_218,bbh
2465,4731,bbh_temporal_sequences_220,bbh
2466,4732,bbh_temporal_sequences_221,bbh
2467,4735,bbh_temporal_sequences_224,bbh
2468,4736,bbh_temporal_sequences_225,bbh
2469,4737,bbh_temporal_sequences_226,bbh
2470,4738,bbh_temporal_sequences_227,bbh
2471,4739,bbh_temporal_sequences_228,bbh
2472,4740,bbh_temporal_sequences_229,bbh
2473,4741,bbh_temporal_sequences_230,bbh
2474,4742,bbh_temporal_sequences_231,bbh
2475,4744,bbh_temporal_sequences_233,bbh
2476,4745,bbh_temporal_sequences_234,bbh
2477,4747,bbh_temporal_sequences_236,bbh
2478,4748,bbh_temporal_sequences_237,bbh
2479,4750,bbh_temporal_sequences_239,bbh
2480,4752,bbh_temporal_sequences_241,bbh
2481,4753,bbh_temporal_sequences_242,bbh
2482,4755,bbh_temporal_sequences_244,bbh
2483,4758,bbh_temporal_sequences_247,bbh
2484,4759,bbh_temporal_sequences_248,bbh
2485,4760,bbh_temporal_sequences_249,bbh
2486,4761,bbh_tracking_shuffled_objects_five_objects_0,bbh
2487,4763,bbh_tracking_shuffled_objects_five_objects_2,bbh
2488,4765,bbh_tracking_shuffled_objects_five_objects_4,bbh
2489,4766,bbh_tracking_shuffled_objects_five_objects_5,bbh
2490,4767,bbh_tracking_shuffled_objects_five_objects_6,bbh
2491,4768,bbh_tracking_shuffled_objects_five_objects_7,bbh
2492,4772,bbh_tracking_shuffled_objects_five_objects_11,bbh
2493,4773,bbh_tracking_shuffled_objects_five_objects_12,bbh
2494,4774,bbh_tracking_shuffled_objects_five_objects_13,bbh
2495,4775,bbh_tracking_shuffled_objects_five_objects_14,bbh
2496,4777,bbh_tracking_shuffled_objects_five_objects_16,bbh
2497,4778,bbh_tracking_shuffled_objects_five_objects_17,bbh
2498,4779,bbh_tracking_shuffled_objects_five_objects_18,bbh
2499,4780,bbh_tracking_shuffled_objects_five_objects_19,bbh
2500,4781,bbh_tracking_shuffled_objects_five_objects_20,bbh
2501,4783,bbh_tracking_shuffled_objects_five_objects_22,bbh
2502,4786,bbh_tracking_shuffled_objects_five_objects_25,bbh
2503,4787,bbh_tracking_shuffled_objects_five_objects_26,bbh
2504,4788,bbh_tracking_shuffled_objects_five_objects_27,bbh
2505,4792,bbh_tracking_shuffled_objects_five_objects_31,bbh
2506,4794,bbh_tracking_shuffled_objects_five_objects_33,bbh
2507,4795,bbh_tracking_shuffled_objects_five_objects_34,bbh
2508,4797,bbh_tracking_shuffled_objects_five_objects_36,bbh
2509,4798,bbh_tracking_shuffled_objects_five_objects_37,bbh
2510,4800,bbh_tracking_shuffled_objects_five_objects_39,bbh
2511,4802,bbh_tracking_shuffled_objects_five_objects_41,bbh
2512,4803,bbh_tracking_shuffled_objects_five_objects_42,bbh
2513,4806,bbh_tracking_shuffled_objects_five_objects_45,bbh
2514,4807,bbh_tracking_shuffled_objects_five_objects_46,bbh
2515,4808,bbh_tracking_shuffled_objects_five_objects_47,bbh
2516,4810,bbh_tracking_shuffled_objects_five_objects_49,bbh
2517,4812,bbh_tracking_shuffled_objects_five_objects_51,bbh
2518,4813,bbh_tracking_shuffled_objects_five_objects_52,bbh
2519,4814,bbh_tracking_shuffled_objects_five_objects_53,bbh
2520,4815,bbh_tracking_shuffled_objects_five_objects_54,bbh
2521,4817,bbh_tracking_shuffled_objects_five_objects_56,bbh
2522,4818,bbh_tracking_shuffled_objects_five_objects_57,bbh
2523,4819,bbh_tracking_shuffled_objects_five_objects_58,bbh
2524,4822,bbh_tracking_shuffled_objects_five_objects_61,bbh
2525,4823,bbh_tracking_shuffled_objects_five_objects_62,bbh
2526,4824,bbh_tracking_shuffled_objects_five_objects_63,bbh
2527,4825,bbh_tracking_shuffled_objects_five_objects_64,bbh
2528,4828,bbh_tracking_shuffled_objects_five_objects_67,bbh
2529,4830,bbh_tracking_shuffled_objects_five_objects_69,bbh
2530,4831,bbh_tracking_shuffled_objects_five_objects_70,bbh
2531,4833,bbh_tracking_shuffled_objects_five_objects_72,bbh
2532,4834,bbh_tracking_shuffled_objects_five_objects_73,bbh
2533,4835,bbh_tracking_shuffled_objects_five_objects_74,bbh
2534,4837,bbh_tracking_shuffled_objects_five_objects_76,bbh
2535,4838,bbh_tracking_shuffled_objects_five_objects_77,bbh
2536,4846,bbh_tracking_shuffled_objects_five_objects_85,bbh
2537,4847,bbh_tracking_shuffled_objects_five_objects_86,bbh
2538,4848,bbh_tracking_shuffled_objects_five_objects_87,bbh
2539,4849,bbh_tracking_shuffled_objects_five_objects_88,bbh
2540,4850,bbh_tracking_shuffled_objects_five_objects_89,bbh
2541,4851,bbh_tracking_shuffled_objects_five_objects_90,bbh
2542,4852,bbh_tracking_shuffled_objects_five_objects_91,bbh
2543,4854,bbh_tracking_shuffled_objects_five_objects_93,bbh
2544,4856,bbh_tracking_shuffled_objects_five_objects_95,bbh
2545,4858,bbh_tracking_shuffled_objects_five_objects_97,bbh
2546,4866,bbh_tracking_shuffled_objects_five_objects_105,bbh
2547,4869,bbh_tracking_shuffled_objects_five_objects_108,bbh
2548,4870,bbh_tracking_shuffled_objects_five_objects_109,bbh
2549,4871,bbh_tracking_shuffled_objects_five_objects_110,bbh
2550,4873,bbh_tracking_shuffled_objects_five_objects_112,bbh
2551,4876,bbh_tracking_shuffled_objects_five_objects_115,bbh
2552,4883,bbh_tracking_shuffled_objects_five_objects_122,bbh
2553,4886,bbh_tracking_shuffled_objects_five_objects_125,bbh
2554,4888,bbh_tracking_shuffled_objects_five_objects_127,bbh
2555,4889,bbh_tracking_shuffled_objects_five_objects_128,bbh
2556,4892,bbh_tracking_shuffled_objects_five_objects_131,bbh
2557,4894,bbh_tracking_shuffled_objects_five_objects_133,bbh
2558,4896,bbh_tracking_shuffled_objects_five_objects_135,bbh
2559,4897,bbh_tracking_shuffled_objects_five_objects_136,bbh
2560,4899,bbh_tracking_shuffled_objects_five_objects_138,bbh
2561,4900,bbh_tracking_shuffled_objects_five_objects_139,bbh
2562,4901,bbh_tracking_shuffled_objects_five_objects_140,bbh
2563,4905,bbh_tracking_shuffled_objects_five_objects_144,bbh
2564,4909,bbh_tracking_shuffled_objects_five_objects_148,bbh
2565,4910,bbh_tracking_shuffled_objects_five_objects_149,bbh
2566,4913,bbh_tracking_shuffled_objects_five_objects_152,bbh
2567,4915,bbh_tracking_shuffled_objects_five_objects_154,bbh
2568,4917,bbh_tracking_shuffled_objects_five_objects_156,bbh
2569,4920,bbh_tracking_shuffled_objects_five_objects_159,bbh
2570,4923,bbh_tracking_shuffled_objects_five_objects_162,bbh
2571,4926,bbh_tracking_shuffled_objects_five_objects_165,bbh
2572,4927,bbh_tracking_shuffled_objects_five_objects_166,bbh
2573,4929,bbh_tracking_shuffled_objects_five_objects_168,bbh
2574,4930,bbh_tracking_shuffled_objects_five_objects_169,bbh
2575,4932,bbh_tracking_shuffled_objects_five_objects_171,bbh
2576,4933,bbh_tracking_shuffled_objects_five_objects_172,bbh
2577,4936,bbh_tracking_shuffled_objects_five_objects_175,bbh
2578,4937,bbh_tracking_shuffled_objects_five_objects_176,bbh
2579,4938,bbh_tracking_shuffled_objects_five_objects_177,bbh
2580,4940,bbh_tracking_shuffled_objects_five_objects_179,bbh
2581,4946,bbh_tracking_shuffled_objects_five_objects_185,bbh
2582,4949,bbh_tracking_shuffled_objects_five_objects_188,bbh
2583,4951,bbh_tracking_shuffled_objects_five_objects_190,bbh
2584,4952,bbh_tracking_shuffled_objects_five_objects_191,bbh
2585,4953,bbh_tracking_shuffled_objects_five_objects_192,bbh
2586,4954,bbh_tracking_shuffled_objects_five_objects_193,bbh
2587,4956,bbh_tracking_shuffled_objects_five_objects_195,bbh
2588,4957,bbh_tracking_shuffled_objects_five_objects_196,bbh
2589,4958,bbh_tracking_shuffled_objects_five_objects_197,bbh
2590,4959,bbh_tracking_shuffled_objects_five_objects_198,bbh
2591,4960,bbh_tracking_shuffled_objects_five_objects_199,bbh
2592,4962,bbh_tracking_shuffled_objects_five_objects_201,bbh
2593,4964,bbh_tracking_shuffled_objects_five_objects_203,bbh
2594,4966,bbh_tracking_shuffled_objects_five_objects_205,bbh
2595,4967,bbh_tracking_shuffled_objects_five_objects_206,bbh
2596,4971,bbh_tracking_shuffled_objects_five_objects_210,bbh
2597,4973,bbh_tracking_shuffled_objects_five_objects_212,bbh
2598,4974,bbh_tracking_shuffled_objects_five_objects_213,bbh
2599,4976,bbh_tracking_shuffled_objects_five_objects_215,bbh
2600,4977,bbh_tracking_shuffled_objects_five_objects_216,bbh
2601,4979,bbh_tracking_shuffled_objects_five_objects_218,bbh
2602,4980,bbh_tracking_shuffled_objects_five_objects_219,bbh
2603,4984,bbh_tracking_shuffled_objects_five_objects_223,bbh
2604,4990,bbh_tracking_shuffled_objects_five_objects_229,bbh
2605,4993,bbh_tracking_shuffled_objects_five_objects_232,bbh
2606,4996,bbh_tracking_shuffled_objects_five_objects_235,bbh
2607,4997,bbh_tracking_shuffled_objects_five_objects_236,bbh
2608,4998,bbh_tracking_shuffled_objects_five_objects_237,bbh
2609,5002,bbh_tracking_shuffled_objects_five_objects_241,bbh
2610,5005,bbh_tracking_shuffled_objects_five_objects_244,bbh
2611,5006,bbh_tracking_shuffled_objects_five_objects_245,bbh
2612,5012,bbh_tracking_shuffled_objects_seven_objects_1,bbh
2613,5013,bbh_tracking_shuffled_objects_seven_objects_2,bbh
2614,5014,bbh_tracking_shuffled_objects_seven_objects_3,bbh
2615,5015,bbh_tracking_shuffled_objects_seven_objects_4,bbh
2616,5016,bbh_tracking_shuffled_objects_seven_objects_5,bbh
2617,5017,bbh_tracking_shuffled_objects_seven_objects_6,bbh
2618,5019,bbh_tracking_shuffled_objects_seven_objects_8,bbh
2619,5024,bbh_tracking_shuffled_objects_seven_objects_13,bbh
2620,5025,bbh_tracking_shuffled_objects_seven_objects_14,bbh
2621,5026,bbh_tracking_shuffled_objects_seven_objects_15,bbh
2622,5027,bbh_tracking_shuffled_objects_seven_objects_16,bbh
2623,5031,bbh_tracking_shuffled_objects_seven_objects_20,bbh
2624,5037,bbh_tracking_shuffled_objects_seven_objects_26,bbh
2625,5043,bbh_tracking_shuffled_objects_seven_objects_32,bbh
2626,5044,bbh_tracking_shuffled_objects_seven_objects_33,bbh
2627,5045,bbh_tracking_shuffled_objects_seven_objects_34,bbh
2628,5046,bbh_tracking_shuffled_objects_seven_objects_35,bbh
2629,5048,bbh_tracking_shuffled_objects_seven_objects_37,bbh
2630,5051,bbh_tracking_shuffled_objects_seven_objects_40,bbh
2631,5053,bbh_tracking_shuffled_objects_seven_objects_42,bbh
2632,5054,bbh_tracking_shuffled_objects_seven_objects_43,bbh
2633,5056,bbh_tracking_shuffled_objects_seven_objects_45,bbh
2634,5058,bbh_tracking_shuffled_objects_seven_objects_47,bbh
2635,5062,bbh_tracking_shuffled_objects_seven_objects_51,bbh
2636,5063,bbh_tracking_shuffled_objects_seven_objects_52,bbh
2637,5065,bbh_tracking_shuffled_objects_seven_objects_54,bbh
2638,5066,bbh_tracking_shuffled_objects_seven_objects_55,bbh
2639,5068,bbh_tracking_shuffled_objects_seven_objects_57,bbh
2640,5071,bbh_tracking_shuffled_objects_seven_objects_60,bbh
2641,5072,bbh_tracking_shuffled_objects_seven_objects_61,bbh
2642,5073,bbh_tracking_shuffled_objects_seven_objects_62,bbh
2643,5075,bbh_tracking_shuffled_objects_seven_objects_64,bbh
2644,5076,bbh_tracking_shuffled_objects_seven_objects_65,bbh
2645,5077,bbh_tracking_shuffled_objects_seven_objects_66,bbh
2646,5081,bbh_tracking_shuffled_objects_seven_objects_70,bbh
2647,5082,bbh_tracking_shuffled_objects_seven_objects_71,bbh
2648,5083,bbh_tracking_shuffled_objects_seven_objects_72,bbh
2649,5084,bbh_tracking_shuffled_objects_seven_objects_73,bbh
2650,5085,bbh_tracking_shuffled_objects_seven_objects_74,bbh
2651,5086,bbh_tracking_shuffled_objects_seven_objects_75,bbh
2652,5091,bbh_tracking_shuffled_objects_seven_objects_80,bbh
2653,5093,bbh_tracking_shuffled_objects_seven_objects_82,bbh
2654,5094,bbh_tracking_shuffled_objects_seven_objects_83,bbh
2655,5096,bbh_tracking_shuffled_objects_seven_objects_85,bbh
2656,5098,bbh_tracking_shuffled_objects_seven_objects_87,bbh
2657,5102,bbh_tracking_shuffled_objects_seven_objects_91,bbh
2658,5106,bbh_tracking_shuffled_objects_seven_objects_95,bbh
2659,5107,bbh_tracking_shuffled_objects_seven_objects_96,bbh
2660,5109,bbh_tracking_shuffled_objects_seven_objects_98,bbh
2661,5112,bbh_tracking_shuffled_objects_seven_objects_101,bbh
2662,5113,bbh_tracking_shuffled_objects_seven_objects_102,bbh
2663,5114,bbh_tracking_shuffled_objects_seven_objects_103,bbh
2664,5117,bbh_tracking_shuffled_objects_seven_objects_106,bbh
2665,5119,bbh_tracking_shuffled_objects_seven_objects_108,bbh
2666,5120,bbh_tracking_shuffled_objects_seven_objects_109,bbh
2667,5124,bbh_tracking_shuffled_objects_seven_objects_113,bbh
2668,5126,bbh_tracking_shuffled_objects_seven_objects_115,bbh
2669,5128,bbh_tracking_shuffled_objects_seven_objects_117,bbh
2670,5129,bbh_tracking_shuffled_objects_seven_objects_118,bbh
2671,5130,bbh_tracking_shuffled_objects_seven_objects_119,bbh
2672,5131,bbh_tracking_shuffled_objects_seven_objects_120,bbh
2673,5133,bbh_tracking_shuffled_objects_seven_objects_122,bbh
2674,5134,bbh_tracking_shuffled_objects_seven_objects_123,bbh
2675,5138,bbh_tracking_shuffled_objects_seven_objects_127,bbh
2676,5142,bbh_tracking_shuffled_objects_seven_objects_131,bbh
2677,5143,bbh_tracking_shuffled_objects_seven_objects_132,bbh
2678,5144,bbh_tracking_shuffled_objects_seven_objects_133,bbh
2679,5145,bbh_tracking_shuffled_objects_seven_objects_134,bbh
2680,5146,bbh_tracking_shuffled_objects_seven_objects_135,bbh
2681,5149,bbh_tracking_shuffled_objects_seven_objects_138,bbh
2682,5150,bbh_tracking_shuffled_objects_seven_objects_139,bbh
2683,5153,bbh_tracking_shuffled_objects_seven_objects_142,bbh
2684,5155,bbh_tracking_shuffled_objects_seven_objects_144,bbh
2685,5158,bbh_tracking_shuffled_objects_seven_objects_147,bbh
2686,5159,bbh_tracking_shuffled_objects_seven_objects_148,bbh
2687,5161,bbh_tracking_shuffled_objects_seven_objects_150,bbh
2688,5162,bbh_tracking_shuffled_objects_seven_objects_151,bbh
2689,5164,bbh_tracking_shuffled_objects_seven_objects_153,bbh
2690,5167,bbh_tracking_shuffled_objects_seven_objects_156,bbh
2691,5169,bbh_tracking_shuffled_objects_seven_objects_158,bbh
2692,5170,bbh_tracking_shuffled_objects_seven_objects_159,bbh
2693,5172,bbh_tracking_shuffled_objects_seven_objects_161,bbh
2694,5173,bbh_tracking_shuffled_objects_seven_objects_162,bbh
2695,5174,bbh_tracking_shuffled_objects_seven_objects_163,bbh
2696,5177,bbh_tracking_shuffled_objects_seven_objects_166,bbh
2697,5184,bbh_tracking_shuffled_objects_seven_objects_173,bbh
2698,5185,bbh_tracking_shuffled_objects_seven_objects_174,bbh
2699,5187,bbh_tracking_shuffled_objects_seven_objects_176,bbh
2700,5188,bbh_tracking_shuffled_objects_seven_objects_177,bbh
2701,5190,bbh_tracking_shuffled_objects_seven_objects_179,bbh
2702,5191,bbh_tracking_shuffled_objects_seven_objects_180,bbh
2703,5192,bbh_tracking_shuffled_objects_seven_objects_181,bbh
2704,5193,bbh_tracking_shuffled_objects_seven_objects_182,bbh
2705,5194,bbh_tracking_shuffled_objects_seven_objects_183,bbh
2706,5196,bbh_tracking_shuffled_objects_seven_objects_185,bbh
2707,5198,bbh_tracking_shuffled_objects_seven_objects_187,bbh
2708,5200,bbh_tracking_shuffled_objects_seven_objects_189,bbh
2709,5203,bbh_tracking_shuffled_objects_seven_objects_192,bbh
2710,5204,bbh_tracking_shuffled_objects_seven_objects_193,bbh
2711,5205,bbh_tracking_shuffled_objects_seven_objects_194,bbh
2712,5206,bbh_tracking_shuffled_objects_seven_objects_195,bbh
2713,5207,bbh_tracking_shuffled_objects_seven_objects_196,bbh
2714,5209,bbh_tracking_shuffled_objects_seven_objects_198,bbh
2715,5212,bbh_tracking_shuffled_objects_seven_objects_201,bbh
2716,5213,bbh_tracking_shuffled_objects_seven_objects_202,bbh
2717,5214,bbh_tracking_shuffled_objects_seven_objects_203,bbh
2718,5217,bbh_tracking_shuffled_objects_seven_objects_206,bbh
2719,5221,bbh_tracking_shuffled_objects_seven_objects_210,bbh
2720,5223,bbh_tracking_shuffled_objects_seven_objects_212,bbh
2721,5225,bbh_tracking_shuffled_objects_seven_objects_214,bbh
2722,5226,bbh_tracking_shuffled_objects_seven_objects_215,bbh
2723,5227,bbh_tracking_shuffled_objects_seven_objects_216,bbh
2724,5232,bbh_tracking_shuffled_objects_seven_objects_221,bbh
2725,5233,bbh_tracking_shuffled_objects_seven_objects_222,bbh
2726,5235,bbh_tracking_shuffled_objects_seven_objects_224,bbh
2727,5238,bbh_tracking_shuffled_objects_seven_objects_227,bbh
2728,5240,bbh_tracking_shuffled_objects_seven_objects_229,bbh
2729,5243,bbh_tracking_shuffled_objects_seven_objects_232,bbh
2730,5244,bbh_tracking_shuffled_objects_seven_objects_233,bbh
2731,5248,bbh_tracking_shuffled_objects_seven_objects_237,bbh
2732,5250,bbh_tracking_shuffled_objects_seven_objects_239,bbh
2733,5252,bbh_tracking_shuffled_objects_seven_objects_241,bbh
2734,5257,bbh_tracking_shuffled_objects_seven_objects_246,bbh
2735,5258,bbh_tracking_shuffled_objects_seven_objects_247,bbh
2736,5259,bbh_tracking_shuffled_objects_seven_objects_248,bbh
2737,5260,bbh_tracking_shuffled_objects_seven_objects_249,bbh
2738,5261,bbh_tracking_shuffled_objects_three_objects_0,bbh
2739,5263,bbh_tracking_shuffled_objects_three_objects_2,bbh
2740,5264,bbh_tracking_shuffled_objects_three_objects_3,bbh
2741,5266,bbh_tracking_shuffled_objects_three_objects_5,bbh
2742,5267,bbh_tracking_shuffled_objects_three_objects_6,bbh
2743,5268,bbh_tracking_shuffled_objects_three_objects_7,bbh
2744,5271,bbh_tracking_shuffled_objects_three_objects_10,bbh
2745,5272,bbh_tracking_shuffled_objects_three_objects_11,bbh
2746,5273,bbh_tracking_shuffled_objects_three_objects_12,bbh
2747,5276,bbh_tracking_shuffled_objects_three_objects_15,bbh
2748,5280,bbh_tracking_shuffled_objects_three_objects_19,bbh
2749,5282,bbh_tracking_shuffled_objects_three_objects_21,bbh
2750,5284,bbh_tracking_shuffled_objects_three_objects_23,bbh
2751,5285,bbh_tracking_shuffled_objects_three_objects_24,bbh
2752,5286,bbh_tracking_shuffled_objects_three_objects_25,bbh
2753,5287,bbh_tracking_shuffled_objects_three_objects_26,bbh
2754,5288,bbh_tracking_shuffled_objects_three_objects_27,bbh
2755,5289,bbh_tracking_shuffled_objects_three_objects_28,bbh
2756,5290,bbh_tracking_shuffled_objects_three_objects_29,bbh
2757,5291,bbh_tracking_shuffled_objects_three_objects_30,bbh
2758,5293,bbh_tracking_shuffled_objects_three_objects_32,bbh
2759,5297,bbh_tracking_shuffled_objects_three_objects_36,bbh
2760,5299,bbh_tracking_shuffled_objects_three_objects_38,bbh
2761,5301,bbh_tracking_shuffled_objects_three_objects_40,bbh
2762,5304,bbh_tracking_shuffled_objects_three_objects_43,bbh
2763,5305,bbh_tracking_shuffled_objects_three_objects_44,bbh
2764,5306,bbh_tracking_shuffled_objects_three_objects_45,bbh
2765,5308,bbh_tracking_shuffled_objects_three_objects_47,bbh
2766,5309,bbh_tracking_shuffled_objects_three_objects_48,bbh
2767,5310,bbh_tracking_shuffled_objects_three_objects_49,bbh
2768,5311,bbh_tracking_shuffled_objects_three_objects_50,bbh
2769,5312,bbh_tracking_shuffled_objects_three_objects_51,bbh
2770,5313,bbh_tracking_shuffled_objects_three_objects_52,bbh
2771,5314,bbh_tracking_shuffled_objects_three_objects_53,bbh
2772,5315,bbh_tracking_shuffled_objects_three_objects_54,bbh
2773,5316,bbh_tracking_shuffled_objects_three_objects_55,bbh
2774,5317,bbh_tracking_shuffled_objects_three_objects_56,bbh
2775,5318,bbh_tracking_shuffled_objects_three_objects_57,bbh
2776,5320,bbh_tracking_shuffled_objects_three_objects_59,bbh
2777,5322,bbh_tracking_shuffled_objects_three_objects_61,bbh
2778,5324,bbh_tracking_shuffled_objects_three_objects_63,bbh
2779,5327,bbh_tracking_shuffled_objects_three_objects_66,bbh
2780,5328,bbh_tracking_shuffled_objects_three_objects_67,bbh
2781,5329,bbh_tracking_shuffled_objects_three_objects_68,bbh
2782,5330,bbh_tracking_shuffled_objects_three_objects_69,bbh
2783,5332,bbh_tracking_shuffled_objects_three_objects_71,bbh
2784,5334,bbh_tracking_shuffled_objects_three_objects_73,bbh
2785,5335,bbh_tracking_shuffled_objects_three_objects_74,bbh
2786,5337,bbh_tracking_shuffled_objects_three_objects_76,bbh
2787,5339,bbh_tracking_shuffled_objects_three_objects_78,bbh
2788,5347,bbh_tracking_shuffled_objects_three_objects_86,bbh
2789,5348,bbh_tracking_shuffled_objects_three_objects_87,bbh
2790,5349,bbh_tracking_shuffled_objects_three_objects_88,bbh
2791,5350,bbh_tracking_shuffled_objects_three_objects_89,bbh
2792,5352,bbh_tracking_shuffled_objects_three_objects_91,bbh
2793,5355,bbh_tracking_shuffled_objects_three_objects_94,bbh
2794,5357,bbh_tracking_shuffled_objects_three_objects_96,bbh
2795,5358,bbh_tracking_shuffled_objects_three_objects_97,bbh
2796,5359,bbh_tracking_shuffled_objects_three_objects_98,bbh
2797,5361,bbh_tracking_shuffled_objects_three_objects_100,bbh
2798,5364,bbh_tracking_shuffled_objects_three_objects_103,bbh
2799,5366,bbh_tracking_shuffled_objects_three_objects_105,bbh
2800,5367,bbh_tracking_shuffled_objects_three_objects_106,bbh
2801,5368,bbh_tracking_shuffled_objects_three_objects_107,bbh
2802,5369,bbh_tracking_shuffled_objects_three_objects_108,bbh
2803,5371,bbh_tracking_shuffled_objects_three_objects_110,bbh
2804,5372,bbh_tracking_shuffled_objects_three_objects_111,bbh
2805,5373,bbh_tracking_shuffled_objects_three_objects_112,bbh
2806,5375,bbh_tracking_shuffled_objects_three_objects_114,bbh
2807,5378,bbh_tracking_shuffled_objects_three_objects_117,bbh
2808,5380,bbh_tracking_shuffled_objects_three_objects_119,bbh
2809,5383,bbh_tracking_shuffled_objects_three_objects_122,bbh
2810,5384,bbh_tracking_shuffled_objects_three_objects_123,bbh
2811,5385,bbh_tracking_shuffled_objects_three_objects_124,bbh
2812,5387,bbh_tracking_shuffled_objects_three_objects_126,bbh
2813,5388,bbh_tracking_shuffled_objects_three_objects_127,bbh
2814,5389,bbh_tracking_shuffled_objects_three_objects_128,bbh
2815,5390,bbh_tracking_shuffled_objects_three_objects_129,bbh
2816,5391,bbh_tracking_shuffled_objects_three_objects_130,bbh
2817,5393,bbh_tracking_shuffled_objects_three_objects_132,bbh
2818,5394,bbh_tracking_shuffled_objects_three_objects_133,bbh
2819,5396,bbh_tracking_shuffled_objects_three_objects_135,bbh
2820,5400,bbh_tracking_shuffled_objects_three_objects_139,bbh
2821,5401,bbh_tracking_shuffled_objects_three_objects_140,bbh
2822,5406,bbh_tracking_shuffled_objects_three_objects_145,bbh
2823,5407,bbh_tracking_shuffled_objects_three_objects_146,bbh
2824,5410,bbh_tracking_shuffled_objects_three_objects_149,bbh
2825,5412,bbh_tracking_shuffled_objects_three_objects_151,bbh
2826,5413,bbh_tracking_shuffled_objects_three_objects_152,bbh
2827,5414,bbh_tracking_shuffled_objects_three_objects_153,bbh
2828,5415,bbh_tracking_shuffled_objects_three_objects_154,bbh
2829,5418,bbh_tracking_shuffled_objects_three_objects_157,bbh
2830,5419,bbh_tracking_shuffled_objects_three_objects_158,bbh
2831,5420,bbh_tracking_shuffled_objects_three_objects_159,bbh
2832,5421,bbh_tracking_shuffled_objects_three_objects_160,bbh
2833,5422,bbh_tracking_shuffled_objects_three_objects_161,bbh
2834,5423,bbh_tracking_shuffled_objects_three_objects_162,bbh
2835,5424,bbh_tracking_shuffled_objects_three_objects_163,bbh
2836,5427,bbh_tracking_shuffled_objects_three_objects_166,bbh
2837,5429,bbh_tracking_shuffled_objects_three_objects_168,bbh
2838,5431,bbh_tracking_shuffled_objects_three_objects_170,bbh
2839,5433,bbh_tracking_shuffled_objects_three_objects_172,bbh
2840,5435,bbh_tracking_shuffled_objects_three_objects_174,bbh
2841,5436,bbh_tracking_shuffled_objects_three_objects_175,bbh
2842,5438,bbh_tracking_shuffled_objects_three_objects_177,bbh
2843,5439,bbh_tracking_shuffled_objects_three_objects_178,bbh
2844,5442,bbh_tracking_shuffled_objects_three_objects_181,bbh
2845,5444,bbh_tracking_shuffled_objects_three_objects_183,bbh
2846,5446,bbh_tracking_shuffled_objects_three_objects_185,bbh
2847,5447,bbh_tracking_shuffled_objects_three_objects_186,bbh
2848,5448,bbh_tracking_shuffled_objects_three_objects_187,bbh
2849,5449,bbh_tracking_shuffled_objects_three_objects_188,bbh
2850,5450,bbh_tracking_shuffled_objects_three_objects_189,bbh
2851,5452,bbh_tracking_shuffled_objects_three_objects_191,bbh
2852,5453,bbh_tracking_shuffled_objects_three_objects_192,bbh
2853,5455,bbh_tracking_shuffled_objects_three_objects_194,bbh
2854,5456,bbh_tracking_shuffled_objects_three_objects_195,bbh
2855,5457,bbh_tracking_shuffled_objects_three_objects_196,bbh
2856,5459,bbh_tracking_shuffled_objects_three_objects_198,bbh
2857,5461,bbh_tracking_shuffled_objects_three_objects_200,bbh
2858,5464,bbh_tracking_shuffled_objects_three_objects_203,bbh
2859,5465,bbh_tracking_shuffled_objects_three_objects_204,bbh
2860,5467,bbh_tracking_shuffled_objects_three_objects_206,bbh
2861,5471,bbh_tracking_shuffled_objects_three_objects_210,bbh
2862,5472,bbh_tracking_shuffled_objects_three_objects_211,bbh
2863,5473,bbh_tracking_shuffled_objects_three_objects_212,bbh
2864,5478,bbh_tracking_shuffled_objects_three_objects_217,bbh
2865,5480,bbh_tracking_shuffled_objects_three_objects_219,bbh
2866,5481,bbh_tracking_shuffled_objects_three_objects_220,bbh
2867,5484,bbh_tracking_shuffled_objects_three_objects_223,bbh
2868,5485,bbh_tracking_shuffled_objects_three_objects_224,bbh
2869,5487,bbh_tracking_shuffled_objects_three_objects_226,bbh
2870,5488,bbh_tracking_shuffled_objects_three_objects_227,bbh
2871,5490,bbh_tracking_shuffled_objects_three_objects_229,bbh
2872,5492,bbh_tracking_shuffled_objects_three_objects_231,bbh
2873,5494,bbh_tracking_shuffled_objects_three_objects_233,bbh
2874,5495,bbh_tracking_shuffled_objects_three_objects_234,bbh
2875,5496,bbh_tracking_shuffled_objects_three_objects_235,bbh
2876,5499,bbh_tracking_shuffled_objects_three_objects_238,bbh
2877,5502,bbh_tracking_shuffled_objects_three_objects_241,bbh
2878,5503,bbh_tracking_shuffled_objects_three_objects_242,bbh
2879,5504,bbh_tracking_shuffled_objects_three_objects_243,bbh
2880,5506,bbh_tracking_shuffled_objects_three_objects_245,bbh
2881,5508,bbh_tracking_shuffled_objects_three_objects_247,bbh
2882,5509,bbh_tracking_shuffled_objects_three_objects_248,bbh
2883,5511,bbh_web_of_lies_0,bbh
2884,5512,bbh_web_of_lies_1,bbh
2885,5524,bbh_web_of_lies_13,bbh
2886,5527,bbh_web_of_lies_16,bbh
2887,5528,bbh_web_of_lies_17,bbh
2888,5529,bbh_web_of_lies_18,bbh
2889,5531,bbh_web_of_lies_20,bbh
2890,5533,bbh_web_of_lies_22,bbh
2891,5536,bbh_web_of_lies_25,bbh
2892,5537,bbh_web_of_lies_26,bbh
2893,5542,bbh_web_of_lies_31,bbh
2894,5544,bbh_web_of_lies_33,bbh
2895,5545,bbh_web_of_lies_34,bbh
2896,5546,bbh_web_of_lies_35,bbh
2897,5548,bbh_web_of_lies_37,bbh
2898,5549,bbh_web_of_lies_38,bbh
2899,5551,bbh_web_of_lies_40,bbh
2900,5552,bbh_web_of_lies_41,bbh
2901,5553,bbh_web_of_lies_42,bbh
2902,5556,bbh_web_of_lies_45,bbh
2903,5557,bbh_web_of_lies_46,bbh
2904,5558,bbh_web_of_lies_47,bbh
2905,5563,bbh_web_of_lies_52,bbh
2906,5564,bbh_web_of_lies_53,bbh
2907,5566,bbh_web_of_lies_55,bbh
2908,5567,bbh_web_of_lies_56,bbh
2909,5568,bbh_web_of_lies_57,bbh
2910,5569,bbh_web_of_lies_58,bbh
2911,5572,bbh_web_of_lies_61,bbh
2912,5575,bbh_web_of_lies_64,bbh
2913,5576,bbh_web_of_lies_65,bbh
2914,5578,bbh_web_of_lies_67,bbh
2915,5580,bbh_web_of_lies_69,bbh
2916,5581,bbh_web_of_lies_70,bbh
2917,5582,bbh_web_of_lies_71,bbh
2918,5583,bbh_web_of_lies_72,bbh
2919,5586,bbh_web_of_lies_75,bbh
2920,5587,bbh_web_of_lies_76,bbh
2921,5588,bbh_web_of_lies_77,bbh
2922,5589,bbh_web_of_lies_78,bbh
2923,5597,bbh_web_of_lies_86,bbh
2924,5598,bbh_web_of_lies_87,bbh
2925,5601,bbh_web_of_lies_90,bbh
2926,5602,bbh_web_of_lies_91,bbh
2927,5603,bbh_web_of_lies_92,bbh
2928,5605,bbh_web_of_lies_94,bbh
2929,5606,bbh_web_of_lies_95,bbh
2930,5607,bbh_web_of_lies_96,bbh
2931,5608,bbh_web_of_lies_97,bbh
2932,5611,bbh_web_of_lies_100,bbh
2933,5612,bbh_web_of_lies_101,bbh
2934,5613,bbh_web_of_lies_102,bbh
2935,5616,bbh_web_of_lies_105,bbh
2936,5619,bbh_web_of_lies_108,bbh
2937,5622,bbh_web_of_lies_111,bbh
2938,5624,bbh_web_of_lies_113,bbh
2939,5626,bbh_web_of_lies_115,bbh
2940,5630,bbh_web_of_lies_119,bbh
2941,5631,bbh_web_of_lies_120,bbh
2942,5633,bbh_web_of_lies_122,bbh
2943,5634,bbh_web_of_lies_123,bbh
2944,5635,bbh_web_of_lies_124,bbh
2945,5636,bbh_web_of_lies_125,bbh
2946,5637,bbh_web_of_lies_126,bbh
2947,5642,bbh_web_of_lies_131,bbh
2948,5643,bbh_web_of_lies_132,bbh
2949,5645,bbh_web_of_lies_134,bbh
2950,5646,bbh_web_of_lies_135,bbh
2951,5647,bbh_web_of_lies_136,bbh
2952,5649,bbh_web_of_lies_138,bbh
2953,5650,bbh_web_of_lies_139,bbh
2954,5652,bbh_web_of_lies_141,bbh
2955,5654,bbh_web_of_lies_143,bbh
2956,5658,bbh_web_of_lies_147,bbh
2957,5663,bbh_web_of_lies_152,bbh
2958,5665,bbh_web_of_lies_154,bbh
2959,5666,bbh_web_of_lies_155,bbh
2960,5667,bbh_web_of_lies_156,bbh
2961,5668,bbh_web_of_lies_157,bbh
2962,5671,bbh_web_of_lies_160,bbh
2963,5672,bbh_web_of_lies_161,bbh
2964,5673,bbh_web_of_lies_162,bbh
2965,5676,bbh_web_of_lies_165,bbh
2966,5678,bbh_web_of_lies_167,bbh
2967,5681,bbh_web_of_lies_170,bbh
2968,5683,bbh_web_of_lies_172,bbh
2969,5685,bbh_web_of_lies_174,bbh
2970,5687,bbh_web_of_lies_176,bbh
2971,5690,bbh_web_of_lies_179,bbh
2972,5691,bbh_web_of_lies_180,bbh
2973,5692,bbh_web_of_lies_181,bbh
2974,5693,bbh_web_of_lies_182,bbh
2975,5695,bbh_web_of_lies_184,bbh
2976,5697,bbh_web_of_lies_186,bbh
2977,5698,bbh_web_of_lies_187,bbh
2978,5700,bbh_web_of_lies_189,bbh
2979,5701,bbh_web_of_lies_190,bbh
2980,5703,bbh_web_of_lies_192,bbh
2981,5704,bbh_web_of_lies_193,bbh
2982,5706,bbh_web_of_lies_195,bbh
2983,5709,bbh_web_of_lies_198,bbh
2984,5712,bbh_web_of_lies_201,bbh
2985,5713,bbh_web_of_lies_202,bbh
2986,5714,bbh_web_of_lies_203,bbh
2987,5715,bbh_web_of_lies_204,bbh
2988,5716,bbh_web_of_lies_205,bbh
2989,5718,bbh_web_of_lies_207,bbh
2990,5720,bbh_web_of_lies_209,bbh
2991,5723,bbh_web_of_lies_212,bbh
2992,5727,bbh_web_of_lies_216,bbh
2993,5729,bbh_web_of_lies_218,bbh
2994,5730,bbh_web_of_lies_219,bbh
2995,5731,bbh_web_of_lies_220,bbh
2996,5732,bbh_web_of_lies_221,bbh
2997,5735,bbh_web_of_lies_224,bbh
2998,5736,bbh_web_of_lies_225,bbh
2999,5737,bbh_web_of_lies_226,bbh
3000,5739,bbh_web_of_lies_228,bbh
3001,5742,bbh_web_of_lies_231,bbh
3002,5743,bbh_web_of_lies_232,bbh
3003,5747,bbh_web_of_lies_236,bbh
3004,5750,bbh_web_of_lies_239,bbh
3005,5754,bbh_web_of_lies_243,bbh
3006,5757,bbh_web_of_lies_246,bbh
3007,5758,bbh_web_of_lies_247,bbh
3008,5760,bbh_web_of_lies_249,bbh
3009,5761,gpqa_diamond_0,gpqa
3010,5762,gpqa_diamond_1,gpqa
3011,5764,gpqa_diamond_3,gpqa
3012,5771,gpqa_diamond_10,gpqa
3013,5772,gpqa_diamond_11,gpqa
3014,5773,gpqa_diamond_12,gpqa
3015,5774,gpqa_diamond_13,gpqa
3016,5776,gpqa_diamond_15,gpqa
3017,5777,gpqa_diamond_16,gpqa
3018,5778,gpqa_diamond_17,gpqa
3019,5780,gpqa_diamond_19,gpqa
3020,5781,gpqa_diamond_20,gpqa
3021,5782,gpqa_diamond_21,gpqa
3022,5783,gpqa_diamond_22,gpqa
3023,5784,gpqa_diamond_23,gpqa
3024,5785,gpqa_diamond_24,gpqa
3025,5786,gpqa_diamond_25,gpqa
3026,5790,gpqa_diamond_29,gpqa
3027,5795,gpqa_diamond_34,gpqa
3028,5797,gpqa_diamond_36,gpqa
3029,5798,gpqa_diamond_37,gpqa
3030,5799,gpqa_diamond_38,gpqa
3031,5803,gpqa_diamond_42,gpqa
3032,5804,gpqa_diamond_43,gpqa
3033,5805,gpqa_diamond_44,gpqa
3034,5807,gpqa_diamond_46,gpqa
3035,5809,gpqa_diamond_48,gpqa
3036,5814,gpqa_diamond_53,gpqa
3037,5820,gpqa_diamond_59,gpqa
3038,5822,gpqa_diamond_61,gpqa
3039,5825,gpqa_diamond_64,gpqa
3040,5826,gpqa_diamond_65,gpqa
3041,5829,gpqa_diamond_68,gpqa
3042,5830,gpqa_diamond_69,gpqa
3043,5831,gpqa_diamond_70,gpqa
3044,5833,gpqa_diamond_72,gpqa
3045,5837,gpqa_diamond_76,gpqa
3046,5838,gpqa_diamond_77,gpqa
3047,5841,gpqa_diamond_80,gpqa
3048,5844,gpqa_diamond_83,gpqa
3049,5846,gpqa_diamond_85,gpqa
3050,5850,gpqa_diamond_89,gpqa
3051,5851,gpqa_diamond_90,gpqa
3052,5852,gpqa_diamond_91,gpqa
3053,5854,gpqa_diamond_93,gpqa
3054,5855,gpqa_diamond_94,gpqa
3055,5858,gpqa_diamond_97,gpqa
3056,5863,gpqa_diamond_102,gpqa
3057,5866,gpqa_diamond_105,gpqa
3058,5867,gpqa_diamond_106,gpqa
3059,5868,gpqa_diamond_107,gpqa
3060,5869,gpqa_diamond_108,gpqa
3061,5870,gpqa_diamond_109,gpqa
3062,5871,gpqa_diamond_110,gpqa
3063,5874,gpqa_diamond_113,gpqa
3064,5875,gpqa_diamond_114,gpqa
3065,5877,gpqa_diamond_116,gpqa
3066,5879,gpqa_diamond_118,gpqa
3067,5880,gpqa_diamond_119,gpqa
3068,5882,gpqa_diamond_121,gpqa
3069,5883,gpqa_diamond_122,gpqa
3070,5884,gpqa_diamond_123,gpqa
3071,5886,gpqa_diamond_125,gpqa
3072,5887,gpqa_diamond_126,gpqa
3073,5888,gpqa_diamond_127,gpqa
3074,5891,gpqa_diamond_130,gpqa
3075,5893,gpqa_diamond_132,gpqa
3076,5897,gpqa_diamond_136,gpqa
3077,5901,gpqa_diamond_140,gpqa
3078,5903,gpqa_diamond_142,gpqa
3079,5905,gpqa_diamond_144,gpqa
3080,5906,gpqa_diamond_145,gpqa
3081,5907,gpqa_diamond_146,gpqa
3082,5908,gpqa_diamond_147,gpqa
3083,5910,gpqa_diamond_149,gpqa
3084,5911,gpqa_diamond_150,gpqa
3085,5912,gpqa_diamond_151,gpqa
3086,5917,gpqa_diamond_156,gpqa
3087,5923,gpqa_diamond_162,gpqa
3088,5924,gpqa_diamond_163,gpqa
3089,5925,gpqa_diamond_164,gpqa
3090,5927,gpqa_diamond_166,gpqa
3091,5928,gpqa_diamond_167,gpqa
3092,5929,gpqa_diamond_168,gpqa
3093,5931,gpqa_diamond_170,gpqa
3094,5932,gpqa_diamond_171,gpqa
3095,5933,gpqa_diamond_172,gpqa
3096,5935,gpqa_diamond_174,gpqa
3097,5936,gpqa_diamond_175,gpqa
3098,5938,gpqa_diamond_177,gpqa
3099,5941,gpqa_diamond_180,gpqa
3100,5942,gpqa_diamond_181,gpqa
3101,5944,gpqa_diamond_183,gpqa
3102,5947,gpqa_diamond_186,gpqa
3103,5948,gpqa_diamond_187,gpqa
3104,5949,gpqa_diamond_188,gpqa
3105,5950,gpqa_diamond_189,gpqa
3106,5951,gpqa_diamond_190,gpqa
3107,5954,gpqa_diamond_193,gpqa
3108,5958,gpqa_diamond_197,gpqa
3109,5959,gpqa_extended_0,gpqa
3110,5960,gpqa_extended_1,gpqa
3111,5962,gpqa_extended_3,gpqa
3112,5964,gpqa_extended_5,gpqa
3113,5965,gpqa_extended_6,gpqa
3114,5966,gpqa_extended_7,gpqa
3115,5969,gpqa_extended_10,gpqa
3116,5974,gpqa_extended_15,gpqa
3117,5976,gpqa_extended_17,gpqa
3118,5977,gpqa_extended_18,gpqa
3119,5980,gpqa_extended_21,gpqa
3120,5981,gpqa_extended_22,gpqa
3121,5982,gpqa_extended_23,gpqa
3122,5983,gpqa_extended_24,gpqa
3123,5984,gpqa_extended_25,gpqa
3124,5985,gpqa_extended_26,gpqa
3125,5986,gpqa_extended_27,gpqa
3126,5989,gpqa_extended_30,gpqa
3127,5991,gpqa_extended_32,gpqa
3128,5993,gpqa_extended_34,gpqa
3129,5995,gpqa_extended_36,gpqa
3130,5996,gpqa_extended_37,gpqa
3131,6000,gpqa_extended_41,gpqa
3132,6002,gpqa_extended_43,gpqa
3133,6003,gpqa_extended_44,gpqa
3134,6004,gpqa_extended_45,gpqa
3135,6006,gpqa_extended_47,gpqa
3136,6008,gpqa_extended_49,gpqa
3137,6009,gpqa_extended_50,gpqa
3138,6010,gpqa_extended_51,gpqa
3139,6011,gpqa_extended_52,gpqa
3140,6013,gpqa_extended_54,gpqa
3141,6017,gpqa_extended_58,gpqa
3142,6019,gpqa_extended_60,gpqa
3143,6021,gpqa_extended_62,gpqa
3144,6022,gpqa_extended_63,gpqa
3145,6023,gpqa_extended_64,gpqa
3146,6024,gpqa_extended_65,gpqa
3147,6026,gpqa_extended_67,gpqa
3148,6027,gpqa_extended_68,gpqa
3149,6028,gpqa_extended_69,gpqa
3150,6030,gpqa_extended_71,gpqa
3151,6031,gpqa_extended_72,gpqa
3152,6032,gpqa_extended_73,gpqa
3153,6033,gpqa_extended_74,gpqa
3154,6034,gpqa_extended_75,gpqa
3155,6037,gpqa_extended_78,gpqa
3156,6039,gpqa_extended_80,gpqa
3157,6043,gpqa_extended_84,gpqa
3158,6044,gpqa_extended_85,gpqa
3159,6046,gpqa_extended_87,gpqa
3160,6048,gpqa_extended_89,gpqa
3161,6052,gpqa_extended_93,gpqa
3162,6053,gpqa_extended_94,gpqa
3163,6054,gpqa_extended_95,gpqa
3164,6057,gpqa_extended_98,gpqa
3165,6058,gpqa_extended_99,gpqa
3166,6062,gpqa_extended_103,gpqa
3167,6063,gpqa_extended_104,gpqa
3168,6064,gpqa_extended_105,gpqa
3169,6065,gpqa_extended_106,gpqa
3170,6067,gpqa_extended_108,gpqa
3171,6068,gpqa_extended_109,gpqa
3172,6070,gpqa_extended_111,gpqa
3173,6071,gpqa_extended_112,gpqa
3174,6072,gpqa_extended_113,gpqa
3175,6074,gpqa_extended_115,gpqa
3176,6075,gpqa_extended_116,gpqa
3177,6076,gpqa_extended_117,gpqa
3178,6077,gpqa_extended_118,gpqa
3179,6079,gpqa_extended_120,gpqa
3180,6080,gpqa_extended_121,gpqa
3181,6081,gpqa_extended_122,gpqa
3182,6082,gpqa_extended_123,gpqa
3183,6083,gpqa_extended_124,gpqa
3184,6084,gpqa_extended_125,gpqa
3185,6085,gpqa_extended_126,gpqa
3186,6086,gpqa_extended_127,gpqa
3187,6087,gpqa_extended_128,gpqa
3188,6088,gpqa_extended_129,gpqa
3189,6090,gpqa_extended_131,gpqa
3190,6093,gpqa_extended_134,gpqa
3191,6095,gpqa_extended_136,gpqa
3192,6096,gpqa_extended_137,gpqa
3193,6097,gpqa_extended_138,gpqa
3194,6098,gpqa_extended_139,gpqa
3195,6100,gpqa_extended_141,gpqa
3196,6101,gpqa_extended_142,gpqa
3197,6102,gpqa_extended_143,gpqa
3198,6104,gpqa_extended_145,gpqa
3199,6106,gpqa_extended_147,gpqa
3200,6108,gpqa_extended_149,gpqa
3201,6112,gpqa_extended_153,gpqa
3202,6113,gpqa_extended_154,gpqa
3203,6116,gpqa_extended_157,gpqa
3204,6117,gpqa_extended_158,gpqa
3205,6118,gpqa_extended_159,gpqa
3206,6119,gpqa_extended_160,gpqa
3207,6120,gpqa_extended_161,gpqa
3208,6122,gpqa_extended_163,gpqa
3209,6123,gpqa_extended_164,gpqa
3210,6124,gpqa_extended_165,gpqa
3211,6125,gpqa_extended_166,gpqa
3212,6126,gpqa_extended_167,gpqa
3213,6132,gpqa_extended_173,gpqa
3214,6134,gpqa_extended_175,gpqa
3215,6135,gpqa_extended_176,gpqa
3216,6145,gpqa_extended_186,gpqa
3217,6146,gpqa_extended_187,gpqa
3218,6147,gpqa_extended_188,gpqa
3219,6150,gpqa_extended_191,gpqa
3220,6153,gpqa_extended_194,gpqa
3221,6154,gpqa_extended_195,gpqa
3222,6158,gpqa_extended_199,gpqa
3223,6159,gpqa_extended_200,gpqa
3224,6164,gpqa_extended_205,gpqa
3225,6165,gpqa_extended_206,gpqa
3226,6166,gpqa_extended_207,gpqa
3227,6169,gpqa_extended_210,gpqa
3228,6170,gpqa_extended_211,gpqa
3229,6172,gpqa_extended_213,gpqa
3230,6175,gpqa_extended_216,gpqa
3231,6179,gpqa_extended_220,gpqa
3232,6180,gpqa_extended_221,gpqa
3233,6182,gpqa_extended_223,gpqa
3234,6184,gpqa_extended_225,gpqa
3235,6185,gpqa_extended_226,gpqa
3236,6186,gpqa_extended_227,gpqa
3237,6188,gpqa_extended_229,gpqa
3238,6189,gpqa_extended_230,gpqa
3239,6191,gpqa_extended_232,gpqa
3240,6193,gpqa_extended_234,gpqa
3241,6195,gpqa_extended_236,gpqa
3242,6196,gpqa_extended_237,gpqa
3243,6202,gpqa_extended_243,gpqa
3244,6203,gpqa_extended_244,gpqa
3245,6205,gpqa_extended_246,gpqa
3246,6206,gpqa_extended_247,gpqa
3247,6208,gpqa_extended_249,gpqa
3248,6210,gpqa_extended_251,gpqa
3249,6211,gpqa_extended_252,gpqa
3250,6214,gpqa_extended_255,gpqa
3251,6215,gpqa_extended_256,gpqa
3252,6216,gpqa_extended_257,gpqa
3253,6217,gpqa_extended_258,gpqa
3254,6218,gpqa_extended_259,gpqa
3255,6220,gpqa_extended_261,gpqa
3256,6222,gpqa_extended_263,gpqa
3257,6224,gpqa_extended_265,gpqa
3258,6225,gpqa_extended_266,gpqa
3259,6228,gpqa_extended_269,gpqa
3260,6230,gpqa_extended_271,gpqa
3261,6231,gpqa_extended_272,gpqa
3262,6232,gpqa_extended_273,gpqa
3263,6234,gpqa_extended_275,gpqa
3264,6237,gpqa_extended_278,gpqa
3265,6238,gpqa_extended_279,gpqa
3266,6239,gpqa_extended_280,gpqa
3267,6242,gpqa_extended_283,gpqa
3268,6243,gpqa_extended_284,gpqa
3269,6247,gpqa_extended_288,gpqa
3270,6248,gpqa_extended_289,gpqa
3271,6249,gpqa_extended_290,gpqa
3272,6250,gpqa_extended_291,gpqa
3273,6251,gpqa_extended_292,gpqa
3274,6252,gpqa_extended_293,gpqa
3275,6254,gpqa_extended_295,gpqa
3276,6255,gpqa_extended_296,gpqa
3277,6257,gpqa_extended_298,gpqa
3278,6258,gpqa_extended_299,gpqa
3279,6259,gpqa_extended_300,gpqa
3280,6261,gpqa_extended_302,gpqa
3281,6263,gpqa_extended_304,gpqa
3282,6268,gpqa_extended_309,gpqa
3283,6270,gpqa_extended_311,gpqa
3284,6271,gpqa_extended_312,gpqa
3285,6273,gpqa_extended_314,gpqa
3286,6274,gpqa_extended_315,gpqa
3287,6276,gpqa_extended_317,gpqa
3288,6277,gpqa_extended_318,gpqa
3289,6280,gpqa_extended_321,gpqa
3290,6281,gpqa_extended_322,gpqa
3291,6287,gpqa_extended_328,gpqa
3292,6289,gpqa_extended_330,gpqa
3293,6291,gpqa_extended_332,gpqa
3294,6292,gpqa_extended_333,gpqa
3295,6293,gpqa_extended_334,gpqa
3296,6294,gpqa_extended_335,gpqa
3297,6295,gpqa_extended_336,gpqa
3298,6298,gpqa_extended_339,gpqa
3299,6300,gpqa_extended_341,gpqa
3300,6301,gpqa_extended_342,gpqa
3301,6302,gpqa_extended_343,gpqa
3302,6304,gpqa_extended_345,gpqa
3303,6305,gpqa_extended_346,gpqa
3304,6308,gpqa_extended_349,gpqa
3305,6310,gpqa_extended_351,gpqa
3306,6311,gpqa_extended_352,gpqa
3307,6312,gpqa_extended_353,gpqa
3308,6314,gpqa_extended_355,gpqa
3309,6317,gpqa_extended_358,gpqa
3310,6318,gpqa_extended_359,gpqa
3311,6319,gpqa_extended_360,gpqa
3312,6321,gpqa_extended_362,gpqa
3313,6322,gpqa_extended_363,gpqa
3314,6323,gpqa_extended_364,gpqa
3315,6325,gpqa_extended_366,gpqa
3316,6327,gpqa_extended_368,gpqa
3317,6329,gpqa_extended_370,gpqa
3318,6330,gpqa_extended_371,gpqa
3319,6340,gpqa_extended_381,gpqa
3320,6341,gpqa_extended_382,gpqa
3321,6342,gpqa_extended_383,gpqa
3322,6343,gpqa_extended_384,gpqa
3323,6345,gpqa_extended_386,gpqa
3324,6346,gpqa_extended_387,gpqa
3325,6349,gpqa_extended_390,gpqa
3326,6350,gpqa_extended_391,gpqa
3327,6352,gpqa_extended_393,gpqa
3328,6353,gpqa_extended_394,gpqa
3329,6354,gpqa_extended_395,gpqa
3330,6355,gpqa_extended_396,gpqa
3331,6357,gpqa_extended_398,gpqa
3332,6361,gpqa_extended_402,gpqa
3333,6363,gpqa_extended_404,gpqa
3334,6364,gpqa_extended_405,gpqa
3335,6365,gpqa_extended_406,gpqa
3336,6367,gpqa_extended_408,gpqa
3337,6368,gpqa_extended_409,gpqa
3338,6369,gpqa_extended_410,gpqa
3339,6371,gpqa_extended_412,gpqa
3340,6373,gpqa_extended_414,gpqa
3341,6374,gpqa_extended_415,gpqa
3342,6375,gpqa_extended_416,gpqa
3343,6378,gpqa_extended_419,gpqa
3344,6379,gpqa_extended_420,gpqa
3345,6381,gpqa_extended_422,gpqa
3346,6383,gpqa_extended_424,gpqa
3347,6385,gpqa_extended_426,gpqa
3348,6389,gpqa_extended_430,gpqa
3349,6391,gpqa_extended_432,gpqa
3350,6392,gpqa_extended_433,gpqa
3351,6393,gpqa_extended_434,gpqa
3352,6394,gpqa_extended_435,gpqa
3353,6395,gpqa_extended_436,gpqa
3354,6396,gpqa_extended_437,gpqa
3355,6399,gpqa_extended_440,gpqa
3356,6403,gpqa_extended_444,gpqa
3357,6404,gpqa_extended_445,gpqa
3358,6405,gpqa_extended_446,gpqa
3359,6407,gpqa_extended_448,gpqa
3360,6408,gpqa_extended_449,gpqa
3361,6410,gpqa_extended_451,gpqa
3362,6411,gpqa_extended_452,gpqa
3363,6414,gpqa_extended_455,gpqa
3364,6420,gpqa_extended_461,gpqa
3365,6422,gpqa_extended_463,gpqa
3366,6423,gpqa_extended_464,gpqa
3367,6429,gpqa_extended_470,gpqa
3368,6437,gpqa_extended_478,gpqa
3369,6439,gpqa_extended_480,gpqa
3370,6440,gpqa_extended_481,gpqa
3371,6442,gpqa_extended_483,gpqa
3372,6443,gpqa_extended_484,gpqa
3373,6445,gpqa_extended_486,gpqa
3374,6446,gpqa_extended_487,gpqa
3375,6451,gpqa_extended_492,gpqa
3376,6454,gpqa_extended_495,gpqa
3377,6456,gpqa_extended_497,gpqa
3378,6457,gpqa_extended_498,gpqa
3379,6458,gpqa_extended_499,gpqa
3380,6460,gpqa_extended_501,gpqa
3381,6461,gpqa_extended_502,gpqa
3382,6463,gpqa_extended_504,gpqa
3383,6464,gpqa_extended_505,gpqa
3384,6465,gpqa_extended_506,gpqa
3385,6466,gpqa_extended_507,gpqa
3386,6467,gpqa_extended_508,gpqa
3387,6468,gpqa_extended_509,gpqa
3388,6469,gpqa_extended_510,gpqa
3389,6471,gpqa_extended_512,gpqa
3390,6472,gpqa_extended_513,gpqa
3391,6473,gpqa_extended_514,gpqa
3392,6476,gpqa_extended_517,gpqa
3393,6481,gpqa_extended_522,gpqa
3394,6485,gpqa_extended_526,gpqa
3395,6487,gpqa_extended_528,gpqa
3396,6488,gpqa_extended_529,gpqa
3397,6489,gpqa_extended_530,gpqa
3398,6491,gpqa_extended_532,gpqa
3399,6496,gpqa_extended_537,gpqa
3400,6498,gpqa_extended_539,gpqa
3401,6499,gpqa_extended_540,gpqa
3402,6501,gpqa_extended_542,gpqa
3403,6504,gpqa_extended_545,gpqa
3404,6507,gpqa_main_2,gpqa
3405,6508,gpqa_main_3,gpqa
3406,6510,gpqa_main_5,gpqa
3407,6514,gpqa_main_9,gpqa
3408,6515,gpqa_main_10,gpqa
3409,6516,gpqa_main_11,gpqa
3410,6517,gpqa_main_12,gpqa
3411,6518,gpqa_main_13,gpqa
3412,6519,gpqa_main_14,gpqa
3413,6521,gpqa_main_16,gpqa
3414,6524,gpqa_main_19,gpqa
3415,6525,gpqa_main_20,gpqa
3416,6526,gpqa_main_21,gpqa
3417,6528,gpqa_main_23,gpqa
3418,6532,gpqa_main_27,gpqa
3419,6536,gpqa_main_31,gpqa
3420,6538,gpqa_main_33,gpqa
3421,6539,gpqa_main_34,gpqa
3422,6540,gpqa_main_35,gpqa
3423,6542,gpqa_main_37,gpqa
3424,6543,gpqa_main_38,gpqa
3425,6544,gpqa_main_39,gpqa
3426,6546,gpqa_main_41,gpqa
3427,6548,gpqa_main_43,gpqa
3428,6549,gpqa_main_44,gpqa
3429,6550,gpqa_main_45,gpqa
3430,6551,gpqa_main_46,gpqa
3431,6552,gpqa_main_47,gpqa
3432,6555,gpqa_main_50,gpqa
3433,6556,gpqa_main_51,gpqa
3434,6557,gpqa_main_52,gpqa
3435,6559,gpqa_main_54,gpqa
3436,6562,gpqa_main_57,gpqa
3437,6565,gpqa_main_60,gpqa
3438,6567,gpqa_main_62,gpqa
3439,6568,gpqa_main_63,gpqa
3440,6569,gpqa_main_64,gpqa
3441,6572,gpqa_main_67,gpqa
3442,6573,gpqa_main_68,gpqa
3443,6575,gpqa_main_70,gpqa
3444,6576,gpqa_main_71,gpqa
3445,6578,gpqa_main_73,gpqa
3446,6579,gpqa_main_74,gpqa
3447,6580,gpqa_main_75,gpqa
3448,6582,gpqa_main_77,gpqa
3449,6583,gpqa_main_78,gpqa
3450,6584,gpqa_main_79,gpqa
3451,6585,gpqa_main_80,gpqa
3452,6586,gpqa_main_81,gpqa
3453,6587,gpqa_main_82,gpqa
3454,6588,gpqa_main_83,gpqa
3455,6589,gpqa_main_84,gpqa
3456,6593,gpqa_main_88,gpqa
3457,6595,gpqa_main_90,gpqa
3458,6600,gpqa_main_95,gpqa
3459,6604,gpqa_main_99,gpqa
3460,6606,gpqa_main_101,gpqa
3461,6610,gpqa_main_105,gpqa
3462,6611,gpqa_main_106,gpqa
3463,6612,gpqa_main_107,gpqa
3464,6618,gpqa_main_113,gpqa
3465,6619,gpqa_main_114,gpqa
3466,6621,gpqa_main_116,gpqa
3467,6622,gpqa_main_117,gpqa
3468,6625,gpqa_main_120,gpqa
3469,6630,gpqa_main_125,gpqa
3470,6640,gpqa_main_135,gpqa
3471,6641,gpqa_main_136,gpqa
3472,6643,gpqa_main_138,gpqa
3473,6644,gpqa_main_139,gpqa
3474,6645,gpqa_main_140,gpqa
3475,6647,gpqa_main_142,gpqa
3476,6648,gpqa_main_143,gpqa
3477,6649,gpqa_main_144,gpqa
3478,6650,gpqa_main_145,gpqa
3479,6657,gpqa_main_152,gpqa
3480,6658,gpqa_main_153,gpqa
3481,6659,gpqa_main_154,gpqa
3482,6661,gpqa_main_156,gpqa
3483,6666,gpqa_main_161,gpqa
3484,6668,gpqa_main_163,gpqa
3485,6669,gpqa_main_164,gpqa
3486,6672,gpqa_main_167,gpqa
3487,6673,gpqa_main_168,gpqa
3488,6674,gpqa_main_169,gpqa
3489,6678,gpqa_main_173,gpqa
3490,6679,gpqa_main_174,gpqa
3491,6680,gpqa_main_175,gpqa
3492,6681,gpqa_main_176,gpqa
3493,6682,gpqa_main_177,gpqa
3494,6683,gpqa_main_178,gpqa
3495,6686,gpqa_main_181,gpqa
3496,6687,gpqa_main_182,gpqa
3497,6688,gpqa_main_183,gpqa
3498,6691,gpqa_main_186,gpqa
3499,6692,gpqa_main_187,gpqa
3500,6693,gpqa_main_188,gpqa
3501,6695,gpqa_main_190,gpqa
3502,6697,gpqa_main_192,gpqa
3503,6698,gpqa_main_193,gpqa
3504,6699,gpqa_main_194,gpqa
3505,6708,gpqa_main_203,gpqa
3506,6713,gpqa_main_208,gpqa
3507,6714,gpqa_main_209,gpqa
3508,6715,gpqa_main_210,gpqa
3509,6717,gpqa_main_212,gpqa
3510,6719,gpqa_main_214,gpqa
3511,6720,gpqa_main_215,gpqa
3512,6722,gpqa_main_217,gpqa
3513,6723,gpqa_main_218,gpqa
3514,6725,gpqa_main_220,gpqa
3515,6726,gpqa_main_221,gpqa
3516,6727,gpqa_main_222,gpqa
3517,6728,gpqa_main_223,gpqa
3518,6732,gpqa_main_227,gpqa
3519,6734,gpqa_main_229,gpqa
3520,6735,gpqa_main_230,gpqa
3521,6737,gpqa_main_232,gpqa
3522,6742,gpqa_main_237,gpqa
3523,6743,gpqa_main_238,gpqa
3524,6745,gpqa_main_240,gpqa
3525,6746,gpqa_main_241,gpqa
3526,6747,gpqa_main_242,gpqa
3527,6748,gpqa_main_243,gpqa
3528,6749,gpqa_main_244,gpqa
3529,6754,gpqa_main_249,gpqa
3530,6756,gpqa_main_251,gpqa
3531,6757,gpqa_main_252,gpqa
3532,6758,gpqa_main_253,gpqa
3533,6766,gpqa_main_261,gpqa
3534,6767,gpqa_main_262,gpqa
3535,6771,gpqa_main_266,gpqa
3536,6772,gpqa_main_267,gpqa
3537,6774,gpqa_main_269,gpqa
3538,6778,gpqa_main_273,gpqa
3539,6779,gpqa_main_274,gpqa
3540,6780,gpqa_main_275,gpqa
3541,6784,gpqa_main_279,gpqa
3542,6785,gpqa_main_280,gpqa
3543,6786,gpqa_main_281,gpqa
3544,6787,gpqa_main_282,gpqa
3545,6788,gpqa_main_283,gpqa
3546,6791,gpqa_main_286,gpqa
3547,6794,gpqa_main_289,gpqa
3548,6800,gpqa_main_295,gpqa
3549,6802,gpqa_main_297,gpqa
3550,6803,gpqa_main_298,gpqa
3551,6805,gpqa_main_300,gpqa
3552,6806,gpqa_main_301,gpqa
3553,6807,gpqa_main_302,gpqa
3554,6809,gpqa_main_304,gpqa
3555,6810,gpqa_main_305,gpqa
3556,6812,gpqa_main_307,gpqa
3557,6813,gpqa_main_308,gpqa
3558,6814,gpqa_main_309,gpqa
3559,6815,gpqa_main_310,gpqa
3560,6818,gpqa_main_313,gpqa
3561,6819,gpqa_main_314,gpqa
3562,6822,gpqa_main_317,gpqa
3563,6824,gpqa_main_319,gpqa
3564,6826,gpqa_main_321,gpqa
3565,6830,gpqa_main_325,gpqa
3566,6831,gpqa_main_326,gpqa
3567,6835,gpqa_main_330,gpqa
3568,6836,gpqa_main_331,gpqa
3569,6838,gpqa_main_333,gpqa
3570,6840,gpqa_main_335,gpqa
3571,6841,gpqa_main_336,gpqa
3572,6842,gpqa_main_337,gpqa
3573,6845,gpqa_main_340,gpqa
3574,6846,gpqa_main_341,gpqa
3575,6847,gpqa_main_342,gpqa
3576,6848,gpqa_main_343,gpqa
3577,6853,gpqa_main_348,gpqa
3578,6856,gpqa_main_351,gpqa
3579,6860,gpqa_main_355,gpqa
3580,6861,gpqa_main_356,gpqa
3581,6862,gpqa_main_357,gpqa
3582,6864,gpqa_main_359,gpqa
3583,6866,gpqa_main_361,gpqa
3584,6870,gpqa_main_365,gpqa
3585,6872,gpqa_main_367,gpqa
3586,6875,gpqa_main_370,gpqa
3587,6876,gpqa_main_371,gpqa
3588,6878,gpqa_main_373,gpqa
3589,6879,gpqa_main_374,gpqa
3590,6880,gpqa_main_375,gpqa
3591,6881,gpqa_main_376,gpqa
3592,6883,gpqa_main_378,gpqa
3593,6884,gpqa_main_379,gpqa
3594,6887,gpqa_main_382,gpqa
3595,6888,gpqa_main_383,gpqa
3596,6889,gpqa_main_384,gpqa
3597,6891,gpqa_main_386,gpqa
3598,6892,gpqa_main_387,gpqa
3599,6893,gpqa_main_388,gpqa
3600,6895,gpqa_main_390,gpqa
3601,6896,gpqa_main_391,gpqa
3602,6897,gpqa_main_392,gpqa
3603,6898,gpqa_main_393,gpqa
3604,6899,gpqa_main_394,gpqa
3605,6901,gpqa_main_396,gpqa
3606,6902,gpqa_main_397,gpqa
3607,6904,gpqa_main_399,gpqa
3608,6905,gpqa_main_400,gpqa
3609,6910,gpqa_main_405,gpqa
3610,6912,gpqa_main_407,gpqa
3611,6914,gpqa_main_409,gpqa
3612,6920,gpqa_main_415,gpqa
3613,6921,gpqa_main_416,gpqa
3614,6922,gpqa_main_417,gpqa
3615,6923,gpqa_main_418,gpqa
3616,6924,gpqa_main_419,gpqa
3617,6925,gpqa_main_420,gpqa
3618,6927,gpqa_main_422,gpqa
3619,6928,gpqa_main_423,gpqa
3620,6931,gpqa_main_426,gpqa
3621,6932,gpqa_main_427,gpqa
3622,6933,gpqa_main_428,gpqa
3623,6934,gpqa_main_429,gpqa
3624,6935,gpqa_main_430,gpqa
3625,6936,gpqa_main_431,gpqa
3626,6939,gpqa_main_434,gpqa
3627,6940,gpqa_main_435,gpqa
3628,6942,gpqa_main_437,gpqa
3629,6943,gpqa_main_438,gpqa
3630,6951,gpqa_main_446,gpqa
3631,6953,ifeval_0,ifeval
3632,6954,ifeval_1,ifeval
3633,6955,ifeval_2,ifeval
3634,6958,ifeval_5,ifeval
3635,6959,ifeval_6,ifeval
3636,6964,ifeval_11,ifeval
3637,6966,ifeval_13,ifeval
3638,6967,ifeval_14,ifeval
3639,6968,ifeval_15,ifeval
3640,6969,ifeval_16,ifeval
3641,6970,ifeval_17,ifeval
3642,6972,ifeval_19,ifeval
3643,6973,ifeval_20,ifeval
3644,6974,ifeval_21,ifeval
3645,6977,ifeval_24,ifeval
3646,6980,ifeval_27,ifeval
3647,6982,ifeval_29,ifeval
3648,6983,ifeval_30,ifeval
3649,6985,ifeval_32,ifeval
3650,6991,ifeval_38,ifeval
3651,6992,ifeval_39,ifeval
3652,6993,ifeval_40,ifeval
3653,6994,ifeval_41,ifeval
3654,6996,ifeval_43,ifeval
3655,6998,ifeval_45,ifeval
3656,7002,ifeval_49,ifeval
3657,7003,ifeval_50,ifeval
3658,7004,ifeval_51,ifeval
3659,7005,ifeval_52,ifeval
3660,7006,ifeval_53,ifeval
3661,7008,ifeval_55,ifeval
3662,7009,ifeval_56,ifeval
3663,7010,ifeval_57,ifeval
3664,7011,ifeval_58,ifeval
3665,7014,ifeval_61,ifeval
3666,7017,ifeval_64,ifeval
3667,7019,ifeval_66,ifeval
3668,7023,ifeval_70,ifeval
3669,7024,ifeval_71,ifeval
3670,7025,ifeval_72,ifeval
3671,7026,ifeval_73,ifeval
3672,7027,ifeval_74,ifeval
3673,7028,ifeval_75,ifeval
3674,7030,ifeval_77,ifeval
3675,7035,ifeval_82,ifeval
3676,7037,ifeval_84,ifeval
3677,7039,ifeval_86,ifeval
3678,7040,ifeval_87,ifeval
3679,7041,ifeval_88,ifeval
3680,7043,ifeval_90,ifeval
3681,7044,ifeval_91,ifeval
3682,7045,ifeval_92,ifeval
3683,7046,ifeval_93,ifeval
3684,7047,ifeval_94,ifeval
3685,7049,ifeval_96,ifeval
3686,7051,ifeval_98,ifeval
3687,7054,ifeval_101,ifeval
3688,7055,ifeval_102,ifeval
3689,7059,ifeval_106,ifeval
3690,7064,ifeval_111,ifeval
3691,7065,ifeval_112,ifeval
3692,7066,ifeval_113,ifeval
3693,7067,ifeval_114,ifeval
3694,7070,ifeval_117,ifeval
3695,7072,ifeval_119,ifeval
3696,7073,ifeval_120,ifeval
3697,7078,ifeval_125,ifeval
3698,7081,ifeval_128,ifeval
3699,7083,ifeval_130,ifeval
3700,7084,ifeval_131,ifeval
3701,7085,ifeval_132,ifeval
3702,7086,ifeval_133,ifeval
3703,7087,ifeval_134,ifeval
3704,7089,ifeval_136,ifeval
3705,7090,ifeval_137,ifeval
3706,7091,ifeval_138,ifeval
3707,7093,ifeval_140,ifeval
3708,7094,ifeval_141,ifeval
3709,7095,ifeval_142,ifeval
3710,7096,ifeval_143,ifeval
3711,7097,ifeval_144,ifeval
3712,7100,ifeval_147,ifeval
3713,7101,ifeval_148,ifeval
3714,7102,ifeval_149,ifeval
3715,7103,ifeval_150,ifeval
3716,7106,ifeval_153,ifeval
3717,7110,ifeval_157,ifeval
3718,7113,ifeval_160,ifeval
3719,7114,ifeval_161,ifeval
3720,7116,ifeval_163,ifeval
3721,7117,ifeval_164,ifeval
3722,7118,ifeval_165,ifeval
3723,7119,ifeval_166,ifeval
3724,7120,ifeval_167,ifeval
3725,7121,ifeval_168,ifeval
3726,7124,ifeval_171,ifeval
3727,7126,ifeval_173,ifeval
3728,7127,ifeval_174,ifeval
3729,7129,ifeval_176,ifeval
3730,7132,ifeval_179,ifeval
3731,7140,ifeval_187,ifeval
3732,7143,ifeval_190,ifeval
3733,7144,ifeval_191,ifeval
3734,7147,ifeval_194,ifeval
3735,7150,ifeval_197,ifeval
3736,7151,ifeval_198,ifeval
3737,7152,ifeval_199,ifeval
3738,7154,ifeval_201,ifeval
3739,7156,ifeval_203,ifeval
3740,7158,ifeval_205,ifeval
3741,7160,ifeval_207,ifeval
3742,7163,ifeval_210,ifeval
3743,7164,ifeval_211,ifeval
3744,7165,ifeval_212,ifeval
3745,7166,ifeval_213,ifeval
3746,7167,ifeval_214,ifeval
3747,7170,ifeval_217,ifeval
3748,7171,ifeval_218,ifeval
3749,7174,ifeval_221,ifeval
3750,7176,ifeval_223,ifeval
3751,7178,ifeval_225,ifeval
3752,7179,ifeval_226,ifeval
3753,7180,ifeval_227,ifeval
3754,7187,ifeval_234,ifeval
3755,7188,ifeval_235,ifeval
3756,7191,ifeval_238,ifeval
3757,7192,ifeval_239,ifeval
3758,7193,ifeval_240,ifeval
3759,7194,ifeval_241,ifeval
3760,7198,ifeval_245,ifeval
3761,7199,ifeval_246,ifeval
3762,7200,ifeval_247,ifeval
3763,7201,ifeval_248,ifeval
3764,7202,ifeval_249,ifeval
3765,7203,ifeval_250,ifeval
3766,7204,ifeval_251,ifeval
3767,7207,ifeval_254,ifeval
3768,7210,ifeval_257,ifeval
3769,7211,ifeval_258,ifeval
3770,7212,ifeval_259,ifeval
3771,7213,ifeval_260,ifeval
3772,7214,ifeval_261,ifeval
3773,7216,ifeval_263,ifeval
3774,7217,ifeval_264,ifeval
3775,7219,ifeval_266,ifeval
3776,7221,ifeval_268,ifeval
3777,7222,ifeval_269,ifeval
3778,7223,ifeval_270,ifeval
3779,7226,ifeval_273,ifeval
3780,7227,ifeval_274,ifeval
3781,7228,ifeval_275,ifeval
3782,7229,ifeval_276,ifeval
3783,7232,ifeval_279,ifeval
3784,7235,ifeval_282,ifeval
3785,7238,ifeval_285,ifeval
3786,7242,ifeval_289,ifeval
3787,7250,ifeval_297,ifeval
3788,7251,ifeval_298,ifeval
3789,7255,ifeval_302,ifeval
3790,7256,ifeval_303,ifeval
3791,7258,ifeval_305,ifeval
3792,7260,ifeval_307,ifeval
3793,7261,ifeval_308,ifeval
3794,7263,ifeval_310,ifeval
3795,7264,ifeval_311,ifeval
3796,7265,ifeval_312,ifeval
3797,7266,ifeval_313,ifeval
3798,7268,ifeval_315,ifeval
3799,7269,ifeval_316,ifeval
3800,7271,ifeval_318,ifeval
3801,7273,ifeval_320,ifeval
3802,7274,ifeval_321,ifeval
3803,7277,ifeval_324,ifeval
3804,7279,ifeval_326,ifeval
3805,7281,ifeval_328,ifeval
3806,7283,ifeval_330,ifeval
3807,7285,ifeval_332,ifeval
3808,7286,ifeval_333,ifeval
3809,7287,ifeval_334,ifeval
3810,7289,ifeval_336,ifeval
3811,7291,ifeval_338,ifeval
3812,7293,ifeval_340,ifeval
3813,7297,ifeval_344,ifeval
3814,7299,ifeval_346,ifeval
3815,7303,ifeval_350,ifeval
3816,7304,ifeval_351,ifeval
3817,7305,ifeval_352,ifeval
3818,7307,ifeval_354,ifeval
3819,7308,ifeval_355,ifeval
3820,7309,ifeval_356,ifeval
3821,7310,ifeval_357,ifeval
3822,7311,ifeval_358,ifeval
3823,7312,ifeval_359,ifeval
3824,7313,ifeval_360,ifeval
3825,7314,ifeval_361,ifeval
3826,7318,ifeval_365,ifeval
3827,7320,ifeval_367,ifeval
3828,7321,ifeval_368,ifeval
3829,7323,ifeval_370,ifeval
3830,7324,ifeval_371,ifeval
3831,7327,ifeval_374,ifeval
3832,7328,ifeval_375,ifeval
3833,7329,ifeval_376,ifeval
3834,7331,ifeval_378,ifeval
3835,7332,ifeval_379,ifeval
3836,7335,ifeval_382,ifeval
3837,7341,ifeval_388,ifeval
3838,7343,ifeval_390,ifeval
3839,7345,ifeval_392,ifeval
3840,7349,ifeval_396,ifeval
3841,7352,ifeval_399,ifeval
3842,7353,ifeval_400,ifeval
3843,7354,ifeval_401,ifeval
3844,7357,ifeval_404,ifeval
3845,7358,ifeval_405,ifeval
3846,7359,ifeval_406,ifeval
3847,7360,ifeval_407,ifeval
3848,7361,ifeval_408,ifeval
3849,7366,ifeval_413,ifeval
3850,7368,ifeval_415,ifeval
3851,7369,ifeval_416,ifeval
3852,7370,ifeval_417,ifeval
3853,7372,ifeval_419,ifeval
3854,7373,ifeval_420,ifeval
3855,7375,ifeval_422,ifeval
3856,7376,ifeval_423,ifeval
3857,7377,ifeval_424,ifeval
3858,7381,ifeval_428,ifeval
3859,7382,ifeval_429,ifeval
3860,7383,ifeval_430,ifeval
3861,7384,ifeval_431,ifeval
3862,7385,ifeval_432,ifeval
3863,7386,ifeval_433,ifeval
3864,7388,ifeval_435,ifeval
3865,7390,ifeval_437,ifeval
3866,7391,ifeval_438,ifeval
3867,7394,ifeval_441,ifeval
3868,7396,ifeval_443,ifeval
3869,7397,ifeval_444,ifeval
3870,7398,ifeval_445,ifeval
3871,7400,ifeval_447,ifeval
3872,7401,ifeval_448,ifeval
3873,7403,ifeval_450,ifeval
3874,7406,ifeval_453,ifeval
3875,7410,ifeval_457,ifeval
3876,7411,ifeval_458,ifeval
3877,7415,ifeval_462,ifeval
3878,7416,ifeval_463,ifeval
3879,7418,ifeval_465,ifeval
3880,7419,ifeval_466,ifeval
3881,7421,ifeval_468,ifeval
3882,7423,ifeval_470,ifeval
3883,7426,ifeval_473,ifeval
3884,7427,ifeval_474,ifeval
3885,7430,ifeval_477,ifeval
3886,7433,ifeval_480,ifeval
3887,7434,ifeval_481,ifeval
3888,7435,ifeval_482,ifeval
3889,7436,ifeval_483,ifeval
3890,7437,ifeval_484,ifeval
3891,7441,ifeval_488,ifeval
3892,7443,ifeval_490,ifeval
3893,7445,ifeval_492,ifeval
3894,7452,ifeval_499,ifeval
3895,7453,ifeval_500,ifeval
3896,7455,ifeval_502,ifeval
3897,7457,ifeval_504,ifeval
3898,7458,ifeval_505,ifeval
3899,7459,ifeval_506,ifeval
3900,7464,ifeval_511,ifeval
3901,7466,ifeval_513,ifeval
3902,7471,ifeval_518,ifeval
3903,7472,ifeval_519,ifeval
3904,7474,ifeval_521,ifeval
3905,7479,ifeval_526,ifeval
3906,7481,ifeval_528,ifeval
3907,7482,ifeval_529,ifeval
3908,7483,ifeval_530,ifeval
3909,7484,ifeval_531,ifeval
3910,7487,ifeval_534,ifeval
3911,7488,ifeval_535,ifeval
3912,7489,ifeval_536,ifeval
3913,7491,ifeval_538,ifeval
3914,7494,math_algebra_hard_0,math
3915,7495,math_algebra_hard_1,math
3916,7500,math_algebra_hard_6,math
3917,7506,math_algebra_hard_12,math
3918,7510,math_algebra_hard_16,math
3919,7511,math_algebra_hard_17,math
3920,7512,math_algebra_hard_18,math
3921,7514,math_algebra_hard_20,math
3922,7518,math_algebra_hard_24,math
3923,7521,math_algebra_hard_27,math
3924,7522,math_algebra_hard_28,math
3925,7523,math_algebra_hard_29,math
3926,7526,math_algebra_hard_32,math
3927,7528,math_algebra_hard_34,math
3928,7531,math_algebra_hard_37,math
3929,7533,math_algebra_hard_39,math
3930,7534,math_algebra_hard_40,math
3931,7536,math_algebra_hard_42,math
3932,7537,math_algebra_hard_43,math
3933,7538,math_algebra_hard_44,math
3934,7541,math_algebra_hard_47,math
3935,7542,math_algebra_hard_48,math
3936,7543,math_algebra_hard_49,math
3937,7544,math_algebra_hard_50,math
3938,7545,math_algebra_hard_51,math
3939,7546,math_algebra_hard_52,math
3940,7548,math_algebra_hard_54,math
3941,7550,math_algebra_hard_56,math
3942,7552,math_algebra_hard_58,math
3943,7555,math_algebra_hard_61,math
3944,7556,math_algebra_hard_62,math
3945,7557,math_algebra_hard_63,math
3946,7558,math_algebra_hard_64,math
3947,7559,math_algebra_hard_65,math
3948,7561,math_algebra_hard_67,math
3949,7562,math_algebra_hard_68,math
3950,7564,math_algebra_hard_70,math
3951,7568,math_algebra_hard_74,math
3952,7569,math_algebra_hard_75,math
3953,7571,math_algebra_hard_77,math
3954,7572,math_algebra_hard_78,math
3955,7573,math_algebra_hard_79,math
3956,7574,math_algebra_hard_80,math
3957,7577,math_algebra_hard_83,math
3958,7580,math_algebra_hard_86,math
3959,7582,math_algebra_hard_88,math
3960,7583,math_algebra_hard_89,math
3961,7584,math_algebra_hard_90,math
3962,7585,math_algebra_hard_91,math
3963,7586,math_algebra_hard_92,math
3964,7587,math_algebra_hard_93,math
3965,7588,math_algebra_hard_94,math
3966,7590,math_algebra_hard_96,math
3967,7592,math_algebra_hard_98,math
3968,7595,math_algebra_hard_101,math
3969,7596,math_algebra_hard_102,math
3970,7597,math_algebra_hard_103,math
3971,7599,math_algebra_hard_105,math
3972,7600,math_algebra_hard_106,math
3973,7609,math_algebra_hard_115,math
3974,7610,math_algebra_hard_116,math
3975,7611,math_algebra_hard_117,math
3976,7612,math_algebra_hard_118,math
3977,7617,math_algebra_hard_123,math
3978,7619,math_algebra_hard_125,math
3979,7620,math_algebra_hard_126,math
3980,7622,math_algebra_hard_128,math
3981,7623,math_algebra_hard_129,math
3982,7627,math_algebra_hard_133,math
3983,7630,math_algebra_hard_136,math
3984,7632,math_algebra_hard_138,math
3985,7634,math_algebra_hard_140,math
3986,7637,math_algebra_hard_143,math
3987,7640,math_algebra_hard_146,math
3988,7641,math_algebra_hard_147,math
3989,7643,math_algebra_hard_149,math
3990,7644,math_algebra_hard_150,math
3991,7646,math_algebra_hard_152,math
3992,7648,math_algebra_hard_154,math
3993,7649,math_algebra_hard_155,math
3994,7650,math_algebra_hard_156,math
3995,7651,math_algebra_hard_157,math
3996,7652,math_algebra_hard_158,math
3997,7653,math_algebra_hard_159,math
3998,7654,math_algebra_hard_160,math
3999,7662,math_algebra_hard_168,math
4000,7664,math_algebra_hard_170,math
4001,7666,math_algebra_hard_172,math
4002,7667,math_algebra_hard_173,math
4003,7668,math_algebra_hard_174,math
4004,7669,math_algebra_hard_175,math
4005,7670,math_algebra_hard_176,math
4006,7671,math_algebra_hard_177,math
4007,7672,math_algebra_hard_178,math
4008,7673,math_algebra_hard_179,math
4009,7674,math_algebra_hard_180,math
4010,7675,math_algebra_hard_181,math
4011,7678,math_algebra_hard_184,math
4012,7680,math_algebra_hard_186,math
4013,7682,math_algebra_hard_188,math
4014,7684,math_algebra_hard_190,math
4015,7686,math_algebra_hard_192,math
4016,7687,math_algebra_hard_193,math
4017,7688,math_algebra_hard_194,math
4018,7690,math_algebra_hard_196,math
4019,7692,math_algebra_hard_198,math
4020,7693,math_algebra_hard_199,math
4021,7694,math_algebra_hard_200,math
4022,7695,math_algebra_hard_201,math
4023,7699,math_algebra_hard_205,math
4024,7700,math_algebra_hard_206,math
4025,7702,math_algebra_hard_208,math
4026,7703,math_algebra_hard_209,math
4027,7705,math_algebra_hard_211,math
4028,7706,math_algebra_hard_212,math
4029,7709,math_algebra_hard_215,math
4030,7710,math_algebra_hard_216,math
4031,7714,math_algebra_hard_220,math
4032,7721,math_algebra_hard_227,math
4033,7722,math_algebra_hard_228,math
4034,7729,math_algebra_hard_235,math
4035,7730,math_algebra_hard_236,math
4036,7731,math_algebra_hard_237,math
4037,7732,math_algebra_hard_238,math
4038,7734,math_algebra_hard_240,math
4039,7735,math_algebra_hard_241,math
4040,7737,math_algebra_hard_243,math
4041,7739,math_algebra_hard_245,math
4042,7740,math_algebra_hard_246,math
4043,7741,math_algebra_hard_247,math
4044,7747,math_algebra_hard_253,math
4045,7751,math_algebra_hard_257,math
4046,7752,math_algebra_hard_258,math
4047,7753,math_algebra_hard_259,math
4048,7755,math_algebra_hard_261,math
4049,7762,math_algebra_hard_268,math
4050,7763,math_algebra_hard_269,math
4051,7764,math_algebra_hard_270,math
4052,7766,math_algebra_hard_272,math
4053,7768,math_algebra_hard_274,math
4054,7769,math_algebra_hard_275,math
4055,7770,math_algebra_hard_276,math
4056,7771,math_algebra_hard_277,math
4057,7772,math_algebra_hard_278,math
4058,7774,math_algebra_hard_280,math
4059,7775,math_algebra_hard_281,math
4060,7777,math_algebra_hard_283,math
4061,7780,math_algebra_hard_286,math
4062,7781,math_algebra_hard_287,math
4063,7782,math_algebra_hard_288,math
4064,7785,math_algebra_hard_291,math
4065,7786,math_algebra_hard_292,math
4066,7792,math_algebra_hard_298,math
4067,7794,math_algebra_hard_300,math
4068,7795,math_algebra_hard_301,math
4069,7797,math_algebra_hard_303,math
4070,7799,math_algebra_hard_305,math
4071,7801,math_counting_and_prob_hard_0,math
4072,7802,math_counting_and_prob_hard_1,math
4073,7803,math_counting_and_prob_hard_2,math
4074,7805,math_counting_and_prob_hard_4,math
4075,7806,math_counting_and_prob_hard_5,math
4076,7807,math_counting_and_prob_hard_6,math
4077,7809,math_counting_and_prob_hard_8,math
4078,7810,math_counting_and_prob_hard_9,math
4079,7811,math_counting_and_prob_hard_10,math
4080,7813,math_counting_and_prob_hard_12,math
4081,7815,math_counting_and_prob_hard_14,math
4082,7817,math_counting_and_prob_hard_16,math
4083,7818,math_counting_and_prob_hard_17,math
4084,7824,math_counting_and_prob_hard_23,math
4085,7825,math_counting_and_prob_hard_24,math
4086,7826,math_counting_and_prob_hard_25,math
4087,7827,math_counting_and_prob_hard_26,math
4088,7828,math_counting_and_prob_hard_27,math
4089,7830,math_counting_and_prob_hard_29,math
4090,7832,math_counting_and_prob_hard_31,math
4091,7835,math_counting_and_prob_hard_34,math
4092,7839,math_counting_and_prob_hard_38,math
4093,7840,math_counting_and_prob_hard_39,math
4094,7841,math_counting_and_prob_hard_40,math
4095,7844,math_counting_and_prob_hard_43,math
4096,7847,math_counting_and_prob_hard_46,math
4097,7850,math_counting_and_prob_hard_49,math
4098,7852,math_counting_and_prob_hard_51,math
4099,7853,math_counting_and_prob_hard_52,math
4100,7855,math_counting_and_prob_hard_54,math
4101,7856,math_counting_and_prob_hard_55,math
4102,7857,math_counting_and_prob_hard_56,math
4103,7858,math_counting_and_prob_hard_57,math
4104,7860,math_counting_and_prob_hard_59,math
4105,7863,math_counting_and_prob_hard_62,math
4106,7865,math_counting_and_prob_hard_64,math
4107,7867,math_counting_and_prob_hard_66,math
4108,7869,math_counting_and_prob_hard_68,math
4109,7871,math_counting_and_prob_hard_70,math
4110,7873,math_counting_and_prob_hard_72,math
4111,7874,math_counting_and_prob_hard_73,math
4112,7875,math_counting_and_prob_hard_74,math
4113,7876,math_counting_and_prob_hard_75,math
4114,7877,math_counting_and_prob_hard_76,math
4115,7878,math_counting_and_prob_hard_77,math
4116,7882,math_counting_and_prob_hard_81,math
4117,7883,math_counting_and_prob_hard_82,math
4118,7885,math_counting_and_prob_hard_84,math
4119,7886,math_counting_and_prob_hard_85,math
4120,7887,math_counting_and_prob_hard_86,math
4121,7891,math_counting_and_prob_hard_90,math
4122,7892,math_counting_and_prob_hard_91,math
4123,7893,math_counting_and_prob_hard_92,math
4124,7894,math_counting_and_prob_hard_93,math
4125,7895,math_counting_and_prob_hard_94,math
4126,7896,math_counting_and_prob_hard_95,math
4127,7898,math_counting_and_prob_hard_97,math
4128,7899,math_counting_and_prob_hard_98,math
4129,7902,math_counting_and_prob_hard_101,math
4130,7903,math_counting_and_prob_hard_102,math
4131,7909,math_counting_and_prob_hard_108,math
4132,7910,math_counting_and_prob_hard_109,math
4133,7913,math_counting_and_prob_hard_112,math
4134,7914,math_counting_and_prob_hard_113,math
4135,7918,math_counting_and_prob_hard_117,math
4136,7920,math_counting_and_prob_hard_119,math
4137,7922,math_counting_and_prob_hard_121,math
4138,7925,math_geometry_hard_1,math
4139,7927,math_geometry_hard_3,math
4140,7929,math_geometry_hard_5,math
4141,7930,math_geometry_hard_6,math
4142,7931,math_geometry_hard_7,math
4143,7932,math_geometry_hard_8,math
4144,7939,math_geometry_hard_15,math
4145,7941,math_geometry_hard_17,math
4146,7946,math_geometry_hard_22,math
4147,7948,math_geometry_hard_24,math
4148,7949,math_geometry_hard_25,math
4149,7950,math_geometry_hard_26,math
4150,7952,math_geometry_hard_28,math
4151,7953,math_geometry_hard_29,math
4152,7956,math_geometry_hard_32,math
4153,7958,math_geometry_hard_34,math
4154,7962,math_geometry_hard_38,math
4155,7966,math_geometry_hard_42,math
4156,7967,math_geometry_hard_43,math
4157,7969,math_geometry_hard_45,math
4158,7970,math_geometry_hard_46,math
4159,7971,math_geometry_hard_47,math
4160,7972,math_geometry_hard_48,math
4161,7974,math_geometry_hard_50,math
4162,7976,math_geometry_hard_52,math
4163,7977,math_geometry_hard_53,math
4164,7981,math_geometry_hard_57,math
4165,7982,math_geometry_hard_58,math
4166,7983,math_geometry_hard_59,math
4167,7984,math_geometry_hard_60,math
4168,7986,math_geometry_hard_62,math
4169,7987,math_geometry_hard_63,math
4170,7990,math_geometry_hard_66,math
4171,7991,math_geometry_hard_67,math
4172,7992,math_geometry_hard_68,math
4173,7994,math_geometry_hard_70,math
4174,7995,math_geometry_hard_71,math
4175,7996,math_geometry_hard_72,math
4176,7999,math_geometry_hard_75,math
4177,8001,math_geometry_hard_77,math
4178,8003,math_geometry_hard_79,math
4179,8004,math_geometry_hard_80,math
4180,8005,math_geometry_hard_81,math
4181,8007,math_geometry_hard_83,math
4182,8009,math_geometry_hard_85,math
4183,8010,math_geometry_hard_86,math
4184,8012,math_geometry_hard_88,math
4185,8014,math_geometry_hard_90,math
4186,8015,math_geometry_hard_91,math
4187,8018,math_geometry_hard_94,math
4188,8019,math_geometry_hard_95,math
4189,8020,math_geometry_hard_96,math
4190,8021,math_geometry_hard_97,math
4191,8023,math_geometry_hard_99,math
4192,8024,math_geometry_hard_100,math
4193,8025,math_geometry_hard_101,math
4194,8026,math_geometry_hard_102,math
4195,8027,math_geometry_hard_103,math
4196,8028,math_geometry_hard_104,math
4197,8031,math_geometry_hard_107,math
4198,8032,math_geometry_hard_108,math
4199,8033,math_geometry_hard_109,math
4200,8035,math_geometry_hard_111,math
4201,8036,math_geometry_hard_112,math
4202,8038,math_geometry_hard_114,math
4203,8041,math_geometry_hard_117,math
4204,8043,math_geometry_hard_119,math
4205,8044,math_geometry_hard_120,math
4206,8046,math_geometry_hard_122,math
4207,8047,math_geometry_hard_123,math
4208,8048,math_geometry_hard_124,math
4209,8049,math_geometry_hard_125,math
4210,8051,math_geometry_hard_127,math
4211,8053,math_geometry_hard_129,math
4212,8054,math_geometry_hard_130,math
4213,8056,math_intermediate_algebra_hard_0,math
4214,8058,math_intermediate_algebra_hard_2,math
4215,8059,math_intermediate_algebra_hard_3,math
4216,8060,math_intermediate_algebra_hard_4,math
4217,8062,math_intermediate_algebra_hard_6,math
4218,8065,math_intermediate_algebra_hard_9,math
4219,8066,math_intermediate_algebra_hard_10,math
4220,8069,math_intermediate_algebra_hard_13,math
4221,8071,math_intermediate_algebra_hard_15,math
4222,8072,math_intermediate_algebra_hard_16,math
4223,8074,math_intermediate_algebra_hard_18,math
4224,8078,math_intermediate_algebra_hard_22,math
4225,8084,math_intermediate_algebra_hard_28,math
4226,8087,math_intermediate_algebra_hard_31,math
4227,8089,math_intermediate_algebra_hard_33,math
4228,8091,math_intermediate_algebra_hard_35,math
4229,8094,math_intermediate_algebra_hard_38,math
4230,8102,math_intermediate_algebra_hard_46,math
4231,8108,math_intermediate_algebra_hard_52,math
4232,8111,math_intermediate_algebra_hard_55,math
4233,8115,math_intermediate_algebra_hard_59,math
4234,8116,math_intermediate_algebra_hard_60,math
4235,8118,math_intermediate_algebra_hard_62,math
4236,8121,math_intermediate_algebra_hard_65,math
4237,8122,math_intermediate_algebra_hard_66,math
4238,8123,math_intermediate_algebra_hard_67,math
4239,8124,math_intermediate_algebra_hard_68,math
4240,8129,math_intermediate_algebra_hard_73,math
4241,8130,math_intermediate_algebra_hard_74,math
4242,8135,math_intermediate_algebra_hard_79,math
4243,8137,math_intermediate_algebra_hard_81,math
4244,8138,math_intermediate_algebra_hard_82,math
4245,8139,math_intermediate_algebra_hard_83,math
4246,8140,math_intermediate_algebra_hard_84,math
4247,8144,math_intermediate_algebra_hard_88,math
4248,8145,math_intermediate_algebra_hard_89,math
4249,8148,math_intermediate_algebra_hard_92,math
4250,8150,math_intermediate_algebra_hard_94,math
4251,8151,math_intermediate_algebra_hard_95,math
4252,8152,math_intermediate_algebra_hard_96,math
4253,8155,math_intermediate_algebra_hard_99,math
4254,8156,math_intermediate_algebra_hard_100,math
4255,8157,math_intermediate_algebra_hard_101,math
4256,8159,math_intermediate_algebra_hard_103,math
4257,8160,math_intermediate_algebra_hard_104,math
4258,8161,math_intermediate_algebra_hard_105,math
4259,8163,math_intermediate_algebra_hard_107,math
4260,8164,math_intermediate_algebra_hard_108,math
4261,8165,math_intermediate_algebra_hard_109,math
4262,8166,math_intermediate_algebra_hard_110,math
4263,8170,math_intermediate_algebra_hard_114,math
4264,8172,math_intermediate_algebra_hard_116,math
4265,8174,math_intermediate_algebra_hard_118,math
4266,8175,math_intermediate_algebra_hard_119,math
4267,8176,math_intermediate_algebra_hard_120,math
4268,8178,math_intermediate_algebra_hard_122,math
4269,8182,math_intermediate_algebra_hard_126,math
4270,8183,math_intermediate_algebra_hard_127,math
4271,8184,math_intermediate_algebra_hard_128,math
4272,8185,math_intermediate_algebra_hard_129,math
4273,8186,math_intermediate_algebra_hard_130,math
4274,8187,math_intermediate_algebra_hard_131,math
4275,8188,math_intermediate_algebra_hard_132,math
4276,8189,math_intermediate_algebra_hard_133,math
4277,8190,math_intermediate_algebra_hard_134,math
4278,8192,math_intermediate_algebra_hard_136,math
4279,8193,math_intermediate_algebra_hard_137,math
4280,8195,math_intermediate_algebra_hard_139,math
4281,8196,math_intermediate_algebra_hard_140,math
4282,8200,math_intermediate_algebra_hard_144,math
4283,8203,math_intermediate_algebra_hard_147,math
4284,8210,math_intermediate_algebra_hard_154,math
4285,8212,math_intermediate_algebra_hard_156,math
4286,8213,math_intermediate_algebra_hard_157,math
4287,8217,math_intermediate_algebra_hard_161,math
4288,8218,math_intermediate_algebra_hard_162,math
4289,8220,math_intermediate_algebra_hard_164,math
4290,8221,math_intermediate_algebra_hard_165,math
4291,8222,math_intermediate_algebra_hard_166,math
4292,8223,math_intermediate_algebra_hard_167,math
4293,8225,math_intermediate_algebra_hard_169,math
4294,8226,math_intermediate_algebra_hard_170,math
4295,8228,math_intermediate_algebra_hard_172,math
4296,8230,math_intermediate_algebra_hard_174,math
4297,8232,math_intermediate_algebra_hard_176,math
4298,8234,math_intermediate_algebra_hard_178,math
4299,8235,math_intermediate_algebra_hard_179,math
4300,8236,math_intermediate_algebra_hard_180,math
4301,8240,math_intermediate_algebra_hard_184,math
4302,8242,math_intermediate_algebra_hard_186,math
4303,8246,math_intermediate_algebra_hard_190,math
4304,8248,math_intermediate_algebra_hard_192,math
4305,8249,math_intermediate_algebra_hard_193,math
4306,8251,math_intermediate_algebra_hard_195,math
4307,8253,math_intermediate_algebra_hard_197,math
4308,8255,math_intermediate_algebra_hard_199,math
4309,8256,math_intermediate_algebra_hard_200,math
4310,8259,math_intermediate_algebra_hard_203,math
4311,8260,math_intermediate_algebra_hard_204,math
4312,8261,math_intermediate_algebra_hard_205,math
4313,8262,math_intermediate_algebra_hard_206,math
4314,8265,math_intermediate_algebra_hard_209,math
4315,8271,math_intermediate_algebra_hard_215,math
4316,8275,math_intermediate_algebra_hard_219,math
4317,8276,math_intermediate_algebra_hard_220,math
4318,8277,math_intermediate_algebra_hard_221,math
4319,8280,math_intermediate_algebra_hard_224,math
4320,8285,math_intermediate_algebra_hard_229,math
4321,8287,math_intermediate_algebra_hard_231,math
4322,8289,math_intermediate_algebra_hard_233,math
4323,8290,math_intermediate_algebra_hard_234,math
4324,8291,math_intermediate_algebra_hard_235,math
4325,8292,math_intermediate_algebra_hard_236,math
4326,8293,math_intermediate_algebra_hard_237,math
4327,8297,math_intermediate_algebra_hard_241,math
4328,8298,math_intermediate_algebra_hard_242,math
4329,8301,math_intermediate_algebra_hard_245,math
4330,8306,math_intermediate_algebra_hard_250,math
4331,8307,math_intermediate_algebra_hard_251,math
4332,8309,math_intermediate_algebra_hard_253,math
4333,8310,math_intermediate_algebra_hard_254,math
4334,8311,math_intermediate_algebra_hard_255,math
4335,8313,math_intermediate_algebra_hard_257,math
4336,8314,math_intermediate_algebra_hard_258,math
4337,8315,math_intermediate_algebra_hard_259,math
4338,8316,math_intermediate_algebra_hard_260,math
4339,8319,math_intermediate_algebra_hard_263,math
4340,8326,math_intermediate_algebra_hard_270,math
4341,8329,math_intermediate_algebra_hard_273,math
4342,8331,math_intermediate_algebra_hard_275,math
4343,8332,math_intermediate_algebra_hard_276,math
4344,8335,math_intermediate_algebra_hard_279,math
4345,8336,math_num_theory_hard_0,math
4346,8338,math_num_theory_hard_2,math
4347,8339,math_num_theory_hard_3,math
4348,8345,math_num_theory_hard_9,math
4349,8347,math_num_theory_hard_11,math
4350,8348,math_num_theory_hard_12,math
4351,8349,math_num_theory_hard_13,math
4352,8350,math_num_theory_hard_14,math
4353,8354,math_num_theory_hard_18,math
4354,8355,math_num_theory_hard_19,math
4355,8358,math_num_theory_hard_22,math
4356,8359,math_num_theory_hard_23,math
4357,8361,math_num_theory_hard_25,math
4358,8362,math_num_theory_hard_26,math
4359,8364,math_num_theory_hard_28,math
4360,8365,math_num_theory_hard_29,math
4361,8366,math_num_theory_hard_30,math
4362,8367,math_num_theory_hard_31,math
4363,8368,math_num_theory_hard_32,math
4364,8369,math_num_theory_hard_33,math
4365,8370,math_num_theory_hard_34,math
4366,8373,math_num_theory_hard_37,math
4367,8374,math_num_theory_hard_38,math
4368,8375,math_num_theory_hard_39,math
4369,8376,math_num_theory_hard_40,math
4370,8378,math_num_theory_hard_42,math
4371,8379,math_num_theory_hard_43,math
4372,8380,math_num_theory_hard_44,math
4373,8381,math_num_theory_hard_45,math
4374,8382,math_num_theory_hard_46,math
4375,8383,math_num_theory_hard_47,math
4376,8384,math_num_theory_hard_48,math
4377,8385,math_num_theory_hard_49,math
4378,8386,math_num_theory_hard_50,math
4379,8387,math_num_theory_hard_51,math
4380,8389,math_num_theory_hard_53,math
4381,8395,math_num_theory_hard_59,math
4382,8399,math_num_theory_hard_63,math
4383,8400,math_num_theory_hard_64,math
4384,8401,math_num_theory_hard_65,math
4385,8404,math_num_theory_hard_68,math
4386,8407,math_num_theory_hard_71,math
4387,8408,math_num_theory_hard_72,math
4388,8410,math_num_theory_hard_74,math
4389,8411,math_num_theory_hard_75,math
4390,8412,math_num_theory_hard_76,math
4391,8414,math_num_theory_hard_78,math
4392,8415,math_num_theory_hard_79,math
4393,8418,math_num_theory_hard_82,math
4394,8419,math_num_theory_hard_83,math
4395,8420,math_num_theory_hard_84,math
4396,8421,math_num_theory_hard_85,math
4397,8423,math_num_theory_hard_87,math
4398,8426,math_num_theory_hard_90,math
4399,8427,math_num_theory_hard_91,math
4400,8431,math_num_theory_hard_95,math
4401,8432,math_num_theory_hard_96,math
4402,8439,math_num_theory_hard_103,math
4403,8440,math_num_theory_hard_104,math
4404,8441,math_num_theory_hard_105,math
4405,8442,math_num_theory_hard_106,math
4406,8443,math_num_theory_hard_107,math
4407,8444,math_num_theory_hard_108,math
4408,8445,math_num_theory_hard_109,math
4409,8446,math_num_theory_hard_110,math
4410,8447,math_num_theory_hard_111,math
4411,8448,math_num_theory_hard_112,math
4412,8449,math_num_theory_hard_113,math
4413,8450,math_num_theory_hard_114,math
4414,8451,math_num_theory_hard_115,math
4415,8452,math_num_theory_hard_116,math
4416,8454,math_num_theory_hard_118,math
4417,8455,math_num_theory_hard_119,math
4418,8457,math_num_theory_hard_121,math
4419,8460,math_num_theory_hard_124,math
4420,8461,math_num_theory_hard_125,math
4421,8462,math_num_theory_hard_126,math
4422,8463,math_num_theory_hard_127,math
4423,8465,math_num_theory_hard_129,math
4424,8466,math_num_theory_hard_130,math
4425,8468,math_num_theory_hard_132,math
4426,8472,math_num_theory_hard_136,math
4427,8473,math_num_theory_hard_137,math
4428,8474,math_num_theory_hard_138,math
4429,8476,math_num_theory_hard_140,math
4430,8477,math_num_theory_hard_141,math
4431,8478,math_num_theory_hard_142,math
4432,8480,math_num_theory_hard_144,math
4433,8482,math_num_theory_hard_146,math
4434,8483,math_num_theory_hard_147,math
4435,8486,math_num_theory_hard_150,math
4436,8490,math_prealgebra_hard_0,math
4437,8491,math_prealgebra_hard_1,math
4438,8493,math_prealgebra_hard_3,math
4439,8498,math_prealgebra_hard_8,math
4440,8499,math_prealgebra_hard_9,math
4441,8504,math_prealgebra_hard_14,math
4442,8506,math_prealgebra_hard_16,math
4443,8509,math_prealgebra_hard_19,math
4444,8511,math_prealgebra_hard_21,math
4445,8513,math_prealgebra_hard_23,math
4446,8517,math_prealgebra_hard_27,math
4447,8519,math_prealgebra_hard_29,math
4448,8520,math_prealgebra_hard_30,math
4449,8521,math_prealgebra_hard_31,math
4450,8526,math_prealgebra_hard_36,math
4451,8527,math_prealgebra_hard_37,math
4452,8528,math_prealgebra_hard_38,math
4453,8529,math_prealgebra_hard_39,math
4454,8534,math_prealgebra_hard_44,math
4455,8535,math_prealgebra_hard_45,math
4456,8536,math_prealgebra_hard_46,math
4457,8537,math_prealgebra_hard_47,math
4458,8538,math_prealgebra_hard_48,math
4459,8539,math_prealgebra_hard_49,math
4460,8545,math_prealgebra_hard_55,math
4461,8549,math_prealgebra_hard_59,math
4462,8553,math_prealgebra_hard_63,math
4463,8554,math_prealgebra_hard_64,math
4464,8559,math_prealgebra_hard_69,math
4465,8562,math_prealgebra_hard_72,math
4466,8563,math_prealgebra_hard_73,math
4467,8566,math_prealgebra_hard_76,math
4468,8567,math_prealgebra_hard_77,math
4469,8568,math_prealgebra_hard_78,math
4470,8569,math_prealgebra_hard_79,math
4471,8570,math_prealgebra_hard_80,math
4472,8571,math_prealgebra_hard_81,math
4473,8573,math_prealgebra_hard_83,math
4474,8575,math_prealgebra_hard_85,math
4475,8577,math_prealgebra_hard_87,math
4476,8578,math_prealgebra_hard_88,math
4477,8579,math_prealgebra_hard_89,math
4478,8580,math_prealgebra_hard_90,math
4479,8581,math_prealgebra_hard_91,math
4480,8584,math_prealgebra_hard_94,math
4481,8586,math_prealgebra_hard_96,math
4482,8587,math_prealgebra_hard_97,math
4483,8591,math_prealgebra_hard_101,math
4484,8593,math_prealgebra_hard_103,math
4485,8597,math_prealgebra_hard_107,math
4486,8598,math_prealgebra_hard_108,math
4487,8599,math_prealgebra_hard_109,math
4488,8600,math_prealgebra_hard_110,math
4489,8602,math_prealgebra_hard_112,math
4490,8603,math_prealgebra_hard_113,math
4491,8604,math_prealgebra_hard_114,math
4492,8609,math_prealgebra_hard_119,math
4493,8613,math_prealgebra_hard_123,math
4494,8616,math_prealgebra_hard_126,math
4495,8618,math_prealgebra_hard_128,math
4496,8626,math_prealgebra_hard_136,math
4497,8633,math_prealgebra_hard_143,math
4498,8634,math_prealgebra_hard_144,math
4499,8635,math_prealgebra_hard_145,math
4500,8636,math_prealgebra_hard_146,math
4501,8639,math_prealgebra_hard_149,math
4502,8643,math_prealgebra_hard_153,math
4503,8644,math_prealgebra_hard_154,math
4504,8645,math_prealgebra_hard_155,math
4505,8646,math_prealgebra_hard_156,math
4506,8648,math_prealgebra_hard_158,math
4507,8650,math_prealgebra_hard_160,math
4508,8652,math_prealgebra_hard_162,math
4509,8653,math_prealgebra_hard_163,math
4510,8654,math_prealgebra_hard_164,math
4511,8655,math_prealgebra_hard_165,math
4512,8656,math_prealgebra_hard_166,math
4513,8657,math_prealgebra_hard_167,math
4514,8660,math_prealgebra_hard_170,math
4515,8661,math_prealgebra_hard_171,math
4516,8663,math_prealgebra_hard_173,math
4517,8669,math_prealgebra_hard_179,math
4518,8673,math_prealgebra_hard_183,math
4519,8674,math_prealgebra_hard_184,math
4520,8675,math_prealgebra_hard_185,math
4521,8678,math_prealgebra_hard_188,math
4522,8679,math_prealgebra_hard_189,math
4523,8682,math_prealgebra_hard_192,math
4524,8684,math_precalculus_hard_1,math
4525,8685,math_precalculus_hard_2,math
4526,8686,math_precalculus_hard_3,math
4527,8689,math_precalculus_hard_6,math
4528,8690,math_precalculus_hard_7,math
4529,8691,math_precalculus_hard_8,math
4530,8692,math_precalculus_hard_9,math
4531,8693,math_precalculus_hard_10,math
4532,8695,math_precalculus_hard_12,math
4533,8698,math_precalculus_hard_15,math
4534,8699,math_precalculus_hard_16,math
4535,8701,math_precalculus_hard_18,math
4536,8702,math_precalculus_hard_19,math
4537,8703,math_precalculus_hard_20,math
4538,8705,math_precalculus_hard_22,math
4539,8706,math_precalculus_hard_23,math
4540,8707,math_precalculus_hard_24,math
4541,8708,math_precalculus_hard_25,math
4542,8709,math_precalculus_hard_26,math
4543,8710,math_precalculus_hard_27,math
4544,8711,math_precalculus_hard_28,math
4545,8712,math_precalculus_hard_29,math
4546,8713,math_precalculus_hard_30,math
4547,8714,math_precalculus_hard_31,math
4548,8716,math_precalculus_hard_33,math
4549,8718,math_precalculus_hard_35,math
4550,8720,math_precalculus_hard_37,math
4551,8721,math_precalculus_hard_38,math
4552,8722,math_precalculus_hard_39,math
4553,8724,math_precalculus_hard_41,math
4554,8725,math_precalculus_hard_42,math
4555,8726,math_precalculus_hard_43,math
4556,8728,math_precalculus_hard_45,math
4557,8729,math_precalculus_hard_46,math
4558,8731,math_precalculus_hard_48,math
4559,8732,math_precalculus_hard_49,math
4560,8734,math_precalculus_hard_51,math
4561,8735,math_precalculus_hard_52,math
4562,8739,math_precalculus_hard_56,math
4563,8740,math_precalculus_hard_57,math
4564,8741,math_precalculus_hard_58,math
4565,8743,math_precalculus_hard_60,math
4566,8745,math_precalculus_hard_62,math
4567,8747,math_precalculus_hard_64,math
4568,8752,math_precalculus_hard_69,math
4569,8754,math_precalculus_hard_71,math
4570,8755,math_precalculus_hard_72,math
4571,8759,math_precalculus_hard_76,math
4572,8760,math_precalculus_hard_77,math
4573,8764,math_precalculus_hard_81,math
4574,8765,math_precalculus_hard_82,math
4575,8766,math_precalculus_hard_83,math
4576,8768,math_precalculus_hard_85,math
4577,8769,math_precalculus_hard_86,math
4578,8770,math_precalculus_hard_87,math
4579,8773,math_precalculus_hard_90,math
4580,8775,math_precalculus_hard_92,math
4581,8776,math_precalculus_hard_93,math
4582,8780,math_precalculus_hard_97,math
4583,8782,math_precalculus_hard_99,math
4584,8784,math_precalculus_hard_101,math
4585,8785,math_precalculus_hard_102,math
4586,8787,math_precalculus_hard_104,math
4587,8788,math_precalculus_hard_105,math
4588,8789,math_precalculus_hard_106,math
4589,8790,math_precalculus_hard_107,math
4590,8791,math_precalculus_hard_108,math
4591,8792,math_precalculus_hard_109,math
4592,8796,math_precalculus_hard_113,math
4593,8798,math_precalculus_hard_115,math
4594,8799,math_precalculus_hard_116,math
4595,8800,math_precalculus_hard_117,math
4596,8801,math_precalculus_hard_118,math
4597,8802,math_precalculus_hard_119,math
4598,8804,math_precalculus_hard_121,math
4599,8806,math_precalculus_hard_123,math
4600,8810,math_precalculus_hard_127,math
4601,8811,math_precalculus_hard_128,math
4602,8812,math_precalculus_hard_129,math
4603,8816,math_precalculus_hard_133,math
4604,8817,math_precalculus_hard_134,math
4605,8818,musr_murder_mysteries_0,musr
4606,8819,musr_murder_mysteries_1,musr
4607,8820,musr_murder_mysteries_2,musr
4608,8823,musr_murder_mysteries_5,musr
4609,8827,musr_murder_mysteries_9,musr
4610,8832,musr_murder_mysteries_14,musr
4611,8833,musr_murder_mysteries_15,musr
4612,8837,musr_murder_mysteries_19,musr
4613,8838,musr_murder_mysteries_20,musr
4614,8840,musr_murder_mysteries_22,musr
4615,8846,musr_murder_mysteries_28,musr
4616,8849,musr_murder_mysteries_31,musr
4617,8856,musr_murder_mysteries_38,musr
4618,8857,musr_murder_mysteries_39,musr
4619,8858,musr_murder_mysteries_40,musr
4620,8859,musr_murder_mysteries_41,musr
4621,8860,musr_murder_mysteries_42,musr
4622,8864,musr_murder_mysteries_46,musr
4623,8866,musr_murder_mysteries_48,musr
4624,8867,musr_murder_mysteries_49,musr
4625,8869,musr_murder_mysteries_51,musr
4626,8870,musr_murder_mysteries_52,musr
4627,8871,musr_murder_mysteries_53,musr
4628,8872,musr_murder_mysteries_54,musr
4629,8878,musr_murder_mysteries_60,musr
4630,8880,musr_murder_mysteries_62,musr
4631,8883,musr_murder_mysteries_65,musr
4632,8884,musr_murder_mysteries_66,musr
4633,8886,musr_murder_mysteries_68,musr
4634,8887,musr_murder_mysteries_69,musr
4635,8888,musr_murder_mysteries_70,musr
4636,8889,musr_murder_mysteries_71,musr
4637,8891,musr_murder_mysteries_73,musr
4638,8892,musr_murder_mysteries_74,musr
4639,8896,musr_murder_mysteries_78,musr
4640,8897,musr_murder_mysteries_79,musr
4641,8904,musr_murder_mysteries_86,musr
4642,8905,musr_murder_mysteries_87,musr
4643,8906,musr_murder_mysteries_88,musr
4644,8907,musr_murder_mysteries_89,musr
4645,8909,musr_murder_mysteries_91,musr
4646,8911,musr_murder_mysteries_93,musr
4647,8912,musr_murder_mysteries_94,musr
4648,8913,musr_murder_mysteries_95,musr
4649,8914,musr_murder_mysteries_96,musr
4650,8917,musr_murder_mysteries_99,musr
4651,8919,musr_murder_mysteries_101,musr
4652,8920,musr_murder_mysteries_102,musr
4653,8923,musr_murder_mysteries_105,musr
4654,8925,musr_murder_mysteries_107,musr
4655,8926,musr_murder_mysteries_108,musr
4656,8930,musr_murder_mysteries_112,musr
4657,8935,musr_murder_mysteries_117,musr
4658,8936,musr_murder_mysteries_118,musr
4659,8937,musr_murder_mysteries_119,musr
4660,8938,musr_murder_mysteries_120,musr
4661,8939,musr_murder_mysteries_121,musr
4662,8940,musr_murder_mysteries_122,musr
4663,8941,musr_murder_mysteries_123,musr
4664,8945,musr_murder_mysteries_127,musr
4665,8946,musr_murder_mysteries_128,musr
4666,8947,musr_murder_mysteries_129,musr
4667,8949,musr_murder_mysteries_131,musr
4668,8950,musr_murder_mysteries_132,musr
4669,8951,musr_murder_mysteries_133,musr
4670,8953,musr_murder_mysteries_135,musr
4671,8954,musr_murder_mysteries_136,musr
4672,8957,musr_murder_mysteries_139,musr
4673,8958,musr_murder_mysteries_140,musr
4674,8959,musr_murder_mysteries_141,musr
4675,8960,musr_murder_mysteries_142,musr
4676,8961,musr_murder_mysteries_143,musr
4677,8962,musr_murder_mysteries_144,musr
4678,8963,musr_murder_mysteries_145,musr
4679,8964,musr_murder_mysteries_146,musr
4680,8969,musr_murder_mysteries_151,musr
4681,8971,musr_murder_mysteries_153,musr
4682,8972,musr_murder_mysteries_154,musr
4683,8973,musr_murder_mysteries_155,musr
4684,8974,musr_murder_mysteries_156,musr
4685,8977,musr_murder_mysteries_159,musr
4686,8980,musr_murder_mysteries_162,musr
4687,8981,musr_murder_mysteries_163,musr
4688,8982,musr_murder_mysteries_164,musr
4689,8985,musr_murder_mysteries_167,musr
4690,8988,musr_murder_mysteries_170,musr
4691,8989,musr_murder_mysteries_171,musr
4692,8994,musr_murder_mysteries_176,musr
4693,8995,musr_murder_mysteries_177,musr
4694,8996,musr_murder_mysteries_178,musr
4695,9002,musr_murder_mysteries_184,musr
4696,9003,musr_murder_mysteries_185,musr
4697,9004,musr_murder_mysteries_186,musr
4698,9007,musr_murder_mysteries_189,musr
4699,9016,musr_murder_mysteries_198,musr
4700,9019,musr_murder_mysteries_201,musr
4701,9021,musr_murder_mysteries_203,musr
4702,9024,musr_murder_mysteries_206,musr
4703,9026,musr_murder_mysteries_208,musr
4704,9028,musr_murder_mysteries_210,musr
4705,9029,musr_murder_mysteries_211,musr
4706,9030,musr_murder_mysteries_212,musr
4707,9031,musr_murder_mysteries_213,musr
4708,9033,musr_murder_mysteries_215,musr
4709,9035,musr_murder_mysteries_217,musr
4710,9036,musr_murder_mysteries_218,musr
4711,9037,musr_murder_mysteries_219,musr
4712,9038,musr_murder_mysteries_220,musr
4713,9042,musr_murder_mysteries_224,musr
4714,9043,musr_murder_mysteries_225,musr
4715,9045,musr_murder_mysteries_227,musr
4716,9047,musr_murder_mysteries_229,musr
4717,9048,musr_murder_mysteries_230,musr
4718,9049,musr_murder_mysteries_231,musr
4719,9054,musr_murder_mysteries_236,musr
4720,9055,musr_murder_mysteries_237,musr
4721,9056,musr_murder_mysteries_238,musr
4722,9058,musr_murder_mysteries_240,musr
4723,9060,musr_murder_mysteries_242,musr
4724,9062,musr_murder_mysteries_244,musr
4725,9063,musr_murder_mysteries_245,musr
4726,9067,musr_murder_mysteries_249,musr
4727,9068,musr_object_placements_0,musr
4728,9071,musr_object_placements_3,musr
4729,9072,musr_object_placements_4,musr
4730,9076,musr_object_placements_8,musr
4731,9078,musr_object_placements_10,musr
4732,9080,musr_object_placements_12,musr
4733,9081,musr_object_placements_13,musr
4734,9082,musr_object_placements_14,musr
4735,9084,musr_object_placements_16,musr
4736,9085,musr_object_placements_17,musr
4737,9087,musr_object_placements_19,musr
4738,9088,musr_object_placements_20,musr
4739,9089,musr_object_placements_21,musr
4740,9090,musr_object_placements_22,musr
4741,9091,musr_object_placements_23,musr
4742,9093,musr_object_placements_25,musr
4743,9096,musr_object_placements_28,musr
4744,9097,musr_object_placements_29,musr
4745,9098,musr_object_placements_30,musr
4746,9100,musr_object_placements_32,musr
4747,9101,musr_object_placements_33,musr
4748,9103,musr_object_placements_35,musr
4749,9105,musr_object_placements_37,musr
4750,9106,musr_object_placements_38,musr
4751,9107,musr_object_placements_39,musr
4752,9108,musr_object_placements_40,musr
4753,9111,musr_object_placements_43,musr
4754,9113,musr_object_placements_45,musr
4755,9114,musr_object_placements_46,musr
4756,9116,musr_object_placements_48,musr
4757,9118,musr_object_placements_50,musr
4758,9120,musr_object_placements_52,musr
4759,9123,musr_object_placements_55,musr
4760,9124,musr_object_placements_56,musr
4761,9126,musr_object_placements_58,musr
4762,9127,musr_object_placements_59,musr
4763,9128,musr_object_placements_60,musr
4764,9130,musr_object_placements_62,musr
4765,9132,musr_object_placements_64,musr
4766,9133,musr_object_placements_65,musr
4767,9135,musr_object_placements_67,musr
4768,9136,musr_object_placements_68,musr
4769,9137,musr_object_placements_69,musr
4770,9138,musr_object_placements_70,musr
4771,9141,musr_object_placements_73,musr
4772,9144,musr_object_placements_76,musr
4773,9145,musr_object_placements_77,musr
4774,9148,musr_object_placements_80,musr
4775,9149,musr_object_placements_81,musr
4776,9150,musr_object_placements_82,musr
4777,9151,musr_object_placements_83,musr
4778,9152,musr_object_placements_84,musr
4779,9154,musr_object_placements_86,musr
4780,9159,musr_object_placements_91,musr
4781,9160,musr_object_placements_92,musr
4782,9161,musr_object_placements_93,musr
4783,9163,musr_object_placements_95,musr
4784,9167,musr_object_placements_99,musr
4785,9169,musr_object_placements_101,musr
4786,9170,musr_object_placements_102,musr
4787,9171,musr_object_placements_103,musr
4788,9173,musr_object_placements_105,musr
4789,9177,musr_object_placements_109,musr
4790,9178,musr_object_placements_110,musr
4791,9179,musr_object_placements_111,musr
4792,9181,musr_object_placements_113,musr
4793,9183,musr_object_placements_115,musr
4794,9184,musr_object_placements_116,musr
4795,9185,musr_object_placements_117,musr
4796,9186,musr_object_placements_118,musr
4797,9189,musr_object_placements_121,musr
4798,9190,musr_object_placements_122,musr
4799,9193,musr_object_placements_125,musr
4800,9196,musr_object_placements_128,musr
4801,9197,musr_object_placements_129,musr
4802,9199,musr_object_placements_131,musr
4803,9200,musr_object_placements_132,musr
4804,9203,musr_object_placements_135,musr
4805,9207,musr_object_placements_139,musr
4806,9211,musr_object_placements_143,musr
4807,9215,musr_object_placements_147,musr
4808,9216,musr_object_placements_148,musr
4809,9217,musr_object_placements_149,musr
4810,9218,musr_object_placements_150,musr
4811,9220,musr_object_placements_152,musr
4812,9221,musr_object_placements_153,musr
4813,9223,musr_object_placements_155,musr
4814,9226,musr_object_placements_158,musr
4815,9227,musr_object_placements_159,musr
4816,9229,musr_object_placements_161,musr
4817,9231,musr_object_placements_163,musr
4818,9232,musr_object_placements_164,musr
4819,9233,musr_object_placements_165,musr
4820,9241,musr_object_placements_173,musr
4821,9244,musr_object_placements_176,musr
4822,9245,musr_object_placements_177,musr
4823,9247,musr_object_placements_179,musr
4824,9248,musr_object_placements_180,musr
4825,9249,musr_object_placements_181,musr
4826,9250,musr_object_placements_182,musr
4827,9251,musr_object_placements_183,musr
4828,9253,musr_object_placements_185,musr
4829,9255,musr_object_placements_187,musr
4830,9256,musr_object_placements_188,musr
4831,9260,musr_object_placements_192,musr
4832,9264,musr_object_placements_196,musr
4833,9267,musr_object_placements_199,musr
4834,9270,musr_object_placements_202,musr
4835,9273,musr_object_placements_205,musr
4836,9274,musr_object_placements_206,musr
4837,9276,musr_object_placements_208,musr
4838,9277,musr_object_placements_209,musr
4839,9280,musr_object_placements_212,musr
4840,9289,musr_object_placements_221,musr
4841,9291,musr_object_placements_223,musr
4842,9292,musr_object_placements_224,musr
4843,9293,musr_object_placements_225,musr
4844,9295,musr_object_placements_227,musr
4845,9296,musr_object_placements_228,musr
4846,9299,musr_object_placements_231,musr
4847,9303,musr_object_placements_235,musr
4848,9305,musr_object_placements_237,musr
4849,9306,musr_object_placements_238,musr
4850,9308,musr_object_placements_240,musr
4851,9309,musr_object_placements_241,musr
4852,9310,musr_object_placements_242,musr
4853,9311,musr_object_placements_243,musr
4854,9313,musr_object_placements_245,musr
4855,9314,musr_object_placements_246,musr
4856,9316,musr_object_placements_248,musr
4857,9318,musr_object_placements_250,musr
4858,9321,musr_object_placements_253,musr
4859,9322,musr_object_placements_254,musr
4860,9325,musr_team_allocation_1,musr
4861,9326,musr_team_allocation_2,musr
4862,9328,musr_team_allocation_4,musr
4863,9330,musr_team_allocation_6,musr
4864,9332,musr_team_allocation_8,musr
4865,9334,musr_team_allocation_10,musr
4866,9335,musr_team_allocation_11,musr
4867,9336,musr_team_allocation_12,musr
4868,9338,musr_team_allocation_14,musr
4869,9340,musr_team_allocation_16,musr
4870,9344,musr_team_allocation_20,musr
4871,9345,musr_team_allocation_21,musr
4872,9347,musr_team_allocation_23,musr
4873,9348,musr_team_allocation_24,musr
4874,9349,musr_team_allocation_25,musr
4875,9350,musr_team_allocation_26,musr
4876,9352,musr_team_allocation_28,musr
4877,9353,musr_team_allocation_29,musr
4878,9356,musr_team_allocation_32,musr
4879,9357,musr_team_allocation_33,musr
4880,9361,musr_team_allocation_37,musr
4881,9362,musr_team_allocation_38,musr
4882,9363,musr_team_allocation_39,musr
4883,9364,musr_team_allocation_40,musr
4884,9366,musr_team_allocation_42,musr
4885,9367,musr_team_allocation_43,musr
4886,9370,musr_team_allocation_46,musr
4887,9373,musr_team_allocation_49,musr
4888,9375,musr_team_allocation_51,musr
4889,9376,musr_team_allocation_52,musr
4890,9380,musr_team_allocation_56,musr
4891,9381,musr_team_allocation_57,musr
4892,9382,musr_team_allocation_58,musr
4893,9384,musr_team_allocation_60,musr
4894,9387,musr_team_allocation_63,musr
4895,9388,musr_team_allocation_64,musr
4896,9392,musr_team_allocation_68,musr
4897,9393,musr_team_allocation_69,musr
4898,9394,musr_team_allocation_70,musr
4899,9395,musr_team_allocation_71,musr
4900,9397,musr_team_allocation_73,musr
4901,9398,musr_team_allocation_74,musr
4902,9401,musr_team_allocation_77,musr
4903,9402,musr_team_allocation_78,musr
4904,9403,musr_team_allocation_79,musr
4905,9406,musr_team_allocation_82,musr
4906,9407,musr_team_allocation_83,musr
4907,9409,musr_team_allocation_85,musr
4908,9410,musr_team_allocation_86,musr
4909,9414,musr_team_allocation_90,musr
4910,9415,musr_team_allocation_91,musr
4911,9417,musr_team_allocation_93,musr
4912,9418,musr_team_allocation_94,musr
4913,9421,musr_team_allocation_97,musr
4914,9424,musr_team_allocation_100,musr
4915,9425,musr_team_allocation_101,musr
4916,9427,musr_team_allocation_103,musr
4917,9428,musr_team_allocation_104,musr
4918,9430,musr_team_allocation_106,musr
4919,9431,musr_team_allocation_107,musr
4920,9433,musr_team_allocation_109,musr
4921,9434,musr_team_allocation_110,musr
4922,9435,musr_team_allocation_111,musr
4923,9437,musr_team_allocation_113,musr
4924,9438,musr_team_allocation_114,musr
4925,9439,musr_team_allocation_115,musr
4926,9440,musr_team_allocation_116,musr
4927,9444,musr_team_allocation_120,musr
4928,9445,musr_team_allocation_121,musr
4929,9451,musr_team_allocation_127,musr
4930,9452,musr_team_allocation_128,musr
4931,9453,musr_team_allocation_129,musr
4932,9454,musr_team_allocation_130,musr
4933,9455,musr_team_allocation_131,musr
4934,9457,musr_team_allocation_133,musr
4935,9460,musr_team_allocation_136,musr
4936,9461,musr_team_allocation_137,musr
4937,9462,musr_team_allocation_138,musr
4938,9465,musr_team_allocation_141,musr
4939,9466,musr_team_allocation_142,musr
4940,9467,musr_team_allocation_143,musr
4941,9468,musr_team_allocation_144,musr
4942,9469,musr_team_allocation_145,musr
4943,9470,musr_team_allocation_146,musr
4944,9472,musr_team_allocation_148,musr
4945,9475,musr_team_allocation_151,musr
4946,9476,musr_team_allocation_152,musr
4947,9477,musr_team_allocation_153,musr
4948,9479,musr_team_allocation_155,musr
4949,9480,musr_team_allocation_156,musr
4950,9481,musr_team_allocation_157,musr
4951,9482,musr_team_allocation_158,musr
4952,9483,musr_team_allocation_159,musr
4953,9484,musr_team_allocation_160,musr
4954,9485,musr_team_allocation_161,musr
4955,9486,musr_team_allocation_162,musr
4956,9487,musr_team_allocation_163,musr
4957,9491,musr_team_allocation_167,musr
4958,9493,musr_team_allocation_169,musr
4959,9494,musr_team_allocation_170,musr
4960,9497,musr_team_allocation_173,musr
4961,9501,musr_team_allocation_177,musr
4962,9504,musr_team_allocation_180,musr
4963,9505,musr_team_allocation_181,musr
4964,9512,musr_team_allocation_188,musr
4965,9513,musr_team_allocation_189,musr
4966,9514,musr_team_allocation_190,musr
4967,9515,musr_team_allocation_191,musr
4968,9516,musr_team_allocation_192,musr
4969,9517,musr_team_allocation_193,musr
4970,9520,musr_team_allocation_196,musr
4971,9523,musr_team_allocation_199,musr
4972,9524,musr_team_allocation_200,musr
4973,9526,musr_team_allocation_202,musr
4974,9527,musr_team_allocation_203,musr
4975,9529,musr_team_allocation_205,musr
4976,9530,musr_team_allocation_206,musr
4977,9531,musr_team_allocation_207,musr
4978,9533,musr_team_allocation_209,musr
4979,9534,musr_team_allocation_210,musr
4980,9536,musr_team_allocation_212,musr
4981,9537,musr_team_allocation_213,musr
4982,9542,musr_team_allocation_218,musr
4983,9543,musr_team_allocation_219,musr
4984,9544,musr_team_allocation_220,musr
4985,9545,musr_team_allocation_221,musr
4986,9547,musr_team_allocation_223,musr
4987,9548,musr_team_allocation_224,musr
4988,9551,musr_team_allocation_227,musr
4989,9554,musr_team_allocation_230,musr
4990,9555,musr_team_allocation_231,musr
4991,9556,musr_team_allocation_232,musr
4992,9559,musr_team_allocation_235,musr
4993,9560,musr_team_allocation_236,musr
4994,9561,musr_team_allocation_237,musr
4995,9562,musr_team_allocation_238,musr
4996,9565,musr_team_allocation_241,musr
4997,9566,musr_team_allocation_242,musr
4998,9569,musr_team_allocation_245,musr
4999,9571,musr_team_allocation_247,musr
